2026-09-18T16:51:55.931181Z  INFO herdr::platform::macos: raised server file descriptor soft limit previous=256 target=8192
2026-09-18T16:51:55.931645Z  INFO herdr::api::server: api server listening path=/Users/nathanchoi/.config/herdr/herdr.sock
2026-09-18T16:51:55.932424Z  INFO herdr::persist::io: session file is missing event="persist.restore" subsystem="persist" outcome="missing" path=/Users/nathanchoi/.config/herdr/session.json
2026-09-18T16:51:55.932453Z  INFO herdr::app: using pane scrollback configuration pane_scrollback_limit_bytes=10000000
2026-09-18T16:51:55.956719Z  INFO herdr::logging: checking for updates event="update.check.start" subsystem="update" outcome="started"
2026-09-18T16:51:55.957589Z  INFO herdr::server::headless: client protocol socket listening path=/Users/nathanchoi/.config/herdr/herdr-client.sock
2026-09-18T16:51:55.957675Z  INFO herdr::server::headless::bootstrap: herdr server started api_socket=/Users/nathanchoi/.config/herdr/herdr.sock client_socket=/Users/nathanchoi/.config/herdr/herdr-client.sock
2026-09-18T16:51:55.957835Z  INFO herdr::logging: herdr starting event="app.startup" subsystem="server" outcome="started" pid=41329
2026-09-18T16:51:58.294734Z  INFO herdr::server::headless: client connected client_id=2 cols=100 rows=44 cell_width_px=14 cell_height_px=30 surface_active=true render_encoding=SemanticFrame
2026-09-18T16:51:58.300439Z  INFO herdr::logging: spawning pane terminal event="pane.spawn.start" subsystem="pane" outcome="started" pane_id=1 rows=40 cols=120 scrollback_limit_bytes=10000000
2026-09-18T16:51:58.366807Z  INFO herdr::logging: pane child spawned event="pane.spawned" subsystem="pane" outcome="ok" pane_id=1 pid=41753
2026-09-18T16:51:58.389026Z  INFO herdr::logging: workspace created event="workspace.create" subsystem="workspace" outcome="ok" workspace_id="w1" pane_id=1
2026-09-18T16:51:58.389078Z  INFO herdr::logging: workspace focused event="workspace.focus" subsystem="workspace" outcome="ok" workspace_id="w1"
2026-09-18T16:51:58.389106Z  INFO herdr::logging: tab focused event="tab.focus" subsystem="tab" outcome="ok" workspace_id="w1" tab_id="w1:t1"
2026-09-18T16:52:03.398318Z  INFO herdr::logging: pane child exited event="pane.exit" subsystem="pane" outcome="completed" pane_id=1 status="ExitStatus { code: 127, signal: None }"
2026-09-18T16:52:03.398714Z  INFO herdr::pane: pane session terminated pane=1 pid=41753 signal=Hangup
2026-09-18T16:52:03.398837Z  INFO herdr::logging: spawning pane terminal event="pane.spawn.start" subsystem="pane" outcome="started" pane_id=2 rows=44 cols=100 scrollback_limit_bytes=10000000
2026-09-18T16:52:03.414666Z  INFO herdr::logging: pane child spawned event="pane.spawned" subsystem="pane" outcome="ok" pane_id=2 pid=41969
2026-09-18T16:52:03.415107Z  INFO herdr::logging: workspace created event="workspace.create" subsystem="workspace" outcome="ok" workspace_id="w2" pane_id=2
2026-09-18T16:52:03.415130Z  INFO herdr::logging: workspace focused event="workspace.focus" subsystem="workspace" outcome="ok" workspace_id="w2"
2026-09-18T16:52:03.415145Z  INFO herdr::logging: tab focused event="tab.focus" subsystem="tab" outcome="ok" workspace_id="w2" tab_id="w2:t1"
2026-09-18T16:52:08.428539Z  INFO herdr::logging: session saved event="persist.save" subsystem="persist" outcome="ok" path=/Users/nathanchoi/.config/herdr/session.json workspaces=1
2026-09-18T16:52:15.538657Z  INFO herdr::logging: pane child exited event="pane.exit" subsystem="pane" outcome="completed" pane_id=2 status="ExitStatus { code: 0, signal: None }"
2026-09-18T16:52:15.541210Z  INFO herdr::pane: pane session terminated pane=2 pid=41969 signal=Hangup
2026-09-18T16:52:15.541470Z  INFO herdr::logging: spawning pane terminal event="pane.spawn.start" subsystem="pane" outcome="started" pane_id=3 rows=44 cols=100 scrollback_limit_bytes=10000000
2026-09-18T16:52:15.558478Z  INFO herdr::logging: pane child spawned event="pane.spawned" subsystem="pane" outcome="ok" pane_id=3 pid=43090
2026-09-18T16:52:15.569861Z  INFO herdr::logging: workspace created event="workspace.create" subsystem="workspace" outcome="ok" workspace_id="w3" pane_id=3
2026-09-18T16:52:15.569930Z  INFO herdr::logging: workspace focused event="workspace.focus" subsystem="workspace" outcome="ok" workspace_id="w3"
2026-09-18T16:52:15.569938Z  INFO herdr::logging: tab focused event="tab.focus" subsystem="tab" outcome="ok" workspace_id="w3" tab_id="w3:t1"
2026-09-18T16:52:20.575198Z  INFO herdr::logging: session saved event="persist.save" subsystem="persist" outcome="ok" path=/Users/nathanchoi/.config/herdr/session.json workspaces=1
2026-09-18T17:14:49.420577Z  INFO herdr::server::headless: client detached client_id=2
2026-09-18T21:46:22.658310Z  INFO herdr::logging: checking for updates event="update.check.start" subsystem="update" outcome="started"
2026-09-18T22:16:22.770181Z  INFO herdr::logging: checking for updates event="update.check.start" subsystem="update" outcome="started"
2026-09-18T22:48:24.864479Z  INFO herdr::logging: checking for updates event="update.check.start" subsystem="update" outcome="started"
2026-09-18T23:18:41.235517Z  INFO herdr::logging: checking for updates event="update.check.start" subsystem="update" outcome="started"
2026-09-19T00:39:17.013106Z  INFO herdr::logging: checking for updates event="update.check.start" subsystem="update" outcome="started"
2026-09-19T01:09:16.996786Z  INFO herdr::logging: checking for updates event="update.check.start" subsystem="update" outcome="started"
2026-09-19T01:39:17.017123Z  INFO herdr::logging: checking for updates event="update.check.start" subsystem="update" outcome="started"
2026-09-19T04:02:59.453387Z  INFO herdr::logging: checking for updates event="update.check.start" subsystem="update" outcome="started"
2026-09-19T04:03:02.693650Z  WARN herdr::logging: update check failed event="update.check.complete" subsystem="update" outcome="error" err="failed to fetch Homebrew formula JSON"
2026-09-19T04:03:02.710257Z  WARN herdr::detect::manifest_update: agent detection manifest update failed: failed to fetch https://herdr.dev/agent-detection/index.toml
2026-09-19T04:57:26.633876Z  INFO herdr::logging: checking for updates event="update.check.start" subsystem="update" outcome="started"
2026-09-19T05:27:26.540489Z  INFO herdr::logging: checking for updates event="update.check.start" subsystem="update" outcome="started"
2026-09-19T05:57:26.411005Z  INFO herdr::logging: checking for updates event="update.check.start" subsystem="update" outcome="started"
2026-09-19T06:27:26.374670Z  INFO herdr::logging: checking for updates event="update.check.start" subsystem="update" outcome="started"
2026-09-19T06:57:26.275714Z  INFO herdr::logging: checking for updates event="update.check.start" subsystem="update" outcome="started"
2026-09-19T07:27:26.544138Z  INFO herdr::logging: checking for updates event="update.check.start" subsystem="update" outcome="started"
2026-09-19T07:57:26.736706Z  INFO herdr::logging: checking for updates event="update.check.start" subsystem="update" outcome="started"
2026-09-19T18:28:15.011095Z  INFO herdr::logging: checking for updates event="update.check.start" subsystem="update" outcome="started"
2026-09-20T20:39:29.575610Z  INFO herdr::logging: checking for updates event="update.check.start" subsystem="update" outcome="started"
2026-09-21T15:59:16.142774Z  INFO herdr::logging: checking for updates event="update.check.start" subsystem="update" outcome="started"
2026-09-21T16:29:16.148825Z  INFO herdr::logging: checking for updates event="update.check.start" subsystem="update" outcome="started"
2026-09-21T16:59:16.189414Z  INFO herdr::logging: checking for updates event="update.check.start" subsystem="update" outcome="started"
2026-09-21T17:29:16.179061Z  INFO herdr::logging: checking for updates event="update.check.start" subsystem="update" outcome="started"
2026-09-21T17:59:16.179674Z  INFO herdr::logging: checking for updates event="update.check.start" subsystem="update" outcome="started"
2026-09-21T18:29:16.221122Z  INFO herdr::logging: checking for updates event="update.check.start" subsystem="update" outcome="started"
2026-09-21T18:37:47.287037Z  INFO herdr::server::headless: client connected client_id=4 cols=169 rows=24 cell_width_px=8 cell_height_px=16 surface_active=true render_encoding=SemanticFrame
2026-09-21T18:37:51.029875Z  INFO herdr::logging: pane child exited event="pane.exit" subsystem="pane" outcome="completed" pane_id=3 status="ExitStatus { code: 130, signal: None }"
2026-09-21T18:37:51.031634Z  INFO herdr::pane: pane session terminated pane=3 pid=43090 signal=Hangup
2026-09-21T18:37:51.032036Z  INFO herdr::logging: spawning pane terminal event="pane.spawn.start" subsystem="pane" outcome="started" pane_id=4 rows=24 cols=169 scrollback_limit_bytes=10000000
2026-09-21T18:37:51.052340Z  INFO herdr::logging: pane child spawned event="pane.spawned" subsystem="pane" outcome="ok" pane_id=4 pid=43950
2026-09-21T18:37:51.061885Z  INFO herdr::logging: workspace created event="workspace.create" subsystem="workspace" outcome="ok" workspace_id="w4" pane_id=4
2026-09-21T18:37:51.062016Z  INFO herdr::logging: workspace focused event="workspace.focus" subsystem="workspace" outcome="ok" workspace_id="w4"
2026-09-21T18:37:51.063153Z  INFO herdr::logging: tab focused event="tab.focus" subsystem="tab" outcome="ok" workspace_id="w4" tab_id="w4:t1"
2026-09-21T18:37:55.038740Z  INFO herdr::server::headless: client detached client_id=4
2026-09-21T18:37:56.076060Z  INFO herdr::logging: session saved event="persist.save" subsystem="persist" outcome="ok" path=/Users/nathanchoi/.config/herdr/session.json workspaces=1
2026-09-21T18:39:40.495065Z  INFO herdr::server::headless: client connected client_id=6 cols=169 rows=24 cell_width_px=8 cell_height_px=16 surface_active=true render_encoding=SemanticFrame
2026-09-21T18:39:54.126534Z  INFO herdr::logging: pane child exited event="pane.exit" subsystem="pane" outcome="completed" pane_id=4 status="ExitStatus { code: 0, signal: None }"
2026-09-21T18:39:54.129069Z  INFO herdr::pane: pane session terminated pane=4 pid=43950 signal=Hangup
2026-09-21T18:39:54.130119Z  INFO herdr::logging: spawning pane terminal event="pane.spawn.start" subsystem="pane" outcome="started" pane_id=5 rows=24 cols=169 scrollback_limit_bytes=10000000
2026-09-21T18:39:54.154058Z  INFO herdr::logging: pane child spawned event="pane.spawned" subsystem="pane" outcome="ok" pane_id=5 pid=44155
2026-09-21T18:39:54.154925Z  INFO herdr::logging: workspace created event="workspace.create" subsystem="workspace" outcome="ok" workspace_id="w5" pane_id=5
2026-09-21T18:39:54.154958Z  INFO herdr::logging: workspace focused event="workspace.focus" subsystem="workspace" outcome="ok" workspace_id="w5"
2026-09-21T18:39:54.155168Z  INFO herdr::logging: tab focused event="tab.focus" subsystem="tab" outcome="ok" workspace_id="w5" tab_id="w5:t1"
2026-09-21T18:39:57.521918Z  INFO herdr::server::headless: client detached client_id=6
2026-09-21T18:39:59.186622Z  INFO herdr::logging: session saved event="persist.save" subsystem="persist" outcome="ok" path=/Users/nathanchoi/.config/herdr/session.json workspaces=1
2026-09-21T18:40:30.962051Z  INFO herdr::server::headless: client connected client_id=8 cols=67 rows=29 cell_width_px=7 cell_height_px=15 surface_active=true render_encoding=SemanticFrame
2026-09-21T18:40:48.391984Z  INFO herdr::logging: workspace focused event="workspace.focus" subsystem="workspace" outcome="ok" workspace_id="w5"
2026-09-21T18:40:48.392527Z  INFO herdr::logging: tab focused event="tab.focus" subsystem="tab" outcome="ok" workspace_id="w5" tab_id="w5:t1"
2026-09-21T18:40:53.406900Z  INFO herdr::logging: session saved event="persist.save" subsystem="persist" outcome="ok" path=/Users/nathanchoi/.config/herdr/session.json workspaces=1
2026-09-21T18:41:09.655706Z  INFO herdr::logging: workspace focused event="workspace.focus" subsystem="workspace" outcome="ok" workspace_id="w5"
2026-09-21T18:41:09.656236Z  INFO herdr::logging: tab focused event="tab.focus" subsystem="tab" outcome="ok" workspace_id="w5" tab_id="w5:t1"
2026-09-21T18:41:14.662397Z  INFO herdr::logging: session saved event="persist.save" subsystem="persist" outcome="ok" path=/Users/nathanchoi/.config/herdr/session.json workspaces=1
2026-09-21T18:59:16.194216Z  INFO herdr::logging: checking for updates event="update.check.start" subsystem="update" outcome="started"
2026-09-21T18:59:31.872690Z  INFO herdr::pane: agent changed pane=5 previous_agent=None agent=Some(Codex) process=codex pgid=Some(45490)
2026-09-21T18:59:42.710175Z  INFO herdr::logging: spawning pane terminal event="pane.spawn.start" subsystem="pane" outcome="started" pane_id=6 rows=49 cols=180 scrollback_limit_bytes=10000000
2026-09-21T18:59:42.729956Z  INFO herdr::logging: pane child spawned event="pane.spawned" subsystem="pane" outcome="ok" pane_id=6 pid=45509
2026-09-21T18:59:42.730407Z  INFO herdr::logging: tab renamed event="tab.rename" subsystem="tab" outcome="ok" workspace_id="w5" tab_id="w5:t2"
2026-09-21T18:59:42.730422Z  INFO herdr::logging: tab focused event="tab.focus" subsystem="tab" outcome="ok" workspace_id="w5" tab_id="w5:t2"
2026-09-21T18:59:46.185633Z  INFO herdr::logging: spawning pane terminal event="pane.spawn.start" subsystem="pane" outcome="started" pane_id=7 rows=49 cols=180 scrollback_limit_bytes=10000000
2026-09-21T18:59:46.189865Z  INFO herdr::logging: pane child spawned event="pane.spawned" subsystem="pane" outcome="ok" pane_id=7 pid=45555
2026-09-21T18:59:46.190036Z  INFO herdr::logging: tab focused event="tab.focus" subsystem="tab" outcome="ok" workspace_id="w5" tab_id="w5:t2"
2026-09-21T18:59:46.397117Z  INFO herdr::pane: agent changed pane=5 previous_agent=Some(Codex) agent=None pgid=Some(44155)
2026-09-21T18:59:51.212770Z  INFO herdr::logging: session saved event="persist.save" subsystem="persist" outcome="ok" path=/Users/nathanchoi/.config/herdr/session.json workspaces=1
2026-09-21T18:59:57.930050Z  INFO herdr::logging: pane child exited event="pane.exit" subsystem="pane" outcome="completed" pane_id=7 status="ExitStatus { code: 0, signal: None }"
2026-09-21T18:59:57.930964Z  INFO herdr::pane: pane session terminated pane=7 pid=45555 signal=Hangup
2026-09-21T19:00:02.941492Z  INFO herdr::logging: session saved event="persist.save" subsystem="persist" outcome="ok" path=/Users/nathanchoi/.config/herdr/session.json workspaces=1
2026-09-21T19:00:03.755280Z  INFO herdr::logging: spawning pane terminal event="pane.spawn.start" subsystem="pane" outcome="started" pane_id=8 rows=49 cols=180 scrollback_limit_bytes=10000000
2026-09-21T19:00:03.780866Z  INFO herdr::logging: pane child spawned event="pane.spawned" subsystem="pane" outcome="ok" pane_id=8 pid=45783
2026-09-21T19:00:03.781443Z  INFO herdr::logging: tab focused event="tab.focus" subsystem="tab" outcome="ok" workspace_id="w5" tab_id="w5:t2"
2026-09-21T19:00:08.789633Z  INFO herdr::logging: session saved event="persist.save" subsystem="persist" outcome="ok" path=/Users/nathanchoi/.config/herdr/session.json workspaces=1
2026-09-21T19:00:12.318076Z  INFO herdr::logging: spawning pane terminal event="pane.spawn.start" subsystem="pane" outcome="started" pane_id=9 rows=49 cols=90 scrollback_limit_bytes=10000000
2026-09-21T19:00:12.341456Z  INFO herdr::logging: pane child spawned event="pane.spawned" subsystem="pane" outcome="ok" pane_id=9 pid=45831
2026-09-21T19:00:12.342397Z  INFO herdr::logging: tab focused event="tab.focus" subsystem="tab" outcome="ok" workspace_id="w5" tab_id="w5:t2"
2026-09-21T19:00:17.360088Z  INFO herdr::logging: session saved event="persist.save" subsystem="persist" outcome="ok" path=/Users/nathanchoi/.config/herdr/session.json workspaces=1
2026-09-21T19:00:23.011410Z  INFO herdr::logging: tab focused event="tab.focus" subsystem="tab" outcome="ok" workspace_id="w5" tab_id="w5:t2"
2026-09-21T19:00:23.011476Z  INFO herdr::logging: tab focused event="tab.focus" subsystem="tab" outcome="ok" workspace_id="w5" tab_id="w5:t2"
2026-09-21T19:00:24.914440Z  INFO herdr::logging: tab focused event="tab.focus" subsystem="tab" outcome="ok" workspace_id="w5" tab_id="w5:t2"
2026-09-21T19:00:24.914513Z  INFO herdr::logging: tab focused event="tab.focus" subsystem="tab" outcome="ok" workspace_id="w5" tab_id="w5:t2"
2026-09-21T19:00:29.919360Z  INFO herdr::logging: session saved event="persist.save" subsystem="persist" outcome="ok" path=/Users/nathanchoi/.config/herdr/session.json workspaces=1
2026-09-21T19:29:16.237447Z  INFO herdr::logging: checking for updates event="update.check.start" subsystem="update" outcome="started"
2026-09-21T19:30:29.097660Z  INFO herdr::logging: tab focused event="tab.focus" subsystem="tab" outcome="ok" workspace_id="w5" tab_id="w5:t2"
2026-09-21T19:30:29.790704Z  INFO herdr::logging: tab focused event="tab.focus" subsystem="tab" outcome="ok" workspace_id="w5" tab_id="w5:t2"
2026-09-21T19:30:30.208129Z  INFO herdr::logging: tab focused event="tab.focus" subsystem="tab" outcome="ok" workspace_id="w5" tab_id="w5:t2"
2026-09-21T19:30:35.216288Z  INFO herdr::logging: session saved event="persist.save" subsystem="persist" outcome="ok" path=/Users/nathanchoi/.config/herdr/session.json workspaces=1
2026-09-21T19:30:41.702255Z  INFO herdr::logging: tab focused event="tab.focus" subsystem="tab" outcome="ok" workspace_id="w5" tab_id="w5:t2"
2026-09-21T19:30:41.702445Z  INFO herdr::logging: tab focused event="tab.focus" subsystem="tab" outcome="ok" workspace_id="w5" tab_id="w5:t2"
2026-09-21T19:30:46.867339Z  INFO herdr::logging: session saved event="persist.save" subsystem="persist" outcome="ok" path=/Users/nathanchoi/.config/herdr/session.json workspaces=1
2026-09-21T19:30:52.638629Z  INFO herdr::logging: spawning pane terminal event="pane.spawn.start" subsystem="pane" outcome="started" pane_id=10 rows=49 cols=90 scrollback_limit_bytes=10000000
2026-09-21T19:30:52.654721Z  INFO herdr::logging: pane child spawned event="pane.spawned" subsystem="pane" outcome="ok" pane_id=10 pid=46916
2026-09-21T19:30:52.657473Z  INFO herdr::logging: workspace created event="workspace.create" subsystem="workspace" outcome="ok" workspace_id="w6" pane_id=10
2026-09-21T19:30:52.657504Z  INFO herdr::logging: workspace focused event="workspace.focus" subsystem="workspace" outcome="ok" workspace_id="w6"
2026-09-21T19:30:52.657516Z  INFO herdr::logging: tab focused event="tab.focus" subsystem="tab" outcome="ok" workspace_id="w6" tab_id="w6:t1"
2026-09-21T19:30:57.664985Z  INFO herdr::logging: session saved event="persist.save" subsystem="persist" outcome="ok" path=/Users/nathanchoi/.config/herdr/session.json workspaces=2
2026-09-21T19:32:12.035369Z  INFO herdr::logging: spawning pane terminal event="pane.spawn.start" subsystem="pane" outcome="started" pane_id=11 rows=49 cols=180 scrollback_limit_bytes=10000000
2026-09-21T19:32:12.153887Z  INFO herdr::logging: pane child spawned event="pane.spawned" subsystem="pane" outcome="ok" pane_id=11 pid=47044
2026-09-21T19:32:12.167111Z  INFO herdr::logging: tab focused event="tab.focus" subsystem="tab" outcome="ok" workspace_id="w6" tab_id="w6:t1"
2026-09-21T19:32:17.214537Z  INFO herdr::logging: session saved event="persist.save" subsystem="persist" outcome="ok" path=/Users/nathanchoi/.config/herdr/session.json workspaces=2
2026-09-21T19:36:25.193097Z  INFO herdr::logging: tab focused event="tab.focus" subsystem="tab" outcome="ok" workspace_id="w6" tab_id="w6:t1"
2026-09-21T19:36:30.207128Z  INFO herdr::logging: session saved event="persist.save" subsystem="persist" outcome="ok" path=/Users/nathanchoi/.config/herdr/session.json workspaces=2
2026-09-21T19:38:26.572389Z  INFO herdr::logging: tab focused event="tab.focus" subsystem="tab" outcome="ok" workspace_id="w6" tab_id="w6:t1"
2026-09-21T19:38:26.573051Z  INFO herdr::logging: tab focused event="tab.focus" subsystem="tab" outcome="ok" workspace_id="w6" tab_id="w6:t1"
2026-09-21T19:38:28.662168Z  INFO herdr::logging: tab focused event="tab.focus" subsystem="tab" outcome="ok" workspace_id="w6" tab_id="w6:t1"
2026-09-21T19:38:28.662249Z  INFO herdr::logging: tab focused event="tab.focus" subsystem="tab" outcome="ok" workspace_id="w6" tab_id="w6:t1"
2026-09-21T19:38:29.269735Z  INFO herdr::logging: tab focused event="tab.focus" subsystem="tab" outcome="ok" workspace_id="w6" tab_id="w6:t1"
2026-09-21T19:38:29.269963Z  INFO herdr::logging: tab focused event="tab.focus" subsystem="tab" outcome="ok" workspace_id="w6" tab_id="w6:t1"
2026-09-21T19:38:34.278605Z  INFO herdr::logging: session saved event="persist.save" subsystem="persist" outcome="ok" path=/Users/nathanchoi/.config/herdr/session.json workspaces=2
2026-09-21T19:39:06.323249Z  INFO herdr::logging: tab focused event="tab.focus" subsystem="tab" outcome="ok" workspace_id="w6" tab_id="w6:t1"
2026-09-21T19:39:11.331285Z  INFO herdr::logging: session saved event="persist.save" subsystem="persist" outcome="ok" path=/Users/nathanchoi/.config/herdr/session.json workspaces=2
2026-09-21T19:40:06.921535Z  INFO herdr::logging: tab focused event="tab.focus" subsystem="tab" outcome="ok" workspace_id="w6" tab_id="w6:t1"
2026-09-21T19:40:06.922025Z  INFO herdr::logging: tab focused event="tab.focus" subsystem="tab" outcome="ok" workspace_id="w6" tab_id="w6:t1"
2026-09-21T19:40:07.078300Z  INFO herdr::logging: tab focused event="tab.focus" subsystem="tab" outcome="ok" workspace_id="w6" tab_id="w6:t1"
2026-09-21T19:40:07.078515Z  INFO herdr::logging: tab focused event="tab.focus" subsystem="tab" outcome="ok" workspace_id="w6" tab_id="w6:t1"
2026-09-21T19:40:07.205479Z  INFO herdr::logging: tab focused event="tab.focus" subsystem="tab" outcome="ok" workspace_id="w6" tab_id="w6:t1"
2026-09-21T19:40:07.205738Z  INFO herdr::logging: tab focused event="tab.focus" subsystem="tab" outcome="ok" workspace_id="w6" tab_id="w6:t1"
2026-09-21T19:40:07.321853Z  INFO herdr::logging: tab focused event="tab.focus" subsystem="tab" outcome="ok" workspace_id="w6" tab_id="w6:t1"
2026-09-21T19:40:07.322326Z  INFO herdr::logging: tab focused event="tab.focus" subsystem="tab" outcome="ok" workspace_id="w6" tab_id="w6:t1"
2026-09-21T19:40:08.013581Z  INFO herdr::logging: tab focused event="tab.focus" subsystem="tab" outcome="ok" workspace_id="w6" tab_id="w6:t1"
2026-09-21T19:40:08.014369Z  INFO herdr::logging: tab focused event="tab.focus" subsystem="tab" outcome="ok" workspace_id="w6" tab_id="w6:t1"
2026-09-21T19:40:08.098668Z  INFO herdr::logging: tab focused event="tab.focus" subsystem="tab" outcome="ok" workspace_id="w6" tab_id="w6:t1"
2026-09-21T19:40:08.098893Z  INFO herdr::logging: tab focused event="tab.focus" subsystem="tab" outcome="ok" workspace_id="w6" tab_id="w6:t1"
2026-09-21T19:40:08.233789Z  INFO herdr::logging: tab focused event="tab.focus" subsystem="tab" outcome="ok" workspace_id="w6" tab_id="w6:t1"
2026-09-21T19:40:08.234010Z  INFO herdr::logging: tab focused event="tab.focus" subsystem="tab" outcome="ok" workspace_id="w6" tab_id="w6:t1"
2026-09-21T19:40:08.649383Z  INFO herdr::logging: tab focused event="tab.focus" subsystem="tab" outcome="ok" workspace_id="w6" tab_id="w6:t1"
2026-09-21T19:40:08.649676Z  INFO herdr::logging: tab focused event="tab.focus" subsystem="tab" outcome="ok" workspace_id="w6" tab_id="w6:t1"
2026-09-21T19:40:08.767334Z  INFO herdr::logging: tab focused event="tab.focus" subsystem="tab" outcome="ok" workspace_id="w6" tab_id="w6:t1"
2026-09-21T19:40:08.767438Z  INFO herdr::logging: tab focused event="tab.focus" subsystem="tab" outcome="ok" workspace_id="w6" tab_id="w6:t1"
2026-09-21T19:40:08.828427Z  INFO herdr::logging: tab focused event="tab.focus" subsystem="tab" outcome="ok" workspace_id="w6" tab_id="w6:t1"
2026-09-21T19:40:08.828524Z  INFO herdr::logging: tab focused event="tab.focus" subsystem="tab" outcome="ok" workspace_id="w6" tab_id="w6:t1"
2026-09-21T19:40:08.937271Z  INFO herdr::logging: tab focused event="tab.focus" subsystem="tab" outcome="ok" workspace_id="w6" tab_id="w6:t1"
2026-09-21T19:40:08.937450Z  INFO herdr::logging: tab focused event="tab.focus" subsystem="tab" outcome="ok" workspace_id="w6" tab_id="w6:t1"
2026-09-21T19:40:09.026132Z  INFO herdr::logging: tab focused event="tab.focus" subsystem="tab" outcome="ok" workspace_id="w6" tab_id="w6:t1"
2026-09-21T19:40:09.026270Z  INFO herdr::logging: tab focused event="tab.focus" subsystem="tab" outcome="ok" workspace_id="w6" tab_id="w6:t1"
2026-09-21T19:40:09.108361Z  INFO herdr::logging: tab focused event="tab.focus" subsystem="tab" outcome="ok" workspace_id="w6" tab_id="w6:t1"
2026-09-21T19:40:09.108587Z  INFO herdr::logging: tab focused event="tab.focus" subsystem="tab" outcome="ok" workspace_id="w6" tab_id="w6:t1"
2026-09-21T19:40:09.195348Z  INFO herdr::logging: tab focused event="tab.focus" subsystem="tab" outcome="ok" workspace_id="w6" tab_id="w6:t1"
2026-09-21T19:40:09.195546Z  INFO herdr::logging: tab focused event="tab.focus" subsystem="tab" outcome="ok" workspace_id="w6" tab_id="w6:t1"
2026-09-21T19:40:09.380314Z  INFO herdr::logging: tab focused event="tab.focus" subsystem="tab" outcome="ok" workspace_id="w6" tab_id="w6:t1"
2026-09-21T19:40:09.380529Z  INFO herdr::logging: tab focused event="tab.focus" subsystem="tab" outcome="ok" workspace_id="w6" tab_id="w6:t1"
2026-09-21T19:40:09.480388Z  INFO herdr::logging: tab focused event="tab.focus" subsystem="tab" outcome="ok" workspace_id="w6" tab_id="w6:t1"
2026-09-21T19:40:09.480595Z  INFO herdr::logging: tab focused event="tab.focus" subsystem="tab" outcome="ok" workspace_id="w6" tab_id="w6:t1"
2026-09-21T19:40:09.510341Z  INFO herdr::logging: tab focused event="tab.focus" subsystem="tab" outcome="ok" workspace_id="w6" tab_id="w6:t1"
2026-09-21T19:40:09.510591Z  INFO herdr::logging: tab focused event="tab.focus" subsystem="tab" outcome="ok" workspace_id="w6" tab_id="w6:t1"
2026-09-21T19:40:09.709032Z  INFO herdr::logging: tab focused event="tab.focus" subsystem="tab" outcome="ok" workspace_id="w6" tab_id="w6:t1"
2026-09-21T19:40:09.709225Z  INFO herdr::logging: tab focused event="tab.focus" subsystem="tab" outcome="ok" workspace_id="w6" tab_id="w6:t1"
2026-09-21T19:40:09.734904Z  INFO herdr::logging: tab focused event="tab.focus" subsystem="tab" outcome="ok" workspace_id="w6" tab_id="w6:t1"
2026-09-21T19:40:09.735090Z  INFO herdr::logging: tab focused event="tab.focus" subsystem="tab" outcome="ok" workspace_id="w6" tab_id="w6:t1"
2026-09-21T19:40:09.858012Z  INFO herdr::logging: tab focused event="tab.focus" subsystem="tab" outcome="ok" workspace_id="w6" tab_id="w6:t1"
2026-09-21T19:40:09.858214Z  INFO herdr::logging: tab focused event="tab.focus" subsystem="tab" outcome="ok" workspace_id="w6" tab_id="w6:t1"
2026-09-21T19:40:09.937672Z  INFO herdr::logging: tab focused event="tab.focus" subsystem="tab" outcome="ok" workspace_id="w6" tab_id="w6:t1"
2026-09-21T19:40:09.937872Z  INFO herdr::logging: tab focused event="tab.focus" subsystem="tab" outcome="ok" workspace_id="w6" tab_id="w6:t1"
2026-09-21T19:40:10.020248Z  INFO herdr::logging: tab focused event="tab.focus" subsystem="tab" outcome="ok" workspace_id="w6" tab_id="w6:t1"
2026-09-21T19:40:10.020613Z  INFO herdr::logging: tab focused event="tab.focus" subsystem="tab" outcome="ok" workspace_id="w6" tab_id="w6:t1"
2026-09-21T19:40:10.183768Z  INFO herdr::logging: tab focused event="tab.focus" subsystem="tab" outcome="ok" workspace_id="w6" tab_id="w6:t1"
2026-09-21T19:40:10.183971Z  INFO herdr::logging: tab focused event="tab.focus" subsystem="tab" outcome="ok" workspace_id="w6" tab_id="w6:t1"
2026-09-21T19:40:10.203494Z  INFO herdr::logging: tab focused event="tab.focus" subsystem="tab" outcome="ok" workspace_id="w6" tab_id="w6:t1"
2026-09-21T19:40:10.203700Z  INFO herdr::logging: tab focused event="tab.focus" subsystem="tab" outcome="ok" workspace_id="w6" tab_id="w6:t1"
2026-09-21T19:40:10.304968Z  INFO herdr::logging: tab focused event="tab.focus" subsystem="tab" outcome="ok" workspace_id="w6" tab_id="w6:t1"
2026-09-21T19:40:10.305162Z  INFO herdr::logging: tab focused event="tab.focus" subsystem="tab" outcome="ok" workspace_id="w6" tab_id="w6:t1"
2026-09-21T19:40:10.396419Z  INFO herdr::logging: tab focused event="tab.focus" subsystem="tab" outcome="ok" workspace_id="w6" tab_id="w6:t1"
2026-09-21T19:40:10.396907Z  INFO herdr::logging: tab focused event="tab.focus" subsystem="tab" outcome="ok" workspace_id="w6" tab_id="w6:t1"
2026-09-21T19:40:10.488047Z  INFO herdr::logging: tab focused event="tab.focus" subsystem="tab" outcome="ok" workspace_id="w6" tab_id="w6:t1"
2026-09-21T19:40:10.488210Z  INFO herdr::logging: tab focused event="tab.focus" subsystem="tab" outcome="ok" workspace_id="w6" tab_id="w6:t1"
2026-09-21T19:40:10.563382Z  INFO herdr::logging: tab focused event="tab.focus" subsystem="tab" outcome="ok" workspace_id="w6" tab_id="w6:t1"
2026-09-21T19:40:10.563695Z  INFO herdr::logging: tab focused event="tab.focus" subsystem="tab" outcome="ok" workspace_id="w6" tab_id="w6:t1"
2026-09-21T19:40:10.588900Z  INFO herdr::logging: tab focused event="tab.focus" subsystem="tab" outcome="ok" workspace_id="w6" tab_id="w6:t1"
2026-09-21T19:40:10.589084Z  INFO herdr::logging: tab focused event="tab.focus" subsystem="tab" outcome="ok" workspace_id="w6" tab_id="w6:t1"
2026-09-21T19:40:10.798202Z  INFO herdr::logging: tab focused event="tab.focus" subsystem="tab" outcome="ok" workspace_id="w6" tab_id="w6:t1"
2026-09-21T19:40:10.798412Z  INFO herdr::logging: tab focused event="tab.focus" subsystem="tab" outcome="ok" workspace_id="w6" tab_id="w6:t1"
2026-09-21T19:40:10.937484Z  INFO herdr::logging: tab focused event="tab.focus" subsystem="tab" outcome="ok" workspace_id="w6" tab_id="w6:t1"
2026-09-21T19:40:10.937677Z  INFO herdr::logging: tab focused event="tab.focus" subsystem="tab" outcome="ok" workspace_id="w6" tab_id="w6:t1"
2026-09-21T19:40:11.551771Z  INFO herdr::logging: tab focused event="tab.focus" subsystem="tab" outcome="ok" workspace_id="w6" tab_id="w6:t1"
2026-09-21T19:40:11.551952Z  INFO herdr::logging: tab focused event="tab.focus" subsystem="tab" outcome="ok" workspace_id="w6" tab_id="w6:t1"
2026-09-21T19:40:13.996969Z  INFO herdr::logging: tab focused event="tab.focus" subsystem="tab" outcome="ok" workspace_id="w6" tab_id="w6:t1"
2026-09-21T19:40:13.997598Z  INFO herdr::logging: tab focused event="tab.focus" subsystem="tab" outcome="ok" workspace_id="w6" tab_id="w6:t1"
2026-09-21T19:40:14.342141Z  INFO herdr::logging: tab focused event="tab.focus" subsystem="tab" outcome="ok" workspace_id="w6" tab_id="w6:t1"
2026-09-21T19:40:14.342367Z  INFO herdr::logging: tab focused event="tab.focus" subsystem="tab" outcome="ok" workspace_id="w6" tab_id="w6:t1"
2026-09-21T19:40:19.351665Z  INFO herdr::logging: session saved event="persist.save" subsystem="persist" outcome="ok" path=/Users/nathanchoi/.config/herdr/session.json workspaces=2
2026-09-21T19:40:43.517635Z  INFO herdr::logging: workspace focused event="workspace.focus" subsystem="workspace" outcome="ok" workspace_id="w5"
2026-09-21T19:40:43.518217Z  INFO herdr::logging: tab focused event="tab.focus" subsystem="tab" outcome="ok" workspace_id="w5" tab_id="w5:t2"
2026-09-21T19:40:43.518321Z  INFO herdr::logging: workspace focused event="workspace.focus" subsystem="workspace" outcome="ok" workspace_id="w5"
2026-09-21T19:40:43.518337Z  INFO herdr::logging: tab focused event="tab.focus" subsystem="tab" outcome="ok" workspace_id="w5" tab_id="w5:t2"
2026-09-21T19:40:48.528358Z  INFO herdr::logging: session saved event="persist.save" subsystem="persist" outcome="ok" path=/Users/nathanchoi/.config/herdr/session.json workspaces=2
2026-09-21T19:40:51.240298Z  INFO herdr::logging: workspace focused event="workspace.focus" subsystem="workspace" outcome="ok" workspace_id="w6"
2026-09-21T19:40:51.241645Z  INFO herdr::logging: tab focused event="tab.focus" subsystem="tab" outcome="ok" workspace_id="w6" tab_id="w6:t1"
2026-09-21T19:40:51.241739Z  INFO herdr::logging: workspace focused event="workspace.focus" subsystem="workspace" outcome="ok" workspace_id="w6"
2026-09-21T19:40:51.241757Z  INFO herdr::logging: tab focused event="tab.focus" subsystem="tab" outcome="ok" workspace_id="w6" tab_id="w6:t1"
2026-09-21T19:40:56.248379Z  INFO herdr::logging: session saved event="persist.save" subsystem="persist" outcome="ok" path=/Users/nathanchoi/.config/herdr/session.json workspaces=2
2026-09-21T19:41:19.884701Z  INFO herdr::logging: tab focused event="tab.focus" subsystem="tab" outcome="ok" workspace_id="w6" tab_id="w6:t1"
2026-09-21T19:41:19.890266Z  INFO herdr::logging: tab focused event="tab.focus" subsystem="tab" outcome="ok" workspace_id="w6" tab_id="w6:t1"
2026-09-21T19:41:19.966953Z  INFO herdr::logging: tab focused event="tab.focus" subsystem="tab" outcome="ok" workspace_id="w6" tab_id="w6:t1"
2026-09-21T19:41:19.967169Z  INFO herdr::logging: tab focused event="tab.focus" subsystem="tab" outcome="ok" workspace_id="w6" tab_id="w6:t1"
2026-09-21T19:41:20.063892Z  INFO herdr::logging: tab focused event="tab.focus" subsystem="tab" outcome="ok" workspace_id="w6" tab_id="w6:t1"
2026-09-21T19:41:20.064095Z  INFO herdr::logging: tab focused event="tab.focus" subsystem="tab" outcome="ok" workspace_id="w6" tab_id="w6:t1"
2026-09-21T19:41:20.173678Z  INFO herdr::logging: tab focused event="tab.focus" subsystem="tab" outcome="ok" workspace_id="w6" tab_id="w6:t1"
2026-09-21T19:41:20.173858Z  INFO herdr::logging: tab focused event="tab.focus" subsystem="tab" outcome="ok" workspace_id="w6" tab_id="w6:t1"
2026-09-21T19:41:20.234726Z  INFO herdr::logging: tab focused event="tab.focus" subsystem="tab" outcome="ok" workspace_id="w6" tab_id="w6:t1"
2026-09-21T19:41:20.234905Z  INFO herdr::logging: tab focused event="tab.focus" subsystem="tab" outcome="ok" workspace_id="w6" tab_id="w6:t1"
2026-09-21T19:41:20.346294Z  INFO herdr::logging: tab focused event="tab.focus" subsystem="tab" outcome="ok" workspace_id="w6" tab_id="w6:t1"
2026-09-21T19:41:20.346494Z  INFO herdr::logging: tab focused event="tab.focus" subsystem="tab" outcome="ok" workspace_id="w6" tab_id="w6:t1"
2026-09-21T19:41:20.386332Z  INFO herdr::logging: tab focused event="tab.focus" subsystem="tab" outcome="ok" workspace_id="w6" tab_id="w6:t1"
2026-09-21T19:41:20.386547Z  INFO herdr::logging: tab focused event="tab.focus" subsystem="tab" outcome="ok" workspace_id="w6" tab_id="w6:t1"
2026-09-21T19:41:20.504782Z  INFO herdr::logging: tab focused event="tab.focus" subsystem="tab" outcome="ok" workspace_id="w6" tab_id="w6:t1"
2026-09-21T19:41:20.504939Z  INFO herdr::logging: tab focused event="tab.focus" subsystem="tab" outcome="ok" workspace_id="w6" tab_id="w6:t1"
2026-09-21T19:41:20.610028Z  INFO herdr::logging: tab focused event="tab.focus" subsystem="tab" outcome="ok" workspace_id="w6" tab_id="w6:t1"
2026-09-21T19:41:20.610593Z  INFO herdr::logging: tab focused event="tab.focus" subsystem="tab" outcome="ok" workspace_id="w6" tab_id="w6:t1"
2026-09-21T19:41:20.673283Z  INFO herdr::logging: tab focused event="tab.focus" subsystem="tab" outcome="ok" workspace_id="w6" tab_id="w6:t1"
2026-09-21T19:41:20.673495Z  INFO herdr::logging: tab focused event="tab.focus" subsystem="tab" outcome="ok" workspace_id="w6" tab_id="w6:t1"
2026-09-21T19:41:20.746642Z  INFO herdr::logging: tab focused event="tab.focus" subsystem="tab" outcome="ok" workspace_id="w6" tab_id="w6:t1"
2026-09-21T19:41:20.746827Z  INFO herdr::logging: tab focused event="tab.focus" subsystem="tab" outcome="ok" workspace_id="w6" tab_id="w6:t1"
2026-09-21T19:41:20.850146Z  INFO herdr::logging: tab focused event="tab.focus" subsystem="tab" outcome="ok" workspace_id="w6" tab_id="w6:t1"
2026-09-21T19:41:20.850350Z  INFO herdr::logging: tab focused event="tab.focus" subsystem="tab" outcome="ok" workspace_id="w6" tab_id="w6:t1"
2026-09-21T19:41:20.940273Z  INFO herdr::logging: tab focused event="tab.focus" subsystem="tab" outcome="ok" workspace_id="w6" tab_id="w6:t1"
2026-09-21T19:41:20.940471Z  INFO herdr::logging: tab focused event="tab.focus" subsystem="tab" outcome="ok" workspace_id="w6" tab_id="w6:t1"
2026-09-21T19:41:21.045696Z  INFO herdr::logging: tab focused event="tab.focus" subsystem="tab" outcome="ok" workspace_id="w6" tab_id="w6:t1"
2026-09-21T19:41:21.045968Z  INFO herdr::logging: tab focused event="tab.focus" subsystem="tab" outcome="ok" workspace_id="w6" tab_id="w6:t1"
2026-09-21T19:41:21.090721Z  INFO herdr::logging: tab focused event="tab.focus" subsystem="tab" outcome="ok" workspace_id="w6" tab_id="w6:t1"
2026-09-21T19:41:21.090910Z  INFO herdr::logging: tab focused event="tab.focus" subsystem="tab" outcome="ok" workspace_id="w6" tab_id="w6:t1"
2026-09-21T19:41:24.125157Z  INFO herdr::logging: tab focused event="tab.focus" subsystem="tab" outcome="ok" workspace_id="w6" tab_id="w6:t1"
2026-09-21T19:41:28.507360Z  INFO herdr::logging: tab focused event="tab.focus" subsystem="tab" outcome="ok" workspace_id="w6" tab_id="w6:t1"
2026-09-21T19:41:28.507859Z  INFO herdr::logging: tab focused event="tab.focus" subsystem="tab" outcome="ok" workspace_id="w6" tab_id="w6:t1"
2026-09-21T19:41:33.517202Z  INFO herdr::logging: session saved event="persist.save" subsystem="persist" outcome="ok" path=/Users/nathanchoi/.config/herdr/session.json workspaces=2
2026-09-21T19:41:43.472053Z  INFO herdr::logging: tab focused event="tab.focus" subsystem="tab" outcome="ok" workspace_id="w6" tab_id="w6:t1"
2026-09-21T19:41:43.472660Z  INFO herdr::logging: tab focused event="tab.focus" subsystem="tab" outcome="ok" workspace_id="w6" tab_id="w6:t1"
2026-09-21T19:41:48.480940Z  INFO herdr::logging: session saved event="persist.save" subsystem="persist" outcome="ok" path=/Users/nathanchoi/.config/herdr/session.json workspaces=2
2026-09-21T19:42:44.643190Z  INFO herdr::logging: tab focused event="tab.focus" subsystem="tab" outcome="ok" workspace_id="w6" tab_id="w6:t1"
2026-09-21T19:42:44.644933Z  INFO herdr::logging: tab focused event="tab.focus" subsystem="tab" outcome="ok" workspace_id="w6" tab_id="w6:t1"
2026-09-21T19:42:44.864768Z  INFO herdr::logging: tab focused event="tab.focus" subsystem="tab" outcome="ok" workspace_id="w6" tab_id="w6:t1"
2026-09-21T19:42:44.864974Z  INFO herdr::logging: tab focused event="tab.focus" subsystem="tab" outcome="ok" workspace_id="w6" tab_id="w6:t1"
2026-09-21T19:42:44.965697Z  INFO herdr::logging: tab focused event="tab.focus" subsystem="tab" outcome="ok" workspace_id="w6" tab_id="w6:t1"
2026-09-21T19:42:44.965935Z  INFO herdr::logging: tab focused event="tab.focus" subsystem="tab" outcome="ok" workspace_id="w6" tab_id="w6:t1"
2026-09-21T19:42:45.062137Z  INFO herdr::logging: tab focused event="tab.focus" subsystem="tab" outcome="ok" workspace_id="w6" tab_id="w6:t1"
2026-09-21T19:42:45.062580Z  INFO herdr::logging: tab focused event="tab.focus" subsystem="tab" outcome="ok" workspace_id="w6" tab_id="w6:t1"
2026-09-21T19:42:45.151180Z  INFO herdr::logging: tab focused event="tab.focus" subsystem="tab" outcome="ok" workspace_id="w6" tab_id="w6:t1"
2026-09-21T19:42:45.151440Z  INFO herdr::logging: tab focused event="tab.focus" subsystem="tab" outcome="ok" workspace_id="w6" tab_id="w6:t1"
2026-09-21T19:42:45.239939Z  INFO herdr::logging: tab focused event="tab.focus" subsystem="tab" outcome="ok" workspace_id="w6" tab_id="w6:t1"
2026-09-21T19:42:45.240150Z  INFO herdr::logging: tab focused event="tab.focus" subsystem="tab" outcome="ok" workspace_id="w6" tab_id="w6:t1"
2026-09-21T19:42:45.260768Z  INFO herdr::logging: tab focused event="tab.focus" subsystem="tab" outcome="ok" workspace_id="w6" tab_id="w6:t1"
2026-09-21T19:42:45.260979Z  INFO herdr::logging: tab focused event="tab.focus" subsystem="tab" outcome="ok" workspace_id="w6" tab_id="w6:t1"
2026-09-21T19:42:49.282593Z  INFO herdr::logging: workspace focused event="workspace.focus" subsystem="workspace" outcome="ok" workspace_id="w5"
2026-09-21T19:42:49.282804Z  INFO herdr::logging: tab focused event="tab.focus" subsystem="tab" outcome="ok" workspace_id="w5" tab_id="w5:t2"
2026-09-21T19:42:49.282892Z  INFO herdr::logging: workspace focused event="workspace.focus" subsystem="workspace" outcome="ok" workspace_id="w5"
2026-09-21T19:42:49.282908Z  INFO herdr::logging: tab focused event="tab.focus" subsystem="tab" outcome="ok" workspace_id="w5" tab_id="w5:t2"
2026-09-21T19:42:54.294121Z  INFO herdr::logging: session saved event="persist.save" subsystem="persist" outcome="ok" path=/Users/nathanchoi/.config/herdr/session.json workspaces=2
2026-09-21T19:43:12.139672Z  INFO herdr::logging: tab focused event="tab.focus" subsystem="tab" outcome="ok" workspace_id="w5" tab_id="w5:t2"
2026-09-21T19:43:12.141409Z  INFO herdr::logging: tab focused event="tab.focus" subsystem="tab" outcome="ok" workspace_id="w5" tab_id="w5:t2"
2026-09-21T19:43:17.161063Z  INFO herdr::logging: session saved event="persist.save" subsystem="persist" outcome="ok" path=/Users/nathanchoi/.config/herdr/session.json workspaces=2
2026-09-21T19:43:19.811679Z  INFO herdr::logging: tab focused event="tab.focus" subsystem="tab" outcome="ok" workspace_id="w5" tab_id="w5:t2"
2026-09-21T19:43:19.811938Z  INFO herdr::logging: tab focused event="tab.focus" subsystem="tab" outcome="ok" workspace_id="w5" tab_id="w5:t2"
2026-09-21T19:43:24.814671Z  INFO herdr::logging: session saved event="persist.save" subsystem="persist" outcome="ok" path=/Users/nathanchoi/.config/herdr/session.json workspaces=2
2026-09-21T19:43:42.190227Z  INFO herdr::logging: tab focused event="tab.focus" subsystem="tab" outcome="ok" workspace_id="w5" tab_id="w5:t2"
2026-09-21T19:43:42.190555Z  INFO herdr::logging: tab focused event="tab.focus" subsystem="tab" outcome="ok" workspace_id="w5" tab_id="w5:t2"
2026-09-21T19:43:43.869698Z  INFO herdr::logging: tab focused event="tab.focus" subsystem="tab" outcome="ok" workspace_id="w5" tab_id="w5:t2"
2026-09-21T19:43:43.869739Z  INFO herdr::logging: tab focused event="tab.focus" subsystem="tab" outcome="ok" workspace_id="w5" tab_id="w5:t2"
2026-09-21T19:43:48.717154Z  INFO herdr::logging: tab focused event="tab.focus" subsystem="tab" outcome="ok" workspace_id="w5" tab_id="w5:t1"
2026-09-21T19:43:48.718870Z  INFO herdr::logging: tab focused event="tab.focus" subsystem="tab" outcome="ok" workspace_id="w5" tab_id="w5:t1"
2026-09-21T19:43:51.103197Z  INFO herdr::logging: tab focused event="tab.focus" subsystem="tab" outcome="ok" workspace_id="w5" tab_id="w5:t2"
2026-09-21T19:43:51.103238Z  INFO herdr::logging: tab focused event="tab.focus" subsystem="tab" outcome="ok" workspace_id="w5" tab_id="w5:t2"
2026-09-21T19:43:51.807478Z  INFO herdr::logging: tab focused event="tab.focus" subsystem="tab" outcome="ok" workspace_id="w5" tab_id="w5:t1"
2026-09-21T19:43:51.807740Z  INFO herdr::logging: tab focused event="tab.focus" subsystem="tab" outcome="ok" workspace_id="w5" tab_id="w5:t1"
2026-09-21T19:43:56.092804Z  INFO herdr::pane: agent changed pane=5 previous_agent=None agent=Some(Codex) process=codex pgid=Some(47936)
2026-09-21T19:43:56.812270Z  INFO herdr::logging: session saved event="persist.save" subsystem="persist" outcome="ok" path=/Users/nathanchoi/.config/herdr/session.json workspaces=2
2026-09-21T19:44:03.553301Z  INFO herdr::logging: spawning pane terminal event="pane.spawn.start" subsystem="pane" outcome="started" pane_id=12 rows=50 cols=180 scrollback_limit_bytes=10000000
2026-09-21T19:44:03.576314Z  INFO herdr::logging: pane child spawned event="pane.spawned" subsystem="pane" outcome="ok" pane_id=12 pid=48084
2026-09-21T19:44:03.576512Z  INFO herdr::logging: tab focused event="tab.focus" subsystem="tab" outcome="ok" workspace_id="w5" tab_id="w5:t1"
2026-09-21T19:44:05.056841Z  INFO herdr::logging: spawning pane terminal event="pane.spawn.start" subsystem="pane" outcome="started" pane_id=13 rows=50 cols=90 scrollback_limit_bytes=10000000
2026-09-21T19:44:05.069513Z  INFO herdr::logging: pane child spawned event="pane.spawned" subsystem="pane" outcome="ok" pane_id=13 pid=48180
2026-09-21T19:44:05.069713Z  INFO herdr::logging: tab focused event="tab.focus" subsystem="tab" outcome="ok" workspace_id="w5" tab_id="w5:t1"
2026-09-21T19:44:06.141042Z  INFO herdr::logging: tab focused event="tab.focus" subsystem="tab" outcome="ok" workspace_id="w5" tab_id="w5:t1"
2026-09-21T19:44:06.141071Z  INFO herdr::logging: tab focused event="tab.focus" subsystem="tab" outcome="ok" workspace_id="w5" tab_id="w5:t1"
2026-09-21T19:44:06.972980Z  INFO herdr::logging: spawning pane terminal event="pane.spawn.start" subsystem="pane" outcome="started" pane_id=14 rows=50 cols=90 scrollback_limit_bytes=10000000
2026-09-21T19:44:06.989908Z  INFO herdr::logging: pane child spawned event="pane.spawned" subsystem="pane" outcome="ok" pane_id=14 pid=48208
2026-09-21T19:44:06.990232Z  INFO herdr::logging: tab focused event="tab.focus" subsystem="tab" outcome="ok" workspace_id="w5" tab_id="w5:t1"
2026-09-21T19:44:07.636085Z  INFO herdr::logging: tab focused event="tab.focus" subsystem="tab" outcome="ok" workspace_id="w5" tab_id="w5:t1"
2026-09-21T19:44:07.636210Z  INFO herdr::logging: tab focused event="tab.focus" subsystem="tab" outcome="ok" workspace_id="w5" tab_id="w5:t1"
2026-09-21T19:44:07.798298Z  INFO herdr::logging: tab focused event="tab.focus" subsystem="tab" outcome="ok" workspace_id="w5" tab_id="w5:t1"
2026-09-21T19:44:07.798326Z  INFO herdr::logging: tab focused event="tab.focus" subsystem="tab" outcome="ok" workspace_id="w5" tab_id="w5:t1"
2026-09-21T19:44:07.900821Z  INFO herdr::logging: tab focused event="tab.focus" subsystem="tab" outcome="ok" workspace_id="w5" tab_id="w5:t1"
2026-09-21T19:44:07.900854Z  INFO herdr::logging: tab focused event="tab.focus" subsystem="tab" outcome="ok" workspace_id="w5" tab_id="w5:t1"
2026-09-21T19:44:08.017811Z  INFO herdr::logging: tab focused event="tab.focus" subsystem="tab" outcome="ok" workspace_id="w5" tab_id="w5:t1"
2026-09-21T19:44:08.017829Z  INFO herdr::logging: tab focused event="tab.focus" subsystem="tab" outcome="ok" workspace_id="w5" tab_id="w5:t1"
2026-09-21T19:44:08.339638Z  INFO herdr::logging: tab focused event="tab.focus" subsystem="tab" outcome="ok" workspace_id="w5" tab_id="w5:t1"
2026-09-21T19:44:08.339660Z  INFO herdr::logging: tab focused event="tab.focus" subsystem="tab" outcome="ok" workspace_id="w5" tab_id="w5:t1"
2026-09-21T19:44:08.785162Z  INFO herdr::logging: tab focused event="tab.focus" subsystem="tab" outcome="ok" workspace_id="w5" tab_id="w5:t1"
2026-09-21T19:44:08.785408Z  INFO herdr::logging: tab focused event="tab.focus" subsystem="tab" outcome="ok" workspace_id="w5" tab_id="w5:t1"
2026-09-21T19:44:08.936315Z  INFO herdr::logging: tab focused event="tab.focus" subsystem="tab" outcome="ok" workspace_id="w5" tab_id="w5:t1"
2026-09-21T19:44:08.936356Z  INFO herdr::logging: tab focused event="tab.focus" subsystem="tab" outcome="ok" workspace_id="w5" tab_id="w5:t1"
2026-09-21T19:44:09.010424Z  INFO herdr::logging: tab focused event="tab.focus" subsystem="tab" outcome="ok" workspace_id="w5" tab_id="w5:t1"
2026-09-21T19:44:09.010443Z  INFO herdr::logging: tab focused event="tab.focus" subsystem="tab" outcome="ok" workspace_id="w5" tab_id="w5:t1"
2026-09-21T19:44:09.120181Z  INFO herdr::logging: tab focused event="tab.focus" subsystem="tab" outcome="ok" workspace_id="w5" tab_id="w5:t1"
2026-09-21T19:44:09.120203Z  INFO herdr::logging: tab focused event="tab.focus" subsystem="tab" outcome="ok" workspace_id="w5" tab_id="w5:t1"
2026-09-21T19:44:09.194501Z  INFO herdr::logging: tab focused event="tab.focus" subsystem="tab" outcome="ok" workspace_id="w5" tab_id="w5:t1"
2026-09-21T19:44:09.194603Z  INFO herdr::logging: tab focused event="tab.focus" subsystem="tab" outcome="ok" workspace_id="w5" tab_id="w5:t1"
2026-09-21T19:44:09.296040Z  INFO herdr::logging: tab focused event="tab.focus" subsystem="tab" outcome="ok" workspace_id="w5" tab_id="w5:t1"
2026-09-21T19:44:09.296386Z  INFO herdr::logging: tab focused event="tab.focus" subsystem="tab" outcome="ok" workspace_id="w5" tab_id="w5:t1"
2026-09-21T19:44:09.382492Z  INFO herdr::logging: tab focused event="tab.focus" subsystem="tab" outcome="ok" workspace_id="w5" tab_id="w5:t1"
2026-09-21T19:44:09.383088Z  INFO herdr::logging: tab focused event="tab.focus" subsystem="tab" outcome="ok" workspace_id="w5" tab_id="w5:t1"
2026-09-21T19:44:09.821744Z  INFO herdr::logging: tab focused event="tab.focus" subsystem="tab" outcome="ok" workspace_id="w5" tab_id="w5:t1"
2026-09-21T19:44:09.821772Z  INFO herdr::logging: tab focused event="tab.focus" subsystem="tab" outcome="ok" workspace_id="w5" tab_id="w5:t1"
2026-09-21T19:44:13.051999Z  INFO herdr::logging: tab focused event="tab.focus" subsystem="tab" outcome="ok" workspace_id="w5" tab_id="w5:t1"
2026-09-21T19:44:15.086456Z  INFO herdr::pane: agent changed pane=14 previous_agent=None agent=Some(Codex) process=codex pgid=Some(48404)
2026-09-21T19:44:15.715163Z  INFO herdr::logging: tab focused event="tab.focus" subsystem="tab" outcome="ok" workspace_id="w5" tab_id="w5:t1"
2026-09-21T19:44:15.715195Z  INFO herdr::logging: tab focused event="tab.focus" subsystem="tab" outcome="ok" workspace_id="w5" tab_id="w5:t1"
2026-09-21T19:44:17.185015Z  INFO herdr::pane: agent changed pane=13 previous_agent=None agent=Some(Codex) process=codex pgid=Some(48531)
2026-09-21T19:44:17.198287Z  INFO herdr::logging: tab focused event="tab.focus" subsystem="tab" outcome="ok" workspace_id="w5" tab_id="w5:t1"
2026-09-21T19:44:17.198311Z  INFO herdr::logging: tab focused event="tab.focus" subsystem="tab" outcome="ok" workspace_id="w5" tab_id="w5:t1"
2026-09-21T19:44:18.705663Z  INFO herdr::pane: agent changed pane=12 previous_agent=None agent=Some(Codex) process=codex pgid=Some(48673)
2026-09-21T19:44:20.338573Z  INFO herdr::logging: tab focused event="tab.focus" subsystem="tab" outcome="ok" workspace_id="w5" tab_id="w5:t1"
2026-09-21T19:44:20.338645Z  INFO herdr::logging: tab focused event="tab.focus" subsystem="tab" outcome="ok" workspace_id="w5" tab_id="w5:t1"
2026-09-21T19:44:20.710766Z  INFO herdr::logging: tab focused event="tab.focus" subsystem="tab" outcome="ok" workspace_id="w5" tab_id="w5:t1"
2026-09-21T19:44:20.710800Z  INFO herdr::logging: tab focused event="tab.focus" subsystem="tab" outcome="ok" workspace_id="w5" tab_id="w5:t1"
2026-09-21T19:44:20.947958Z  INFO herdr::logging: tab focused event="tab.focus" subsystem="tab" outcome="ok" workspace_id="w5" tab_id="w5:t1"
2026-09-21T19:44:20.948034Z  INFO herdr::logging: tab focused event="tab.focus" subsystem="tab" outcome="ok" workspace_id="w5" tab_id="w5:t1"
2026-09-21T19:44:21.028707Z  INFO herdr::logging: tab focused event="tab.focus" subsystem="tab" outcome="ok" workspace_id="w5" tab_id="w5:t1"
2026-09-21T19:44:21.028741Z  INFO herdr::logging: tab focused event="tab.focus" subsystem="tab" outcome="ok" workspace_id="w5" tab_id="w5:t1"
2026-09-21T19:44:21.137071Z  INFO herdr::logging: tab focused event="tab.focus" subsystem="tab" outcome="ok" workspace_id="w5" tab_id="w5:t1"
2026-09-21T19:44:21.137092Z  INFO herdr::logging: tab focused event="tab.focus" subsystem="tab" outcome="ok" workspace_id="w5" tab_id="w5:t1"
2026-09-21T19:44:21.222814Z  INFO herdr::logging: tab focused event="tab.focus" subsystem="tab" outcome="ok" workspace_id="w5" tab_id="w5:t1"
2026-09-21T19:44:21.222854Z  INFO herdr::logging: tab focused event="tab.focus" subsystem="tab" outcome="ok" workspace_id="w5" tab_id="w5:t1"
2026-09-21T19:44:21.314901Z  INFO herdr::logging: tab focused event="tab.focus" subsystem="tab" outcome="ok" workspace_id="w5" tab_id="w5:t1"
2026-09-21T19:44:21.314962Z  INFO herdr::logging: tab focused event="tab.focus" subsystem="tab" outcome="ok" workspace_id="w5" tab_id="w5:t1"
2026-09-21T19:44:21.387433Z  INFO herdr::logging: tab focused event="tab.focus" subsystem="tab" outcome="ok" workspace_id="w5" tab_id="w5:t1"
2026-09-21T19:44:21.387514Z  INFO herdr::logging: tab focused event="tab.focus" subsystem="tab" outcome="ok" workspace_id="w5" tab_id="w5:t1"
2026-09-21T19:44:21.474641Z  INFO herdr::logging: tab focused event="tab.focus" subsystem="tab" outcome="ok" workspace_id="w5" tab_id="w5:t1"
2026-09-21T19:44:21.474724Z  INFO herdr::logging: tab focused event="tab.focus" subsystem="tab" outcome="ok" workspace_id="w5" tab_id="w5:t1"
2026-09-21T19:44:21.538122Z  INFO herdr::logging: tab focused event="tab.focus" subsystem="tab" outcome="ok" workspace_id="w5" tab_id="w5:t1"
2026-09-21T19:44:21.538150Z  INFO herdr::logging: tab focused event="tab.focus" subsystem="tab" outcome="ok" workspace_id="w5" tab_id="w5:t1"
2026-09-21T19:44:21.821519Z  INFO herdr::logging: tab focused event="tab.focus" subsystem="tab" outcome="ok" workspace_id="w5" tab_id="w5:t1"
2026-09-21T19:44:21.821554Z  INFO herdr::logging: tab focused event="tab.focus" subsystem="tab" outcome="ok" workspace_id="w5" tab_id="w5:t1"
2026-09-21T19:44:22.255435Z  INFO herdr::logging: tab focused event="tab.focus" subsystem="tab" outcome="ok" workspace_id="w5" tab_id="w5:t1"
2026-09-21T19:44:22.255470Z  INFO herdr::logging: tab focused event="tab.focus" subsystem="tab" outcome="ok" workspace_id="w5" tab_id="w5:t1"
2026-09-21T19:44:22.465581Z  INFO herdr::logging: tab focused event="tab.focus" subsystem="tab" outcome="ok" workspace_id="w5" tab_id="w5:t1"
2026-09-21T19:44:22.465663Z  INFO herdr::logging: tab focused event="tab.focus" subsystem="tab" outcome="ok" workspace_id="w5" tab_id="w5:t1"
2026-09-21T19:44:22.557183Z  INFO herdr::logging: tab focused event="tab.focus" subsystem="tab" outcome="ok" workspace_id="w5" tab_id="w5:t1"
2026-09-21T19:44:22.557243Z  INFO herdr::logging: tab focused event="tab.focus" subsystem="tab" outcome="ok" workspace_id="w5" tab_id="w5:t1"
2026-09-21T19:44:22.648278Z  INFO herdr::logging: tab focused event="tab.focus" subsystem="tab" outcome="ok" workspace_id="w5" tab_id="w5:t1"
2026-09-21T19:44:22.648344Z  INFO herdr::logging: tab focused event="tab.focus" subsystem="tab" outcome="ok" workspace_id="w5" tab_id="w5:t1"
2026-09-21T19:44:22.750140Z  INFO herdr::logging: tab focused event="tab.focus" subsystem="tab" outcome="ok" workspace_id="w5" tab_id="w5:t1"
2026-09-21T19:44:22.750208Z  INFO herdr::logging: tab focused event="tab.focus" subsystem="tab" outcome="ok" workspace_id="w5" tab_id="w5:t1"
2026-09-21T19:44:22.828702Z  INFO herdr::logging: tab focused event="tab.focus" subsystem="tab" outcome="ok" workspace_id="w5" tab_id="w5:t1"
2026-09-21T19:44:22.828764Z  INFO herdr::logging: tab focused event="tab.focus" subsystem="tab" outcome="ok" workspace_id="w5" tab_id="w5:t1"
2026-09-21T19:44:22.932220Z  INFO herdr::logging: tab focused event="tab.focus" subsystem="tab" outcome="ok" workspace_id="w5" tab_id="w5:t1"
2026-09-21T19:44:22.932283Z  INFO herdr::logging: tab focused event="tab.focus" subsystem="tab" outcome="ok" workspace_id="w5" tab_id="w5:t1"
2026-09-21T19:44:23.005657Z  INFO herdr::logging: tab focused event="tab.focus" subsystem="tab" outcome="ok" workspace_id="w5" tab_id="w5:t1"
2026-09-21T19:44:23.005728Z  INFO herdr::logging: tab focused event="tab.focus" subsystem="tab" outcome="ok" workspace_id="w5" tab_id="w5:t1"
2026-09-21T19:44:23.155724Z  INFO herdr::logging: tab focused event="tab.focus" subsystem="tab" outcome="ok" workspace_id="w5" tab_id="w5:t1"
2026-09-21T19:44:23.155780Z  INFO herdr::logging: tab focused event="tab.focus" subsystem="tab" outcome="ok" workspace_id="w5" tab_id="w5:t1"
2026-09-21T19:44:28.183829Z  INFO herdr::logging: session saved event="persist.save" subsystem="persist" outcome="ok" path=/Users/nathanchoi/.config/herdr/session.json workspaces=2
2026-09-21T19:44:52.899240Z  INFO herdr::logging: tab focused event="tab.focus" subsystem="tab" outcome="ok" workspace_id="w5" tab_id="w5:t1"
2026-09-21T19:44:53.240413Z  INFO herdr::logging: tab focused event="tab.focus" subsystem="tab" outcome="ok" workspace_id="w5" tab_id="w5:t1"
2026-09-21T19:44:53.627048Z  INFO herdr::logging: tab focused event="tab.focus" subsystem="tab" outcome="ok" workspace_id="w5" tab_id="w5:t1"
2026-09-21T19:44:53.912066Z  INFO herdr::logging: tab focused event="tab.focus" subsystem="tab" outcome="ok" workspace_id="w5" tab_id="w5:t1"
2026-09-21T19:44:54.320672Z  INFO herdr::logging: tab focused event="tab.focus" subsystem="tab" outcome="ok" workspace_id="w5" tab_id="w5:t1"
2026-09-21T19:44:54.519757Z  INFO herdr::logging: tab focused event="tab.focus" subsystem="tab" outcome="ok" workspace_id="w5" tab_id="w5:t1"
2026-09-21T19:45:00.553492Z  INFO herdr::logging: tab focused event="tab.focus" subsystem="tab" outcome="ok" workspace_id="w5" tab_id="w5:t1"
2026-09-21T19:45:00.837284Z  INFO herdr::logging: tab focused event="tab.focus" subsystem="tab" outcome="ok" workspace_id="w5" tab_id="w5:t1"
2026-09-21T19:45:01.061693Z  INFO herdr::logging: tab focused event="tab.focus" subsystem="tab" outcome="ok" workspace_id="w5" tab_id="w5:t1"
2026-09-21T19:45:01.377055Z  INFO herdr::logging: tab focused event="tab.focus" subsystem="tab" outcome="ok" workspace_id="w5" tab_id="w5:t1"
2026-09-21T19:45:01.645300Z  INFO herdr::logging: tab focused event="tab.focus" subsystem="tab" outcome="ok" workspace_id="w5" tab_id="w5:t1"
2026-09-21T19:45:02.212041Z  INFO herdr::logging: tab focused event="tab.focus" subsystem="tab" outcome="ok" workspace_id="w5" tab_id="w5:t1"
2026-09-21T19:45:02.426748Z  INFO herdr::logging: tab focused event="tab.focus" subsystem="tab" outcome="ok" workspace_id="w5" tab_id="w5:t1"
2026-09-21T19:45:02.805092Z  INFO herdr::logging: tab focused event="tab.focus" subsystem="tab" outcome="ok" workspace_id="w5" tab_id="w5:t1"
2026-09-21T19:45:03.065113Z  INFO herdr::logging: tab focused event="tab.focus" subsystem="tab" outcome="ok" workspace_id="w5" tab_id="w5:t1"
2026-09-21T19:45:03.255912Z  INFO herdr::logging: tab focused event="tab.focus" subsystem="tab" outcome="ok" workspace_id="w5" tab_id="w5:t1"
2026-09-21T19:45:03.463233Z  INFO herdr::logging: tab focused event="tab.focus" subsystem="tab" outcome="ok" workspace_id="w5" tab_id="w5:t1"
2026-09-21T19:45:03.758412Z  INFO herdr::logging: tab focused event="tab.focus" subsystem="tab" outcome="ok" workspace_id="w5" tab_id="w5:t1"
2026-09-21T19:45:04.054505Z  INFO herdr::logging: tab focused event="tab.focus" subsystem="tab" outcome="ok" workspace_id="w5" tab_id="w5:t1"
2026-09-21T19:45:04.252987Z  INFO herdr::logging: tab focused event="tab.focus" subsystem="tab" outcome="ok" workspace_id="w5" tab_id="w5:t1"
2026-09-21T19:45:04.570778Z  INFO herdr::logging: tab focused event="tab.focus" subsystem="tab" outcome="ok" workspace_id="w5" tab_id="w5:t1"
2026-09-21T19:45:04.751341Z  INFO herdr::logging: tab focused event="tab.focus" subsystem="tab" outcome="ok" workspace_id="w5" tab_id="w5:t1"
2026-09-21T19:45:05.299897Z  INFO herdr::logging: tab focused event="tab.focus" subsystem="tab" outcome="ok" workspace_id="w5" tab_id="w5:t1"
2026-09-21T19:45:07.031524Z  INFO herdr::logging: tab focused event="tab.focus" subsystem="tab" outcome="ok" workspace_id="w5" tab_id="w5:t2"
2026-09-21T19:45:07.032827Z  INFO herdr::logging: tab focused event="tab.focus" subsystem="tab" outcome="ok" workspace_id="w5" tab_id="w5:t2"
2026-09-21T19:45:07.430761Z  INFO herdr::logging: tab focused event="tab.focus" subsystem="tab" outcome="ok" workspace_id="w5" tab_id="w5:t1"
2026-09-21T19:45:07.431225Z  INFO herdr::logging: tab focused event="tab.focus" subsystem="tab" outcome="ok" workspace_id="w5" tab_id="w5:t1"
2026-09-21T19:45:12.439421Z  INFO herdr::logging: session saved event="persist.save" subsystem="persist" outcome="ok" path=/Users/nathanchoi/.config/herdr/session.json workspaces=2
2026-09-21T19:45:24.785143Z  INFO herdr::logging: tab renamed event="tab.rename" subsystem="tab" outcome="ok" workspace_id="w5" tab_id="w5:t1"
2026-09-21T19:45:25.943908Z  INFO herdr::logging: tab focused event="tab.focus" subsystem="tab" outcome="ok" workspace_id="w5" tab_id="w5:t2"
2026-09-21T19:45:25.944119Z  INFO herdr::logging: tab focused event="tab.focus" subsystem="tab" outcome="ok" workspace_id="w5" tab_id="w5:t2"
2026-09-21T19:45:26.152822Z  INFO herdr::logging: tab focused event="tab.focus" subsystem="tab" outcome="ok" workspace_id="w5" tab_id="w5:t1"
2026-09-21T19:45:26.153089Z  INFO herdr::logging: tab focused event="tab.focus" subsystem="tab" outcome="ok" workspace_id="w5" tab_id="w5:t1"
2026-09-21T19:45:26.895428Z  INFO herdr::logging: workspace focused event="workspace.focus" subsystem="workspace" outcome="ok" workspace_id="w5"
2026-09-21T19:45:26.895491Z  INFO herdr::logging: tab focused event="tab.focus" subsystem="tab" outcome="ok" workspace_id="w5" tab_id="w5:t1"
2026-09-21T19:45:31.903002Z  INFO herdr::logging: session saved event="persist.save" subsystem="persist" outcome="ok" path=/Users/nathanchoi/.config/herdr/session.json workspaces=2
2026-09-21T19:45:48.728023Z  INFO herdr::logging: workspace renamed event="workspace.rename" subsystem="workspace" outcome="ok" workspace_id="w5"
2026-09-21T19:45:53.732133Z  INFO herdr::logging: session saved event="persist.save" subsystem="persist" outcome="ok" path=/Users/nathanchoi/.config/herdr/session.json workspaces=2
2026-09-21T19:45:54.110441Z  INFO herdr::logging: tab focused event="tab.focus" subsystem="tab" outcome="ok" workspace_id="w5" tab_id="w5:t1"
2026-09-21T19:45:56.195433Z  INFO herdr::logging: tab focused event="tab.focus" subsystem="tab" outcome="ok" workspace_id="w5" tab_id="w5:t1"
2026-09-21T19:45:56.414493Z  INFO herdr::logging: tab focused event="tab.focus" subsystem="tab" outcome="ok" workspace_id="w5" tab_id="w5:t1"
2026-09-21T19:45:56.655178Z  INFO herdr::logging: tab focused event="tab.focus" subsystem="tab" outcome="ok" workspace_id="w5" tab_id="w5:t1"
2026-09-21T19:45:56.837657Z  INFO herdr::logging: tab focused event="tab.focus" subsystem="tab" outcome="ok" workspace_id="w5" tab_id="w5:t1"
2026-09-21T19:45:57.149971Z  INFO herdr::logging: tab focused event="tab.focus" subsystem="tab" outcome="ok" workspace_id="w5" tab_id="w5:t1"
2026-09-21T19:45:57.415096Z  INFO herdr::logging: tab focused event="tab.focus" subsystem="tab" outcome="ok" workspace_id="w5" tab_id="w5:t1"
2026-09-21T19:45:57.808745Z  INFO herdr::logging: tab focused event="tab.focus" subsystem="tab" outcome="ok" workspace_id="w5" tab_id="w5:t1"
2026-09-21T19:45:58.048487Z  INFO herdr::logging: tab focused event="tab.focus" subsystem="tab" outcome="ok" workspace_id="w5" tab_id="w5:t1"
2026-09-21T19:46:00.243951Z  INFO herdr::logging: tab focused event="tab.focus" subsystem="tab" outcome="ok" workspace_id="w5" tab_id="w5:t2"
2026-09-21T19:46:00.244842Z  INFO herdr::logging: tab focused event="tab.focus" subsystem="tab" outcome="ok" workspace_id="w5" tab_id="w5:t2"
2026-09-21T19:46:00.849295Z  INFO herdr::logging: tab focused event="tab.focus" subsystem="tab" outcome="ok" workspace_id="w5" tab_id="w5:t1"
2026-09-21T19:46:00.849398Z  INFO herdr::logging: tab focused event="tab.focus" subsystem="tab" outcome="ok" workspace_id="w5" tab_id="w5:t1"
2026-09-21T19:46:02.269371Z  INFO herdr::logging: workspace focused event="workspace.focus" subsystem="workspace" outcome="ok" workspace_id="w6"
2026-09-21T19:46:02.269634Z  INFO herdr::logging: tab focused event="tab.focus" subsystem="tab" outcome="ok" workspace_id="w6" tab_id="w6:t1"
2026-09-21T19:46:02.269719Z  INFO herdr::logging: workspace focused event="workspace.focus" subsystem="workspace" outcome="ok" workspace_id="w6"
2026-09-21T19:46:02.269734Z  INFO herdr::logging: tab focused event="tab.focus" subsystem="tab" outcome="ok" workspace_id="w6" tab_id="w6:t1"
2026-09-21T19:46:03.050336Z  INFO herdr::logging: tab focused event="tab.focus" subsystem="tab" outcome="ok" workspace_id="w6" tab_id="w6:t1"
2026-09-21T19:46:04.166933Z  INFO herdr::logging: workspace focused event="workspace.focus" subsystem="workspace" outcome="ok" workspace_id="w5"
2026-09-21T19:46:04.167103Z  INFO herdr::logging: tab focused event="tab.focus" subsystem="tab" outcome="ok" workspace_id="w5" tab_id="w5:t1"
2026-09-21T19:46:04.167213Z  INFO herdr::logging: workspace focused event="workspace.focus" subsystem="workspace" outcome="ok" workspace_id="w5"
2026-09-21T19:46:04.167232Z  INFO herdr::logging: tab focused event="tab.focus" subsystem="tab" outcome="ok" workspace_id="w5" tab_id="w5:t1"
2026-09-21T19:46:07.988171Z  INFO herdr::logging: spawning pane terminal event="pane.spawn.start" subsystem="pane" outcome="started" pane_id=15 rows=25 cols=90 scrollback_limit_bytes=10000000
2026-09-21T19:46:08.016143Z  INFO herdr::logging: pane child spawned event="pane.spawned" subsystem="pane" outcome="ok" pane_id=15 pid=49271
2026-09-21T19:46:08.019872Z  INFO herdr::logging: workspace created event="workspace.create" subsystem="workspace" outcome="ok" workspace_id="w7" pane_id=15
2026-09-21T19:46:08.019939Z  INFO herdr::logging: workspace focused event="workspace.focus" subsystem="workspace" outcome="ok" workspace_id="w7"
2026-09-21T19:46:08.019956Z  INFO herdr::logging: tab focused event="tab.focus" subsystem="tab" outcome="ok" workspace_id="w7" tab_id="w7:t1"
2026-09-21T19:46:13.028464Z  INFO herdr::logging: session saved event="persist.save" subsystem="persist" outcome="ok" path=/Users/nathanchoi/.config/herdr/session.json workspaces=3
2026-09-21T19:46:29.074783Z  INFO herdr::logging: workspace focused event="workspace.focus" subsystem="workspace" outcome="ok" workspace_id="w6"
2026-09-21T19:46:29.075013Z  INFO herdr::logging: tab focused event="tab.focus" subsystem="tab" outcome="ok" workspace_id="w6" tab_id="w6:t1"
2026-09-21T19:46:29.075105Z  INFO herdr::logging: workspace focused event="workspace.focus" subsystem="workspace" outcome="ok" workspace_id="w6"
2026-09-21T19:46:29.075126Z  INFO herdr::logging: tab focused event="tab.focus" subsystem="tab" outcome="ok" workspace_id="w6" tab_id="w6:t1"
2026-09-21T19:46:34.089425Z  INFO herdr::logging: session saved event="persist.save" subsystem="persist" outcome="ok" path=/Users/nathanchoi/.config/herdr/session.json workspaces=3
2026-09-21T19:59:16.229098Z  INFO herdr::logging: checking for updates event="update.check.start" subsystem="update" outcome="started"
2026-09-21T20:05:43.607110Z  INFO herdr::logging: workspace focused event="workspace.focus" subsystem="workspace" outcome="ok" workspace_id="w5"
2026-09-21T20:05:43.610258Z  INFO herdr::logging: tab focused event="tab.focus" subsystem="tab" outcome="ok" workspace_id="w5" tab_id="w5:t1"
2026-09-21T20:05:43.610982Z  INFO herdr::logging: workspace focused event="workspace.focus" subsystem="workspace" outcome="ok" workspace_id="w5"
2026-09-21T20:05:43.611118Z  INFO herdr::logging: tab focused event="tab.focus" subsystem="tab" outcome="ok" workspace_id="w5" tab_id="w5:t1"
2026-09-21T20:05:44.181846Z  INFO herdr::logging: workspace focused event="workspace.focus" subsystem="workspace" outcome="ok" workspace_id="w6"
2026-09-21T20:05:44.181910Z  INFO herdr::logging: tab focused event="tab.focus" subsystem="tab" outcome="ok" workspace_id="w6" tab_id="w6:t1"
2026-09-21T20:05:44.181955Z  INFO herdr::logging: workspace focused event="workspace.focus" subsystem="workspace" outcome="ok" workspace_id="w6"
2026-09-21T20:05:44.181970Z  INFO herdr::logging: tab focused event="tab.focus" subsystem="tab" outcome="ok" workspace_id="w6" tab_id="w6:t1"
2026-09-21T20:05:44.575979Z  INFO herdr::logging: workspace focused event="workspace.focus" subsystem="workspace" outcome="ok" workspace_id="w7"
2026-09-21T20:05:44.576127Z  INFO herdr::logging: tab focused event="tab.focus" subsystem="tab" outcome="ok" workspace_id="w7" tab_id="w7:t1"
2026-09-21T20:05:44.576243Z  INFO herdr::logging: workspace focused event="workspace.focus" subsystem="workspace" outcome="ok" workspace_id="w7"
2026-09-21T20:05:44.576285Z  INFO herdr::logging: tab focused event="tab.focus" subsystem="tab" outcome="ok" workspace_id="w7" tab_id="w7:t1"
2026-09-21T20:05:45.591505Z  INFO herdr::logging: workspace focused event="workspace.focus" subsystem="workspace" outcome="ok" workspace_id="w6"
2026-09-21T20:05:45.591576Z  INFO herdr::logging: tab focused event="tab.focus" subsystem="tab" outcome="ok" workspace_id="w6" tab_id="w6:t1"
2026-09-21T20:05:45.591638Z  INFO herdr::logging: workspace focused event="workspace.focus" subsystem="workspace" outcome="ok" workspace_id="w6"
2026-09-21T20:05:45.591689Z  INFO herdr::logging: tab focused event="tab.focus" subsystem="tab" outcome="ok" workspace_id="w6" tab_id="w6:t1"
2026-09-21T20:05:49.189728Z  INFO herdr::logging: workspace focused event="workspace.focus" subsystem="workspace" outcome="ok" workspace_id="w5"
2026-09-21T20:05:49.191335Z  INFO herdr::logging: tab focused event="tab.focus" subsystem="tab" outcome="ok" workspace_id="w5" tab_id="w5:t1"
2026-09-21T20:05:49.191444Z  INFO herdr::logging: workspace focused event="workspace.focus" subsystem="workspace" outcome="ok" workspace_id="w5"
2026-09-21T20:05:49.191461Z  INFO herdr::logging: tab focused event="tab.focus" subsystem="tab" outcome="ok" workspace_id="w5" tab_id="w5:t1"
2026-09-21T20:05:49.545172Z  INFO herdr::logging: workspace focused event="workspace.focus" subsystem="workspace" outcome="ok" workspace_id="w7"
2026-09-21T20:05:49.545336Z  INFO herdr::logging: tab focused event="tab.focus" subsystem="tab" outcome="ok" workspace_id="w7" tab_id="w7:t1"
2026-09-21T20:05:49.545423Z  INFO herdr::logging: workspace focused event="workspace.focus" subsystem="workspace" outcome="ok" workspace_id="w7"
2026-09-21T20:05:49.545441Z  INFO herdr::logging: tab focused event="tab.focus" subsystem="tab" outcome="ok" workspace_id="w7" tab_id="w7:t1"
2026-09-21T20:05:49.903015Z  INFO herdr::logging: workspace focused event="workspace.focus" subsystem="workspace" outcome="ok" workspace_id="w5"
2026-09-21T20:05:49.903189Z  INFO herdr::logging: tab focused event="tab.focus" subsystem="tab" outcome="ok" workspace_id="w5" tab_id="w5:t1"
2026-09-21T20:05:49.903324Z  INFO herdr::logging: workspace focused event="workspace.focus" subsystem="workspace" outcome="ok" workspace_id="w5"
2026-09-21T20:05:49.903338Z  INFO herdr::logging: tab focused event="tab.focus" subsystem="tab" outcome="ok" workspace_id="w5" tab_id="w5:t1"
2026-09-21T20:05:51.234254Z  INFO herdr::logging: workspace focused event="workspace.focus" subsystem="workspace" outcome="ok" workspace_id="w6"
2026-09-21T20:05:51.234394Z  INFO herdr::logging: tab focused event="tab.focus" subsystem="tab" outcome="ok" workspace_id="w6" tab_id="w6:t1"
2026-09-21T20:05:51.234462Z  INFO herdr::logging: workspace focused event="workspace.focus" subsystem="workspace" outcome="ok" workspace_id="w6"
2026-09-21T20:05:51.237305Z  INFO herdr::logging: tab focused event="tab.focus" subsystem="tab" outcome="ok" workspace_id="w6" tab_id="w6:t1"
2026-09-21T20:05:56.306880Z  INFO herdr::logging: session saved event="persist.save" subsystem="persist" outcome="ok" path=/Users/nathanchoi/.config/herdr/session.json workspaces=3
2026-09-21T20:06:03.115266Z  INFO herdr::logging: workspace renamed event="workspace.rename" subsystem="workspace" outcome="ok" workspace_id="w6"
2026-09-21T20:06:08.122707Z  INFO herdr::logging: session saved event="persist.save" subsystem="persist" outcome="ok" path=/Users/nathanchoi/.config/herdr/session.json workspaces=3
2026-09-21T20:06:10.225584Z  INFO herdr::logging: workspace focused event="workspace.focus" subsystem="workspace" outcome="ok" workspace_id="w7"
2026-09-21T20:06:10.226238Z  INFO herdr::logging: tab focused event="tab.focus" subsystem="tab" outcome="ok" workspace_id="w7" tab_id="w7:t1"
2026-09-21T20:06:10.226368Z  INFO herdr::logging: workspace focused event="workspace.focus" subsystem="workspace" outcome="ok" workspace_id="w7"
2026-09-21T20:06:10.226408Z  INFO herdr::logging: tab focused event="tab.focus" subsystem="tab" outcome="ok" workspace_id="w7" tab_id="w7:t1"
2026-09-21T20:06:15.231748Z  INFO herdr::logging: session saved event="persist.save" subsystem="persist" outcome="ok" path=/Users/nathanchoi/.config/herdr/session.json workspaces=3
2026-09-21T20:07:30.101237Z  INFO herdr::logging: workspace focused event="workspace.focus" subsystem="workspace" outcome="ok" workspace_id="w5"
2026-09-21T20:07:30.102760Z  INFO herdr::logging: tab focused event="tab.focus" subsystem="tab" outcome="ok" workspace_id="w5" tab_id="w5:t1"
2026-09-21T20:07:30.103441Z  INFO herdr::logging: workspace focused event="workspace.focus" subsystem="workspace" outcome="ok" workspace_id="w5"
2026-09-21T20:07:30.103467Z  INFO herdr::logging: tab focused event="tab.focus" subsystem="tab" outcome="ok" workspace_id="w5" tab_id="w5:t1"
2026-09-21T20:07:33.915846Z  INFO herdr::logging: tab focused event="tab.focus" subsystem="tab" outcome="ok" workspace_id="w5" tab_id="w5:t1"
2026-09-21T20:07:35.082185Z  INFO herdr::logging: tab focused event="tab.focus" subsystem="tab" outcome="ok" workspace_id="w5" tab_id="w5:t2"
2026-09-21T20:07:35.082486Z  INFO herdr::logging: tab focused event="tab.focus" subsystem="tab" outcome="ok" workspace_id="w5" tab_id="w5:t2"
2026-09-21T20:07:37.795245Z  INFO herdr::logging: tab focused event="tab.focus" subsystem="tab" outcome="ok" workspace_id="w5" tab_id="w5:t1"
2026-09-21T20:07:37.796737Z  INFO herdr::logging: tab focused event="tab.focus" subsystem="tab" outcome="ok" workspace_id="w5" tab_id="w5:t1"
2026-09-21T20:07:39.747616Z  INFO herdr::server::headless: client detached client_id=8
2026-09-21T20:07:42.807590Z  INFO herdr::logging: session saved event="persist.save" subsystem="persist" outcome="ok" path=/Users/nathanchoi/.config/herdr/session.json workspaces=3
2026-09-21T20:07:43.154008Z  INFO herdr::server::headless: client connected client_id=10 cols=180 rows=50 cell_width_px=7 cell_height_px=15 surface_active=true render_encoding=SemanticFrame
2026-09-21T20:07:46.663443Z  INFO herdr::logging: workspace focused event="workspace.focus" subsystem="workspace" outcome="ok" workspace_id="w7"
2026-09-21T20:07:46.665211Z  INFO herdr::logging: tab focused event="tab.focus" subsystem="tab" outcome="ok" workspace_id="w7" tab_id="w7:t1"
2026-09-21T20:07:46.665329Z  INFO herdr::logging: workspace focused event="workspace.focus" subsystem="workspace" outcome="ok" workspace_id="w7"
2026-09-21T20:07:46.665351Z  INFO herdr::logging: tab focused event="tab.focus" subsystem="tab" outcome="ok" workspace_id="w7" tab_id="w7:t1"
2026-09-21T20:07:50.302363Z  INFO herdr::logging: workspace focused event="workspace.focus" subsystem="workspace" outcome="ok" workspace_id="w6"
2026-09-21T20:07:50.302552Z  INFO herdr::logging: tab focused event="tab.focus" subsystem="tab" outcome="ok" workspace_id="w6" tab_id="w6:t1"
2026-09-21T20:07:50.302722Z  INFO herdr::logging: workspace focused event="workspace.focus" subsystem="workspace" outcome="ok" workspace_id="w6"
2026-09-21T20:07:50.302741Z  INFO herdr::logging: tab focused event="tab.focus" subsystem="tab" outcome="ok" workspace_id="w6" tab_id="w6:t1"
2026-09-21T20:07:55.308945Z  INFO herdr::logging: session saved event="persist.save" subsystem="persist" outcome="ok" path=/Users/nathanchoi/.config/herdr/session.json workspaces=3
2026-09-21T20:09:40.761793Z  WARN herdr::config::keybinds: config diagnostic unsafe direct keybinding: keys.previous_workspace = "k" would intercept typing; use "prefix+k" to require the prefix; disabling binding
2026-09-21T20:09:40.762523Z  WARN herdr::config::keybinds: config diagnostic unsafe direct keybinding: keys.next_workspace = "j" would intercept typing; use "prefix+j" to require the prefix; disabling binding
2026-09-21T20:09:40.762747Z  WARN herdr::config::keybinds: config diagnostic unsafe direct keybinding: keys.previous_workspace = "k" would intercept typing; use "prefix+k" to require the prefix; disabling binding
2026-09-21T20:09:40.762769Z  WARN herdr::config::keybinds: config diagnostic unsafe direct keybinding: keys.next_workspace = "j" would intercept typing; use "prefix+j" to require the prefix; disabling binding
2026-09-21T20:09:40.763023Z  WARN herdr::config::keybinds: config diagnostic unsafe direct keybinding: keys.previous_workspace = "k" would intercept typing; use "prefix+k" to require the prefix; disabling binding
2026-09-21T20:09:40.763043Z  WARN herdr::config::keybinds: config diagnostic unsafe direct keybinding: keys.next_workspace = "j" would intercept typing; use "prefix+j" to require the prefix; disabling binding
2026-09-21T20:09:44.720639Z  INFO herdr::logging: tab focused event="tab.focus" subsystem="tab" outcome="ok" workspace_id="w6" tab_id="w6:t1"
2026-09-21T20:09:44.720726Z  INFO herdr::logging: tab focused event="tab.focus" subsystem="tab" outcome="ok" workspace_id="w6" tab_id="w6:t1"
2026-09-21T20:09:48.054110Z  INFO herdr::logging: tab focused event="tab.focus" subsystem="tab" outcome="ok" workspace_id="w6" tab_id="w6:t1"
2026-09-21T20:09:48.054679Z  INFO herdr::logging: tab focused event="tab.focus" subsystem="tab" outcome="ok" workspace_id="w6" tab_id="w6:t1"
2026-09-21T20:09:53.063299Z  INFO herdr::logging: session saved event="persist.save" subsystem="persist" outcome="ok" path=/Users/nathanchoi/.config/herdr/session.json workspaces=3
2026-09-21T20:09:59.345901Z  INFO herdr::logging: tab focused event="tab.focus" subsystem="tab" outcome="ok" workspace_id="w6" tab_id="w6:t1"
2026-09-21T20:10:00.853331Z  INFO herdr::logging: tab focused event="tab.focus" subsystem="tab" outcome="ok" workspace_id="w6" tab_id="w6:t1"
2026-09-21T20:10:05.864262Z  INFO herdr::logging: session saved event="persist.save" subsystem="persist" outcome="ok" path=/Users/nathanchoi/.config/herdr/session.json workspaces=3
2026-09-21T20:10:34.927577Z  INFO herdr::logging: tab focused event="tab.focus" subsystem="tab" outcome="ok" workspace_id="w6" tab_id="w6:t1"
2026-09-21T20:10:34.928293Z  INFO herdr::logging: tab focused event="tab.focus" subsystem="tab" outcome="ok" workspace_id="w6" tab_id="w6:t1"
2026-09-21T20:10:39.940468Z  INFO herdr::logging: session saved event="persist.save" subsystem="persist" outcome="ok" path=/Users/nathanchoi/.config/herdr/session.json workspaces=3
2026-09-21T20:10:43.143421Z  INFO herdr::logging: tab focused event="tab.focus" subsystem="tab" outcome="ok" workspace_id="w6" tab_id="w6:t1"
2026-09-21T20:10:43.143507Z  INFO herdr::logging: tab focused event="tab.focus" subsystem="tab" outcome="ok" workspace_id="w6" tab_id="w6:t1"
2026-09-21T20:10:48.199883Z  INFO herdr::logging: session saved event="persist.save" subsystem="persist" outcome="ok" path=/Users/nathanchoi/.config/herdr/session.json workspaces=3
2026-09-21T20:13:19.457308Z  INFO herdr::logging: workspace focused event="workspace.focus" subsystem="workspace" outcome="ok" workspace_id="w6"
2026-09-21T20:13:19.458175Z  INFO herdr::logging: tab focused event="tab.focus" subsystem="tab" outcome="ok" workspace_id="w6" tab_id="w6:t1"
2026-09-21T20:13:24.468244Z  INFO herdr::logging: session saved event="persist.save" subsystem="persist" outcome="ok" path=/Users/nathanchoi/.config/herdr/session.json workspaces=3
2026-09-21T20:14:29.557453Z  INFO herdr::logging: tab focused event="tab.focus" subsystem="tab" outcome="ok" workspace_id="w6" tab_id="w6:t1"
2026-09-21T20:14:29.559002Z  INFO herdr::logging: tab focused event="tab.focus" subsystem="tab" outcome="ok" workspace_id="w6" tab_id="w6:t1"
2026-09-21T20:14:31.942248Z  INFO herdr::logging: tab focused event="tab.focus" subsystem="tab" outcome="ok" workspace_id="w6" tab_id="w6:t1"
2026-09-21T20:14:31.942486Z  INFO herdr::logging: tab focused event="tab.focus" subsystem="tab" outcome="ok" workspace_id="w6" tab_id="w6:t1"
2026-09-21T20:14:36.949332Z  INFO herdr::logging: session saved event="persist.save" subsystem="persist" outcome="ok" path=/Users/nathanchoi/.config/herdr/session.json workspaces=3
2026-09-21T20:14:38.367693Z  INFO herdr::logging: workspace focused event="workspace.focus" subsystem="workspace" outcome="ok" workspace_id="w7"
2026-09-21T20:14:38.368069Z  INFO herdr::logging: tab focused event="tab.focus" subsystem="tab" outcome="ok" workspace_id="w7" tab_id="w7:t1"
2026-09-21T20:14:38.368405Z  INFO herdr::logging: workspace focused event="workspace.focus" subsystem="workspace" outcome="ok" workspace_id="w7"
2026-09-21T20:14:38.368438Z  INFO herdr::logging: tab focused event="tab.focus" subsystem="tab" outcome="ok" workspace_id="w7" tab_id="w7:t1"
2026-09-21T20:14:41.491534Z  INFO herdr::logging: workspace focused event="workspace.focus" subsystem="workspace" outcome="ok" workspace_id="w6"
2026-09-21T20:14:41.491787Z  INFO herdr::logging: tab focused event="tab.focus" subsystem="tab" outcome="ok" workspace_id="w6" tab_id="w6:t1"
2026-09-21T20:14:41.491876Z  INFO herdr::logging: workspace focused event="workspace.focus" subsystem="workspace" outcome="ok" workspace_id="w6"
2026-09-21T20:14:41.491900Z  INFO herdr::logging: tab focused event="tab.focus" subsystem="tab" outcome="ok" workspace_id="w6" tab_id="w6:t1"
2026-09-21T20:14:46.500397Z  INFO herdr::logging: session saved event="persist.save" subsystem="persist" outcome="ok" path=/Users/nathanchoi/.config/herdr/session.json workspaces=3
2026-09-21T20:14:48.487214Z  INFO herdr::logging: tab focused event="tab.focus" subsystem="tab" outcome="ok" workspace_id="w6" tab_id="w6:t1"
2026-09-21T20:14:48.488108Z  INFO herdr::logging: tab focused event="tab.focus" subsystem="tab" outcome="ok" workspace_id="w6" tab_id="w6:t1"
2026-09-21T20:14:49.163034Z  INFO herdr::logging: tab focused event="tab.focus" subsystem="tab" outcome="ok" workspace_id="w6" tab_id="w6:t1"
2026-09-21T20:14:49.163238Z  INFO herdr::logging: tab focused event="tab.focus" subsystem="tab" outcome="ok" workspace_id="w6" tab_id="w6:t1"
2026-09-21T20:14:54.170877Z  INFO herdr::logging: session saved event="persist.save" subsystem="persist" outcome="ok" path=/Users/nathanchoi/.config/herdr/session.json workspaces=3
2026-09-21T20:15:06.816469Z  INFO herdr::logging: tab focused event="tab.focus" subsystem="tab" outcome="ok" workspace_id="w6" tab_id="w6:t1"
2026-09-21T20:15:06.818328Z  INFO herdr::logging: tab focused event="tab.focus" subsystem="tab" outcome="ok" workspace_id="w6" tab_id="w6:t1"
2026-09-21T20:15:07.096041Z  INFO herdr::logging: tab focused event="tab.focus" subsystem="tab" outcome="ok" workspace_id="w6" tab_id="w6:t1"
2026-09-21T20:15:07.096304Z  INFO herdr::logging: tab focused event="tab.focus" subsystem="tab" outcome="ok" workspace_id="w6" tab_id="w6:t1"
2026-09-21T20:15:07.147028Z  INFO herdr::logging: tab focused event="tab.focus" subsystem="tab" outcome="ok" workspace_id="w6" tab_id="w6:t1"
2026-09-21T20:15:07.147213Z  INFO herdr::logging: tab focused event="tab.focus" subsystem="tab" outcome="ok" workspace_id="w6" tab_id="w6:t1"
2026-09-21T20:15:07.256226Z  INFO herdr::logging: tab focused event="tab.focus" subsystem="tab" outcome="ok" workspace_id="w6" tab_id="w6:t1"
2026-09-21T20:15:07.256445Z  INFO herdr::logging: tab focused event="tab.focus" subsystem="tab" outcome="ok" workspace_id="w6" tab_id="w6:t1"
2026-09-21T20:15:07.341381Z  INFO herdr::logging: tab focused event="tab.focus" subsystem="tab" outcome="ok" workspace_id="w6" tab_id="w6:t1"
2026-09-21T20:15:07.341587Z  INFO herdr::logging: tab focused event="tab.focus" subsystem="tab" outcome="ok" workspace_id="w6" tab_id="w6:t1"
2026-09-21T20:15:07.447444Z  INFO herdr::logging: tab focused event="tab.focus" subsystem="tab" outcome="ok" workspace_id="w6" tab_id="w6:t1"
2026-09-21T20:15:07.447679Z  INFO herdr::logging: tab focused event="tab.focus" subsystem="tab" outcome="ok" workspace_id="w6" tab_id="w6:t1"
2026-09-21T20:15:12.459883Z  INFO herdr::logging: session saved event="persist.save" subsystem="persist" outcome="ok" path=/Users/nathanchoi/.config/herdr/session.json workspaces=3
2026-09-21T20:15:14.210380Z  INFO herdr::logging: tab focused event="tab.focus" subsystem="tab" outcome="ok" workspace_id="w6" tab_id="w6:t1"
2026-09-21T20:15:14.211403Z  INFO herdr::logging: tab focused event="tab.focus" subsystem="tab" outcome="ok" workspace_id="w6" tab_id="w6:t1"
2026-09-21T20:15:14.374108Z  INFO herdr::logging: tab focused event="tab.focus" subsystem="tab" outcome="ok" workspace_id="w6" tab_id="w6:t1"
2026-09-21T20:15:14.374336Z  INFO herdr::logging: tab focused event="tab.focus" subsystem="tab" outcome="ok" workspace_id="w6" tab_id="w6:t1"
2026-09-21T20:15:14.484104Z  INFO herdr::logging: tab focused event="tab.focus" subsystem="tab" outcome="ok" workspace_id="w6" tab_id="w6:t1"
2026-09-21T20:15:14.484348Z  INFO herdr::logging: tab focused event="tab.focus" subsystem="tab" outcome="ok" workspace_id="w6" tab_id="w6:t1"
2026-09-21T20:15:14.571903Z  INFO herdr::logging: tab focused event="tab.focus" subsystem="tab" outcome="ok" workspace_id="w6" tab_id="w6:t1"
2026-09-21T20:15:14.572108Z  INFO herdr::logging: tab focused event="tab.focus" subsystem="tab" outcome="ok" workspace_id="w6" tab_id="w6:t1"
2026-09-21T20:15:14.656220Z  INFO herdr::logging: tab focused event="tab.focus" subsystem="tab" outcome="ok" workspace_id="w6" tab_id="w6:t1"
2026-09-21T20:15:14.657075Z  INFO herdr::logging: tab focused event="tab.focus" subsystem="tab" outcome="ok" workspace_id="w6" tab_id="w6:t1"
2026-09-21T20:15:14.722816Z  INFO herdr::logging: tab focused event="tab.focus" subsystem="tab" outcome="ok" workspace_id="w6" tab_id="w6:t1"
2026-09-21T20:15:14.723010Z  INFO herdr::logging: tab focused event="tab.focus" subsystem="tab" outcome="ok" workspace_id="w6" tab_id="w6:t1"
2026-09-21T20:15:14.811692Z  INFO herdr::logging: tab focused event="tab.focus" subsystem="tab" outcome="ok" workspace_id="w6" tab_id="w6:t1"
2026-09-21T20:15:14.811965Z  INFO herdr::logging: tab focused event="tab.focus" subsystem="tab" outcome="ok" workspace_id="w6" tab_id="w6:t1"
2026-09-21T20:15:14.917006Z  INFO herdr::logging: tab focused event="tab.focus" subsystem="tab" outcome="ok" workspace_id="w6" tab_id="w6:t1"
2026-09-21T20:15:14.917241Z  INFO herdr::logging: tab focused event="tab.focus" subsystem="tab" outcome="ok" workspace_id="w6" tab_id="w6:t1"
2026-09-21T20:15:15.035588Z  INFO herdr::logging: tab focused event="tab.focus" subsystem="tab" outcome="ok" workspace_id="w6" tab_id="w6:t1"
2026-09-21T20:15:15.035688Z  INFO herdr::logging: tab focused event="tab.focus" subsystem="tab" outcome="ok" workspace_id="w6" tab_id="w6:t1"
2026-09-21T20:15:15.112059Z  INFO herdr::logging: tab focused event="tab.focus" subsystem="tab" outcome="ok" workspace_id="w6" tab_id="w6:t1"
2026-09-21T20:15:15.112244Z  INFO herdr::logging: tab focused event="tab.focus" subsystem="tab" outcome="ok" workspace_id="w6" tab_id="w6:t1"
2026-09-21T20:15:15.848524Z  INFO herdr::logging: tab focused event="tab.focus" subsystem="tab" outcome="ok" workspace_id="w6" tab_id="w6:t1"
2026-09-21T20:15:15.849052Z  INFO herdr::logging: tab focused event="tab.focus" subsystem="tab" outcome="ok" workspace_id="w6" tab_id="w6:t1"
2026-09-21T20:15:16.209159Z  INFO herdr::logging: tab focused event="tab.focus" subsystem="tab" outcome="ok" workspace_id="w6" tab_id="w6:t1"
2026-09-21T20:15:16.209392Z  INFO herdr::logging: tab focused event="tab.focus" subsystem="tab" outcome="ok" workspace_id="w6" tab_id="w6:t1"
2026-09-21T20:15:17.347541Z  INFO herdr::logging: tab focused event="tab.focus" subsystem="tab" outcome="ok" workspace_id="w6" tab_id="w6:t1"
2026-09-21T20:15:17.347785Z  INFO herdr::logging: tab focused event="tab.focus" subsystem="tab" outcome="ok" workspace_id="w6" tab_id="w6:t1"
2026-09-21T20:15:17.451585Z  INFO herdr::logging: tab focused event="tab.focus" subsystem="tab" outcome="ok" workspace_id="w6" tab_id="w6:t1"
2026-09-21T20:15:17.451810Z  INFO herdr::logging: tab focused event="tab.focus" subsystem="tab" outcome="ok" workspace_id="w6" tab_id="w6:t1"
2026-09-21T20:15:17.540511Z  INFO herdr::logging: tab focused event="tab.focus" subsystem="tab" outcome="ok" workspace_id="w6" tab_id="w6:t1"
2026-09-21T20:15:17.540752Z  INFO herdr::logging: tab focused event="tab.focus" subsystem="tab" outcome="ok" workspace_id="w6" tab_id="w6:t1"
2026-09-21T20:15:17.659921Z  INFO herdr::logging: tab focused event="tab.focus" subsystem="tab" outcome="ok" workspace_id="w6" tab_id="w6:t1"
2026-09-21T20:15:17.660181Z  INFO herdr::logging: tab focused event="tab.focus" subsystem="tab" outcome="ok" workspace_id="w6" tab_id="w6:t1"
2026-09-21T20:15:17.857023Z  INFO herdr::logging: tab focused event="tab.focus" subsystem="tab" outcome="ok" workspace_id="w6" tab_id="w6:t1"
2026-09-21T20:15:17.857257Z  INFO herdr::logging: tab focused event="tab.focus" subsystem="tab" outcome="ok" workspace_id="w6" tab_id="w6:t1"
2026-09-21T20:15:18.200682Z  INFO herdr::logging: tab focused event="tab.focus" subsystem="tab" outcome="ok" workspace_id="w6" tab_id="w6:t1"
2026-09-21T20:15:18.200872Z  INFO herdr::logging: tab focused event="tab.focus" subsystem="tab" outcome="ok" workspace_id="w6" tab_id="w6:t1"
2026-09-21T20:15:18.625458Z  INFO herdr::logging: tab focused event="tab.focus" subsystem="tab" outcome="ok" workspace_id="w6" tab_id="w6:t1"
2026-09-21T20:15:18.625661Z  INFO herdr::logging: tab focused event="tab.focus" subsystem="tab" outcome="ok" workspace_id="w6" tab_id="w6:t1"
2026-09-21T20:15:18.917326Z  INFO herdr::logging: tab focused event="tab.focus" subsystem="tab" outcome="ok" workspace_id="w6" tab_id="w6:t1"
2026-09-21T20:15:18.917422Z  INFO herdr::logging: tab focused event="tab.focus" subsystem="tab" outcome="ok" workspace_id="w6" tab_id="w6:t1"
2026-09-21T20:15:27.804539Z  INFO herdr::logging: session saved event="persist.save" subsystem="persist" outcome="ok" path=/Users/nathanchoi/.config/herdr/session.json workspaces=3
2026-09-21T20:15:53.496244Z  INFO herdr::logging: tab focused event="tab.focus" subsystem="tab" outcome="ok" workspace_id="w6" tab_id="w6:t1"
2026-09-21T20:15:53.498048Z  INFO herdr::logging: tab focused event="tab.focus" subsystem="tab" outcome="ok" workspace_id="w6" tab_id="w6:t1"
2026-09-21T20:15:54.021125Z  INFO herdr::logging: tab focused event="tab.focus" subsystem="tab" outcome="ok" workspace_id="w6" tab_id="w6:t1"
2026-09-21T20:15:54.021332Z  INFO herdr::logging: tab focused event="tab.focus" subsystem="tab" outcome="ok" workspace_id="w6" tab_id="w6:t1"
2026-09-21T20:15:54.146636Z  INFO herdr::logging: tab focused event="tab.focus" subsystem="tab" outcome="ok" workspace_id="w6" tab_id="w6:t1"
2026-09-21T20:15:54.146846Z  INFO herdr::logging: tab focused event="tab.focus" subsystem="tab" outcome="ok" workspace_id="w6" tab_id="w6:t1"
2026-09-21T20:15:54.248679Z  INFO herdr::logging: tab focused event="tab.focus" subsystem="tab" outcome="ok" workspace_id="w6" tab_id="w6:t1"
2026-09-21T20:15:54.248933Z  INFO herdr::logging: tab focused event="tab.focus" subsystem="tab" outcome="ok" workspace_id="w6" tab_id="w6:t1"
2026-09-21T20:15:54.295930Z  INFO herdr::logging: tab focused event="tab.focus" subsystem="tab" outcome="ok" workspace_id="w6" tab_id="w6:t1"
2026-09-21T20:15:54.296550Z  INFO herdr::logging: tab focused event="tab.focus" subsystem="tab" outcome="ok" workspace_id="w6" tab_id="w6:t1"
2026-09-21T20:15:55.345690Z  INFO herdr::logging: tab focused event="tab.focus" subsystem="tab" outcome="ok" workspace_id="w6" tab_id="w6:t1"
2026-09-21T20:15:55.346081Z  INFO herdr::logging: tab focused event="tab.focus" subsystem="tab" outcome="ok" workspace_id="w6" tab_id="w6:t1"
2026-09-21T20:15:56.629340Z  INFO herdr::logging: tab focused event="tab.focus" subsystem="tab" outcome="ok" workspace_id="w6" tab_id="w6:t1"
2026-09-21T20:15:56.629577Z  INFO herdr::logging: tab focused event="tab.focus" subsystem="tab" outcome="ok" workspace_id="w6" tab_id="w6:t1"
2026-09-21T20:16:00.346946Z  INFO herdr::logging: workspace focused event="workspace.focus" subsystem="workspace" outcome="ok" workspace_id="w5"
2026-09-21T20:16:00.347188Z  INFO herdr::logging: tab focused event="tab.focus" subsystem="tab" outcome="ok" workspace_id="w5" tab_id="w5:t1"
2026-09-21T20:16:00.347249Z  INFO herdr::logging: workspace focused event="workspace.focus" subsystem="workspace" outcome="ok" workspace_id="w5"
2026-09-21T20:16:00.347266Z  INFO herdr::logging: tab focused event="tab.focus" subsystem="tab" outcome="ok" workspace_id="w5" tab_id="w5:t1"
2026-09-21T20:16:04.943202Z  INFO herdr::logging: workspace focused event="workspace.focus" subsystem="workspace" outcome="ok" workspace_id="w7"
2026-09-21T20:16:04.943434Z  INFO herdr::logging: tab focused event="tab.focus" subsystem="tab" outcome="ok" workspace_id="w7" tab_id="w7:t1"
2026-09-21T20:16:04.943560Z  INFO herdr::logging: workspace focused event="workspace.focus" subsystem="workspace" outcome="ok" workspace_id="w7"
2026-09-21T20:16:04.943596Z  INFO herdr::logging: tab focused event="tab.focus" subsystem="tab" outcome="ok" workspace_id="w7" tab_id="w7:t1"
2026-09-21T20:16:09.951880Z  INFO herdr::logging: session saved event="persist.save" subsystem="persist" outcome="ok" path=/Users/nathanchoi/.config/herdr/session.json workspaces=3
2026-09-21T20:16:11.492432Z  INFO herdr::pane: agent changed pane=15 previous_agent=None agent=Some(Codex) process=codex pgid=Some(57212)
2026-09-21T20:22:46.652868Z  INFO herdr::logging: spawning pane terminal event="pane.spawn.start" subsystem="pane" outcome="started" pane_id=16 rows=61 cols=210 scrollback_limit_bytes=10000000
2026-09-21T20:22:46.711560Z  INFO herdr::logging: pane child spawned event="pane.spawned" subsystem="pane" outcome="ok" pane_id=16 pid=59023
2026-09-21T20:22:46.712601Z  INFO herdr::logging: tab focused event="tab.focus" subsystem="tab" outcome="ok" workspace_id="w7" tab_id="w7:t1"
2026-09-21T20:22:50.288422Z  INFO herdr::pane: agent changed pane=16 previous_agent=None agent=Some(Codex) process=codex pgid=Some(59052)
2026-09-21T20:22:51.750769Z  INFO herdr::logging: session saved event="persist.save" subsystem="persist" outcome="ok" path=/Users/nathanchoi/.config/herdr/session.json workspaces=3
2026-09-21T20:23:10.161849Z  INFO herdr::logging: tab focused event="tab.focus" subsystem="tab" outcome="ok" workspace_id="w7" tab_id="w7:t1"
2026-09-21T20:23:10.162072Z  INFO herdr::logging: tab focused event="tab.focus" subsystem="tab" outcome="ok" workspace_id="w7" tab_id="w7:t1"
2026-09-21T20:23:15.167302Z  INFO herdr::logging: session saved event="persist.save" subsystem="persist" outcome="ok" path=/Users/nathanchoi/.config/herdr/session.json workspaces=3
2026-09-21T20:23:45.361901Z  INFO herdr::logging: tab focused event="tab.focus" subsystem="tab" outcome="ok" workspace_id="w7" tab_id="w7:t1"
2026-09-21T20:23:45.362489Z  INFO herdr::logging: tab focused event="tab.focus" subsystem="tab" outcome="ok" workspace_id="w7" tab_id="w7:t1"
2026-09-21T20:23:49.555088Z  INFO herdr::pane: agent changed pane=16 previous_agent=Some(Codex) agent=None pgid=Some(59023)
2026-09-21T20:23:50.372888Z  INFO herdr::logging: session saved event="persist.save" subsystem="persist" outcome="ok" path=/Users/nathanchoi/.config/herdr/session.json workspaces=3
2026-09-21T20:23:56.092488Z  INFO herdr::pane: agent changed pane=16 previous_agent=None agent=Some(Codex) process=codex pgid=Some(59548)
2026-09-21T20:24:53.351140Z  INFO herdr::logging: tab focused event="tab.focus" subsystem="tab" outcome="ok" workspace_id="w7" tab_id="w7:t1"
2026-09-21T20:24:53.353044Z  INFO herdr::logging: tab focused event="tab.focus" subsystem="tab" outcome="ok" workspace_id="w7" tab_id="w7:t1"
2026-09-21T20:24:58.361506Z  INFO herdr::logging: session saved event="persist.save" subsystem="persist" outcome="ok" path=/Users/nathanchoi/.config/herdr/session.json workspaces=3
2026-09-21T20:25:05.163058Z  INFO herdr::logging: tab focused event="tab.focus" subsystem="tab" outcome="ok" workspace_id="w7" tab_id="w7:t1"
2026-09-21T20:25:05.163329Z  INFO herdr::logging: tab focused event="tab.focus" subsystem="tab" outcome="ok" workspace_id="w7" tab_id="w7:t1"
2026-09-21T20:25:06.806601Z  INFO herdr::logging: tab focused event="tab.focus" subsystem="tab" outcome="ok" workspace_id="w7" tab_id="w7:t1"
2026-09-21T20:25:06.806698Z  INFO herdr::logging: tab focused event="tab.focus" subsystem="tab" outcome="ok" workspace_id="w7" tab_id="w7:t1"
2026-09-21T20:25:11.812926Z  INFO herdr::logging: session saved event="persist.save" subsystem="persist" outcome="ok" path=/Users/nathanchoi/.config/herdr/session.json workspaces=3
2026-09-21T20:25:24.751780Z  INFO herdr::logging: tab focused event="tab.focus" subsystem="tab" outcome="ok" workspace_id="w7" tab_id="w7:t1"
2026-09-21T20:25:24.753351Z  INFO herdr::logging: tab focused event="tab.focus" subsystem="tab" outcome="ok" workspace_id="w7" tab_id="w7:t1"
2026-09-21T20:25:29.760357Z  INFO herdr::logging: session saved event="persist.save" subsystem="persist" outcome="ok" path=/Users/nathanchoi/.config/herdr/session.json workspaces=3
2026-09-21T20:26:48.982730Z  INFO herdr::logging: tab focused event="tab.focus" subsystem="tab" outcome="ok" workspace_id="w7" tab_id="w7:t1"
2026-09-21T20:26:53.999287Z  INFO herdr::logging: session saved event="persist.save" subsystem="persist" outcome="ok" path=/Users/nathanchoi/.config/herdr/session.json workspaces=3
2026-09-21T20:27:20.099845Z  INFO herdr::logging: tab focused event="tab.focus" subsystem="tab" outcome="ok" workspace_id="w7" tab_id="w7:t1"
2026-09-21T20:27:22.400906Z  INFO herdr::logging: tab focused event="tab.focus" subsystem="tab" outcome="ok" workspace_id="w7" tab_id="w7:t1"
2026-09-21T20:27:27.408892Z  INFO herdr::logging: session saved event="persist.save" subsystem="persist" outcome="ok" path=/Users/nathanchoi/.config/herdr/session.json workspaces=3
2026-09-21T20:27:45.466973Z  INFO herdr::logging: tab focused event="tab.focus" subsystem="tab" outcome="ok" workspace_id="w7" tab_id="w7:t1"
2026-09-21T20:27:50.277690Z  INFO herdr::logging: tab focused event="tab.focus" subsystem="tab" outcome="ok" workspace_id="w7" tab_id="w7:t1"
2026-09-21T20:27:55.285951Z  INFO herdr::logging: session saved event="persist.save" subsystem="persist" outcome="ok" path=/Users/nathanchoi/.config/herdr/session.json workspaces=3
2026-09-21T20:28:08.414425Z  INFO herdr::logging: tab focused event="tab.focus" subsystem="tab" outcome="ok" workspace_id="w7" tab_id="w7:t1"
2026-09-21T20:28:13.418298Z  INFO herdr::logging: session saved event="persist.save" subsystem="persist" outcome="ok" path=/Users/nathanchoi/.config/herdr/session.json workspaces=3
2026-09-21T20:28:32.779731Z  INFO herdr::logging: tab focused event="tab.focus" subsystem="tab" outcome="ok" workspace_id="w7" tab_id="w7:t1"
2026-09-21T20:28:37.792085Z  INFO herdr::logging: session saved event="persist.save" subsystem="persist" outcome="ok" path=/Users/nathanchoi/.config/herdr/session.json workspaces=3
2026-09-21T20:29:14.355725Z  INFO herdr::logging: tab focused event="tab.focus" subsystem="tab" outcome="ok" workspace_id="w7" tab_id="w7:t1"
2026-09-21T20:29:16.251558Z  INFO herdr::logging: checking for updates event="update.check.start" subsystem="update" outcome="started"
2026-09-21T20:29:19.363306Z  INFO herdr::logging: session saved event="persist.save" subsystem="persist" outcome="ok" path=/Users/nathanchoi/.config/herdr/session.json workspaces=3
2026-09-21T20:42:35.536317Z  INFO herdr::logging: tab focused event="tab.focus" subsystem="tab" outcome="ok" workspace_id="w7" tab_id="w7:t1"
2026-09-21T20:42:40.553477Z  INFO herdr::logging: session saved event="persist.save" subsystem="persist" outcome="ok" path=/Users/nathanchoi/.config/herdr/session.json workspaces=3
2026-09-21T20:42:41.956503Z  INFO herdr::logging: spawning pane terminal event="pane.spawn.start" subsystem="pane" outcome="started" pane_id=17 rows=61 cols=105 scrollback_limit_bytes=10000000
2026-09-21T20:42:42.011099Z  INFO herdr::logging: pane child spawned event="pane.spawned" subsystem="pane" outcome="ok" pane_id=17 pid=60437
2026-09-21T20:42:42.012301Z  INFO herdr::logging: tab renamed event="tab.rename" subsystem="tab" outcome="ok" workspace_id="w7" tab_id="w7:t2"
2026-09-21T20:42:42.012343Z  INFO herdr::logging: tab focused event="tab.focus" subsystem="tab" outcome="ok" workspace_id="w7" tab_id="w7:t2"
2026-09-21T20:42:42.982904Z  INFO herdr::logging: tab focused event="tab.focus" subsystem="tab" outcome="ok" workspace_id="w7" tab_id="w7:t1"
2026-09-21T20:42:42.983024Z  INFO herdr::logging: tab focused event="tab.focus" subsystem="tab" outcome="ok" workspace_id="w7" tab_id="w7:t1"
2026-09-21T20:42:43.854387Z  INFO herdr::logging: tab focused event="tab.focus" subsystem="tab" outcome="ok" workspace_id="w7" tab_id="w7:t2"
2026-09-21T20:42:43.854667Z  INFO herdr::logging: tab focused event="tab.focus" subsystem="tab" outcome="ok" workspace_id="w7" tab_id="w7:t2"
2026-09-21T20:42:44.915590Z  INFO herdr::logging: tab focused event="tab.focus" subsystem="tab" outcome="ok" workspace_id="w7" tab_id="w7:t1"
2026-09-21T20:42:44.915706Z  INFO herdr::logging: tab focused event="tab.focus" subsystem="tab" outcome="ok" workspace_id="w7" tab_id="w7:t1"
2026-09-21T20:42:46.000913Z  INFO herdr::logging: tab focused event="tab.focus" subsystem="tab" outcome="ok" workspace_id="w7" tab_id="w7:t2"
2026-09-21T20:42:46.001213Z  INFO herdr::logging: tab focused event="tab.focus" subsystem="tab" outcome="ok" workspace_id="w7" tab_id="w7:t2"
2026-09-21T20:42:46.525317Z  INFO herdr::logging: tab focused event="tab.focus" subsystem="tab" outcome="ok" workspace_id="w7" tab_id="w7:t1"
2026-09-21T20:42:46.525669Z  INFO herdr::logging: tab focused event="tab.focus" subsystem="tab" outcome="ok" workspace_id="w7" tab_id="w7:t1"
2026-09-21T20:42:48.700295Z  INFO herdr::logging: tab focused event="tab.focus" subsystem="tab" outcome="ok" workspace_id="w7" tab_id="w7:t2"
2026-09-21T20:42:48.700704Z  INFO herdr::logging: tab focused event="tab.focus" subsystem="tab" outcome="ok" workspace_id="w7" tab_id="w7:t2"
2026-09-21T20:42:49.344366Z  INFO herdr::logging: tab focused event="tab.focus" subsystem="tab" outcome="ok" workspace_id="w7" tab_id="w7:t1"
2026-09-21T20:42:49.344657Z  INFO herdr::logging: tab focused event="tab.focus" subsystem="tab" outcome="ok" workspace_id="w7" tab_id="w7:t1"
2026-09-21T20:42:54.355430Z  INFO herdr::logging: session saved event="persist.save" subsystem="persist" outcome="ok" path=/Users/nathanchoi/.config/herdr/session.json workspaces=3
2026-09-21T20:42:55.547998Z  INFO herdr::logging: workspace focused event="workspace.focus" subsystem="workspace" outcome="ok" workspace_id="w6"
2026-09-21T20:42:55.548175Z  INFO herdr::logging: tab focused event="tab.focus" subsystem="tab" outcome="ok" workspace_id="w6" tab_id="w6:t1"
2026-09-21T20:42:55.548275Z  INFO herdr::logging: workspace focused event="workspace.focus" subsystem="workspace" outcome="ok" workspace_id="w6"
2026-09-21T20:42:55.548296Z  INFO herdr::logging: tab focused event="tab.focus" subsystem="tab" outcome="ok" workspace_id="w6" tab_id="w6:t1"
2026-09-21T20:42:56.445374Z  INFO herdr::logging: tab focused event="tab.focus" subsystem="tab" outcome="ok" workspace_id="w6" tab_id="w6:t1"
2026-09-21T20:42:56.445571Z  INFO herdr::logging: tab focused event="tab.focus" subsystem="tab" outcome="ok" workspace_id="w6" tab_id="w6:t1"
2026-09-21T20:43:01.454410Z  INFO herdr::logging: session saved event="persist.save" subsystem="persist" outcome="ok" path=/Users/nathanchoi/.config/herdr/session.json workspaces=3
2026-09-21T20:43:02.497591Z  INFO herdr::logging: tab focused event="tab.focus" subsystem="tab" outcome="ok" workspace_id="w6" tab_id="w6:t1"
2026-09-21T20:43:05.546701Z  INFO herdr::logging: workspace focused event="workspace.focus" subsystem="workspace" outcome="ok" workspace_id="w7"
2026-09-21T20:43:05.546898Z  INFO herdr::logging: tab focused event="tab.focus" subsystem="tab" outcome="ok" workspace_id="w7" tab_id="w7:t1"
2026-09-21T20:43:05.546989Z  INFO herdr::logging: workspace focused event="workspace.focus" subsystem="workspace" outcome="ok" workspace_id="w7"
2026-09-21T20:43:05.547010Z  INFO herdr::logging: tab focused event="tab.focus" subsystem="tab" outcome="ok" workspace_id="w7" tab_id="w7:t1"
2026-09-21T20:43:07.647808Z  INFO herdr::logging: tab focused event="tab.focus" subsystem="tab" outcome="ok" workspace_id="w7" tab_id="w7:t2"
2026-09-21T20:43:07.648230Z  INFO herdr::logging: tab focused event="tab.focus" subsystem="tab" outcome="ok" workspace_id="w7" tab_id="w7:t2"
2026-09-21T20:43:08.076701Z  INFO herdr::logging: tab focused event="tab.focus" subsystem="tab" outcome="ok" workspace_id="w7" tab_id="w7:t1"
2026-09-21T20:43:08.076814Z  INFO herdr::logging: tab focused event="tab.focus" subsystem="tab" outcome="ok" workspace_id="w7" tab_id="w7:t1"
2026-09-21T20:43:10.207578Z  INFO herdr::logging: tab focused event="tab.focus" subsystem="tab" outcome="ok" workspace_id="w7" tab_id="w7:t2"
2026-09-21T20:43:10.207679Z  INFO herdr::logging: tab focused event="tab.focus" subsystem="tab" outcome="ok" workspace_id="w7" tab_id="w7:t2"
2026-09-21T20:43:10.762080Z  INFO herdr::logging: tab focused event="tab.focus" subsystem="tab" outcome="ok" workspace_id="w7" tab_id="w7:t1"
2026-09-21T20:43:10.762196Z  INFO herdr::logging: tab focused event="tab.focus" subsystem="tab" outcome="ok" workspace_id="w7" tab_id="w7:t1"
2026-09-21T20:43:14.321884Z  INFO herdr::logging: tab focused event="tab.focus" subsystem="tab" outcome="ok" workspace_id="w7" tab_id="w7:t2"
2026-09-21T20:43:14.322020Z  INFO herdr::logging: tab focused event="tab.focus" subsystem="tab" outcome="ok" workspace_id="w7" tab_id="w7:t2"
2026-09-21T20:43:14.964575Z  INFO herdr::logging: tab focused event="tab.focus" subsystem="tab" outcome="ok" workspace_id="w7" tab_id="w7:t1"
2026-09-21T20:43:14.964904Z  INFO herdr::logging: tab focused event="tab.focus" subsystem="tab" outcome="ok" workspace_id="w7" tab_id="w7:t1"
2026-09-21T20:43:15.568471Z  INFO herdr::logging: tab focused event="tab.focus" subsystem="tab" outcome="ok" workspace_id="w7" tab_id="w7:t2"
2026-09-21T20:43:15.568720Z  INFO herdr::logging: tab focused event="tab.focus" subsystem="tab" outcome="ok" workspace_id="w7" tab_id="w7:t2"
2026-09-21T20:43:20.578183Z  INFO herdr::logging: session saved event="persist.save" subsystem="persist" outcome="ok" path=/Users/nathanchoi/.config/herdr/session.json workspaces=3
2026-09-21T20:43:20.735154Z  INFO herdr::logging: workspace focused event="workspace.focus" subsystem="workspace" outcome="ok" workspace_id="w6"
2026-09-21T20:43:20.735215Z  INFO herdr::logging: tab focused event="tab.focus" subsystem="tab" outcome="ok" workspace_id="w6" tab_id="w6:t1"
2026-09-21T20:43:20.735269Z  INFO herdr::logging: workspace focused event="workspace.focus" subsystem="workspace" outcome="ok" workspace_id="w6"
2026-09-21T20:43:20.735292Z  INFO herdr::logging: tab focused event="tab.focus" subsystem="tab" outcome="ok" workspace_id="w6" tab_id="w6:t1"
2026-09-21T20:43:25.747165Z  INFO herdr::logging: session saved event="persist.save" subsystem="persist" outcome="ok" path=/Users/nathanchoi/.config/herdr/session.json workspaces=3
2026-09-21T20:44:55.253229Z  INFO herdr::logging: tab focused event="tab.focus" subsystem="tab" outcome="ok" workspace_id="w6" tab_id="w6:t1"
2026-09-21T20:44:55.253631Z  INFO herdr::logging: tab focused event="tab.focus" subsystem="tab" outcome="ok" workspace_id="w6" tab_id="w6:t1"
2026-09-21T20:45:00.262928Z  INFO herdr::logging: session saved event="persist.save" subsystem="persist" outcome="ok" path=/Users/nathanchoi/.config/herdr/session.json workspaces=3
2026-09-21T20:45:02.738826Z  INFO herdr::logging: tab focused event="tab.focus" subsystem="tab" outcome="ok" workspace_id="w6" tab_id="w6:t1"
2026-09-21T20:45:02.739958Z  INFO herdr::logging: tab focused event="tab.focus" subsystem="tab" outcome="ok" workspace_id="w6" tab_id="w6:t1"
2026-09-21T20:45:05.691281Z  INFO herdr::logging: tab focused event="tab.focus" subsystem="tab" outcome="ok" workspace_id="w6" tab_id="w6:t1"
2026-09-21T20:45:05.691489Z  INFO herdr::logging: tab focused event="tab.focus" subsystem="tab" outcome="ok" workspace_id="w6" tab_id="w6:t1"
2026-09-21T20:45:10.699148Z  INFO herdr::logging: session saved event="persist.save" subsystem="persist" outcome="ok" path=/Users/nathanchoi/.config/herdr/session.json workspaces=3
2026-09-21T20:45:12.489691Z  INFO herdr::logging: tab focused event="tab.focus" subsystem="tab" outcome="ok" workspace_id="w6" tab_id="w6:t1"
2026-09-21T20:45:12.489938Z  INFO herdr::logging: tab focused event="tab.focus" subsystem="tab" outcome="ok" workspace_id="w6" tab_id="w6:t1"
2026-09-21T20:45:17.494677Z  INFO herdr::logging: session saved event="persist.save" subsystem="persist" outcome="ok" path=/Users/nathanchoi/.config/herdr/session.json workspaces=3
2026-09-21T20:45:27.460742Z  INFO herdr::logging: tab focused event="tab.focus" subsystem="tab" outcome="ok" workspace_id="w6" tab_id="w6:t1"
2026-09-21T20:45:27.462283Z  INFO herdr::logging: tab focused event="tab.focus" subsystem="tab" outcome="ok" workspace_id="w6" tab_id="w6:t1"
2026-09-21T20:45:32.185843Z  INFO herdr::logging: tab focused event="tab.focus" subsystem="tab" outcome="ok" workspace_id="w6" tab_id="w6:t1"
2026-09-21T20:45:32.186061Z  INFO herdr::logging: tab focused event="tab.focus" subsystem="tab" outcome="ok" workspace_id="w6" tab_id="w6:t1"
2026-09-21T20:45:37.191832Z  INFO herdr::logging: session saved event="persist.save" subsystem="persist" outcome="ok" path=/Users/nathanchoi/.config/herdr/session.json workspaces=3
2026-09-21T20:45:45.983903Z  INFO herdr::logging: tab focused event="tab.focus" subsystem="tab" outcome="ok" workspace_id="w6" tab_id="w6:t1"
2026-09-21T20:45:45.984148Z  INFO herdr::logging: tab focused event="tab.focus" subsystem="tab" outcome="ok" workspace_id="w6" tab_id="w6:t1"
2026-09-21T20:45:50.710397Z  INFO herdr::logging: tab focused event="tab.focus" subsystem="tab" outcome="ok" workspace_id="w6" tab_id="w6:t1"
2026-09-21T20:45:50.712050Z  INFO herdr::logging: tab focused event="tab.focus" subsystem="tab" outcome="ok" workspace_id="w6" tab_id="w6:t1"
2026-09-21T20:45:54.667952Z  INFO herdr::logging: tab focused event="tab.focus" subsystem="tab" outcome="ok" workspace_id="w6" tab_id="w6:t1"
2026-09-21T20:45:54.668136Z  INFO herdr::logging: tab focused event="tab.focus" subsystem="tab" outcome="ok" workspace_id="w6" tab_id="w6:t1"
2026-09-21T20:45:59.676006Z  INFO herdr::logging: session saved event="persist.save" subsystem="persist" outcome="ok" path=/Users/nathanchoi/.config/herdr/session.json workspaces=3
2026-09-21T20:46:04.849527Z  INFO herdr::logging: tab focused event="tab.focus" subsystem="tab" outcome="ok" workspace_id="w6" tab_id="w6:t1"
2026-09-21T20:46:04.850105Z  INFO herdr::logging: tab focused event="tab.focus" subsystem="tab" outcome="ok" workspace_id="w6" tab_id="w6:t1"
2026-09-21T20:46:09.855665Z  INFO herdr::logging: session saved event="persist.save" subsystem="persist" outcome="ok" path=/Users/nathanchoi/.config/herdr/session.json workspaces=3
2026-09-21T20:47:28.075068Z  INFO herdr::logging: tab focused event="tab.focus" subsystem="tab" outcome="ok" workspace_id="w6" tab_id="w6:t1"
2026-09-21T20:47:28.076728Z  INFO herdr::logging: tab focused event="tab.focus" subsystem="tab" outcome="ok" workspace_id="w6" tab_id="w6:t1"
2026-09-21T20:47:33.084096Z  INFO herdr::logging: session saved event="persist.save" subsystem="persist" outcome="ok" path=/Users/nathanchoi/.config/herdr/session.json workspaces=3
2026-09-21T20:47:34.209926Z  INFO herdr::logging: tab focused event="tab.focus" subsystem="tab" outcome="ok" workspace_id="w6" tab_id="w6:t1"
2026-09-21T20:47:34.210141Z  INFO herdr::logging: tab focused event="tab.focus" subsystem="tab" outcome="ok" workspace_id="w6" tab_id="w6:t1"
2026-09-21T20:47:39.247662Z  INFO herdr::logging: session saved event="persist.save" subsystem="persist" outcome="ok" path=/Users/nathanchoi/.config/herdr/session.json workspaces=3
2026-09-21T20:47:42.612363Z  INFO herdr::logging: tab focused event="tab.focus" subsystem="tab" outcome="ok" workspace_id="w6" tab_id="w6:t1"
2026-09-21T20:47:42.612553Z  INFO herdr::logging: tab focused event="tab.focus" subsystem="tab" outcome="ok" workspace_id="w6" tab_id="w6:t1"
2026-09-21T20:47:46.325651Z  WARN herdr::app::tab_bar_status: tab bar status command failed command=~/.config/herdr/status.sh error="exited with exit status: 127"
2026-09-21T20:47:47.620619Z  INFO herdr::logging: session saved event="persist.save" subsystem="persist" outcome="ok" path=/Users/nathanchoi/.config/herdr/session.json workspaces=3
2026-09-21T20:47:49.812829Z  INFO herdr::logging: tab focused event="tab.focus" subsystem="tab" outcome="ok" workspace_id="w6" tab_id="w6:t1"
2026-09-21T20:47:49.813034Z  INFO herdr::logging: tab focused event="tab.focus" subsystem="tab" outcome="ok" workspace_id="w6" tab_id="w6:t1"
2026-09-21T20:47:51.295474Z  WARN herdr::app::tab_bar_status: tab bar status command failed command=~/.config/herdr/status.sh error="exited with exit status: 127"
2026-09-21T20:47:52.977221Z  INFO herdr::logging: tab focused event="tab.focus" subsystem="tab" outcome="ok" workspace_id="w6" tab_id="w6:t1"
2026-09-21T20:47:52.978236Z  INFO herdr::logging: tab focused event="tab.focus" subsystem="tab" outcome="ok" workspace_id="w6" tab_id="w6:t1"
2026-09-21T20:47:57.987880Z  INFO herdr::logging: session saved event="persist.save" subsystem="persist" outcome="ok" path=/Users/nathanchoi/.config/herdr/session.json workspaces=3
2026-09-21T20:48:34.804430Z  INFO herdr::logging: tab focused event="tab.focus" subsystem="tab" outcome="ok" workspace_id="w6" tab_id="w6:t1"
2026-09-21T20:48:36.571809Z  INFO herdr::logging: workspace focused event="workspace.focus" subsystem="workspace" outcome="ok" workspace_id="w6"
2026-09-21T20:48:36.572041Z  INFO herdr::logging: tab focused event="tab.focus" subsystem="tab" outcome="ok" workspace_id="w6" tab_id="w6:t1"
2026-09-21T20:48:36.871439Z  INFO herdr::logging: workspace focused event="workspace.focus" subsystem="workspace" outcome="ok" workspace_id="w5"
2026-09-21T20:48:36.871689Z  INFO herdr::logging: tab focused event="tab.focus" subsystem="tab" outcome="ok" workspace_id="w5" tab_id="w5:t1"
2026-09-21T20:48:36.871801Z  INFO herdr::logging: workspace focused event="workspace.focus" subsystem="workspace" outcome="ok" workspace_id="w5"
2026-09-21T20:48:36.871824Z  INFO herdr::logging: tab focused event="tab.focus" subsystem="tab" outcome="ok" workspace_id="w5" tab_id="w5:t1"
2026-09-21T20:48:37.334400Z  INFO herdr::logging: workspace focused event="workspace.focus" subsystem="workspace" outcome="ok" workspace_id="w7"
2026-09-21T20:48:37.334616Z  INFO herdr::logging: tab focused event="tab.focus" subsystem="tab" outcome="ok" workspace_id="w7" tab_id="w7:t2"
2026-09-21T20:48:37.334722Z  INFO herdr::logging: workspace focused event="workspace.focus" subsystem="workspace" outcome="ok" workspace_id="w7"
2026-09-21T20:48:37.334744Z  INFO herdr::logging: tab focused event="tab.focus" subsystem="tab" outcome="ok" workspace_id="w7" tab_id="w7:t2"
2026-09-21T20:48:38.222145Z  INFO herdr::logging: workspace focused event="workspace.focus" subsystem="workspace" outcome="ok" workspace_id="w5"
2026-09-21T20:48:38.222231Z  INFO herdr::logging: tab focused event="tab.focus" subsystem="tab" outcome="ok" workspace_id="w5" tab_id="w5:t1"
2026-09-21T20:48:38.222360Z  INFO herdr::logging: workspace focused event="workspace.focus" subsystem="workspace" outcome="ok" workspace_id="w5"
2026-09-21T20:48:38.222377Z  INFO herdr::logging: tab focused event="tab.focus" subsystem="tab" outcome="ok" workspace_id="w5" tab_id="w5:t1"
2026-09-21T20:48:40.555092Z  INFO herdr::logging: workspace focused event="workspace.focus" subsystem="workspace" outcome="ok" workspace_id="w7"
2026-09-21T20:48:40.555412Z  INFO herdr::logging: tab focused event="tab.focus" subsystem="tab" outcome="ok" workspace_id="w7" tab_id="w7:t2"
2026-09-21T20:48:40.555622Z  INFO herdr::logging: workspace focused event="workspace.focus" subsystem="workspace" outcome="ok" workspace_id="w7"
2026-09-21T20:48:40.555647Z  INFO herdr::logging: tab focused event="tab.focus" subsystem="tab" outcome="ok" workspace_id="w7" tab_id="w7:t2"
2026-09-21T20:48:41.398078Z  INFO herdr::logging: workspace focused event="workspace.focus" subsystem="workspace" outcome="ok" workspace_id="w6"
2026-09-21T20:48:41.398446Z  INFO herdr::logging: tab focused event="tab.focus" subsystem="tab" outcome="ok" workspace_id="w6" tab_id="w6:t1"
2026-09-21T20:48:41.398551Z  INFO herdr::logging: workspace focused event="workspace.focus" subsystem="workspace" outcome="ok" workspace_id="w6"
2026-09-21T20:48:41.398572Z  INFO herdr::logging: tab focused event="tab.focus" subsystem="tab" outcome="ok" workspace_id="w6" tab_id="w6:t1"
2026-09-21T20:48:42.070977Z  INFO herdr::logging: workspace focused event="workspace.focus" subsystem="workspace" outcome="ok" workspace_id="w7"
2026-09-21T20:48:42.071233Z  INFO herdr::logging: tab focused event="tab.focus" subsystem="tab" outcome="ok" workspace_id="w7" tab_id="w7:t2"
2026-09-21T20:48:42.071329Z  INFO herdr::logging: workspace focused event="workspace.focus" subsystem="workspace" outcome="ok" workspace_id="w7"
2026-09-21T20:48:42.071348Z  INFO herdr::logging: tab focused event="tab.focus" subsystem="tab" outcome="ok" workspace_id="w7" tab_id="w7:t2"
2026-09-21T20:48:42.640512Z  INFO herdr::logging: workspace focused event="workspace.focus" subsystem="workspace" outcome="ok" workspace_id="w5"
2026-09-21T20:48:42.640839Z  INFO herdr::logging: tab focused event="tab.focus" subsystem="tab" outcome="ok" workspace_id="w5" tab_id="w5:t1"
2026-09-21T20:48:42.640992Z  INFO herdr::logging: workspace focused event="workspace.focus" subsystem="workspace" outcome="ok" workspace_id="w5"
2026-09-21T20:48:42.641029Z  INFO herdr::logging: tab focused event="tab.focus" subsystem="tab" outcome="ok" workspace_id="w5" tab_id="w5:t1"
2026-09-21T20:48:44.043257Z  INFO herdr::logging: tab focused event="tab.focus" subsystem="tab" outcome="ok" workspace_id="w5" tab_id="w5:t2"
2026-09-21T20:48:44.043722Z  INFO herdr::logging: tab focused event="tab.focus" subsystem="tab" outcome="ok" workspace_id="w5" tab_id="w5:t2"
2026-09-21T20:48:44.575050Z  INFO herdr::logging: tab focused event="tab.focus" subsystem="tab" outcome="ok" workspace_id="w5" tab_id="w5:t1"
2026-09-21T20:48:44.575519Z  INFO herdr::logging: tab focused event="tab.focus" subsystem="tab" outcome="ok" workspace_id="w5" tab_id="w5:t1"
2026-09-21T20:48:45.724405Z  INFO herdr::logging: tab focused event="tab.focus" subsystem="tab" outcome="ok" workspace_id="w5" tab_id="w5:t2"
2026-09-21T20:48:45.724750Z  INFO herdr::logging: tab focused event="tab.focus" subsystem="tab" outcome="ok" workspace_id="w5" tab_id="w5:t2"
2026-09-21T20:48:50.163969Z  INFO herdr::logging: workspace focused event="workspace.focus" subsystem="workspace" outcome="ok" workspace_id="w6"
2026-09-21T20:48:50.165747Z  INFO herdr::logging: tab focused event="tab.focus" subsystem="tab" outcome="ok" workspace_id="w6" tab_id="w6:t1"
2026-09-21T20:48:50.165900Z  INFO herdr::logging: workspace focused event="workspace.focus" subsystem="workspace" outcome="ok" workspace_id="w6"
2026-09-21T20:48:50.165935Z  INFO herdr::logging: tab focused event="tab.focus" subsystem="tab" outcome="ok" workspace_id="w6" tab_id="w6:t1"
2026-09-21T20:48:53.596932Z  INFO herdr::logging: workspace focused event="workspace.focus" subsystem="workspace" outcome="ok" workspace_id="w5"
2026-09-21T20:48:53.597169Z  INFO herdr::logging: tab focused event="tab.focus" subsystem="tab" outcome="ok" workspace_id="w5" tab_id="w5:t2"
2026-09-21T20:48:53.597290Z  INFO herdr::logging: workspace focused event="workspace.focus" subsystem="workspace" outcome="ok" workspace_id="w5"
2026-09-21T20:48:53.597316Z  INFO herdr::logging: tab focused event="tab.focus" subsystem="tab" outcome="ok" workspace_id="w5" tab_id="w5:t2"
2026-09-21T20:48:54.230976Z  INFO herdr::logging: workspace focused event="workspace.focus" subsystem="workspace" outcome="ok" workspace_id="w7"
2026-09-21T20:48:54.231262Z  INFO herdr::logging: tab focused event="tab.focus" subsystem="tab" outcome="ok" workspace_id="w7" tab_id="w7:t2"
2026-09-21T20:48:54.231409Z  INFO herdr::logging: workspace focused event="workspace.focus" subsystem="workspace" outcome="ok" workspace_id="w7"
2026-09-21T20:48:54.231445Z  INFO herdr::logging: tab focused event="tab.focus" subsystem="tab" outcome="ok" workspace_id="w7" tab_id="w7:t2"
2026-09-21T20:48:58.636483Z  INFO herdr::logging: tab focused event="tab.focus" subsystem="tab" outcome="ok" workspace_id="w7" tab_id="w7:t1"
2026-09-21T20:48:58.637788Z  INFO herdr::logging: tab focused event="tab.focus" subsystem="tab" outcome="ok" workspace_id="w7" tab_id="w7:t1"
2026-09-21T20:48:59.041604Z  INFO herdr::logging: tab focused event="tab.focus" subsystem="tab" outcome="ok" workspace_id="w7" tab_id="w7:t2"
2026-09-21T20:48:59.042014Z  INFO herdr::logging: tab focused event="tab.focus" subsystem="tab" outcome="ok" workspace_id="w7" tab_id="w7:t2"
2026-09-21T20:49:00.537864Z  INFO herdr::logging: tab focused event="tab.focus" subsystem="tab" outcome="ok" workspace_id="w7" tab_id="w7:t1"
2026-09-21T20:49:00.538188Z  INFO herdr::logging: tab focused event="tab.focus" subsystem="tab" outcome="ok" workspace_id="w7" tab_id="w7:t1"
2026-09-21T20:49:05.545804Z  INFO herdr::logging: session saved event="persist.save" subsystem="persist" outcome="ok" path=/Users/nathanchoi/.config/herdr/session.json workspaces=3
2026-09-21T20:49:08.196092Z  INFO herdr::logging: tab renamed event="tab.rename" subsystem="tab" outcome="ok" workspace_id="w7" tab_id="w7:t1"
2026-09-21T20:49:09.231535Z  INFO herdr::logging: tab focused event="tab.focus" subsystem="tab" outcome="ok" workspace_id="w7" tab_id="w7:t2"
2026-09-21T20:49:09.231766Z  INFO herdr::logging: tab focused event="tab.focus" subsystem="tab" outcome="ok" workspace_id="w7" tab_id="w7:t2"
2026-09-21T20:49:11.172389Z  INFO herdr::logging: tab focused event="tab.focus" subsystem="tab" outcome="ok" workspace_id="w7" tab_id="w7:t1"
2026-09-21T20:49:11.172698Z  INFO herdr::logging: tab focused event="tab.focus" subsystem="tab" outcome="ok" workspace_id="w7" tab_id="w7:t1"
2026-09-21T20:49:13.665371Z  INFO herdr::logging: workspace focused event="workspace.focus" subsystem="workspace" outcome="ok" workspace_id="w5"
2026-09-21T20:49:13.665549Z  INFO herdr::logging: tab focused event="tab.focus" subsystem="tab" outcome="ok" workspace_id="w5" tab_id="w5:t2"
2026-09-21T20:49:13.665631Z  INFO herdr::logging: workspace focused event="workspace.focus" subsystem="workspace" outcome="ok" workspace_id="w5"
2026-09-21T20:49:13.665648Z  INFO herdr::logging: tab focused event="tab.focus" subsystem="tab" outcome="ok" workspace_id="w5" tab_id="w5:t2"
2026-09-21T20:49:14.788038Z  INFO herdr::logging: tab focused event="tab.focus" subsystem="tab" outcome="ok" workspace_id="w5" tab_id="w5:t1"
2026-09-21T20:49:14.789209Z  INFO herdr::logging: tab focused event="tab.focus" subsystem="tab" outcome="ok" workspace_id="w5" tab_id="w5:t1"
2026-09-21T20:49:17.101490Z  INFO herdr::logging: tab renamed event="tab.rename" subsystem="tab" outcome="ok" workspace_id="w5" tab_id="w5:t1"
2026-09-21T20:49:22.107955Z  INFO herdr::logging: session saved event="persist.save" subsystem="persist" outcome="ok" path=/Users/nathanchoi/.config/herdr/session.json workspaces=3
2026-09-21T20:49:24.870980Z  INFO herdr::logging: spawning pane terminal event="pane.spawn.start" subsystem="pane" outcome="started" pane_id=18 rows=31 cols=105 scrollback_limit_bytes=10000000
2026-09-21T20:49:24.905395Z  INFO herdr::logging: pane child spawned event="pane.spawned" subsystem="pane" outcome="ok" pane_id=18 pid=60641
2026-09-21T20:49:24.916161Z  INFO herdr::logging: workspace created event="workspace.create" subsystem="workspace" outcome="ok" workspace_id="w8" pane_id=18
2026-09-21T20:49:24.916362Z  INFO herdr::logging: workspace focused event="workspace.focus" subsystem="workspace" outcome="ok" workspace_id="w8"
2026-09-21T20:49:24.916385Z  INFO herdr::logging: tab focused event="tab.focus" subsystem="tab" outcome="ok" workspace_id="w8" tab_id="w8:t1"
2026-09-21T20:49:29.926966Z  INFO herdr::logging: session saved event="persist.save" subsystem="persist" outcome="ok" path=/Users/nathanchoi/.config/herdr/session.json workspaces=4
2026-09-21T20:50:25.943163Z  INFO herdr::logging: workspace focused event="workspace.focus" subsystem="workspace" outcome="ok" workspace_id="w8"
2026-09-21T20:50:25.943655Z  INFO herdr::logging: tab focused event="tab.focus" subsystem="tab" outcome="ok" workspace_id="w8" tab_id="w8:t1"
2026-09-21T20:50:30.953800Z  INFO herdr::logging: session saved event="persist.save" subsystem="persist" outcome="ok" path=/Users/nathanchoi/.config/herdr/session.json workspaces=4
2026-09-21T20:50:38.882922Z  INFO herdr::logging: workspace renamed event="workspace.rename" subsystem="workspace" outcome="ok" workspace_id="w8"
2026-09-21T20:50:43.886379Z  INFO herdr::logging: session saved event="persist.save" subsystem="persist" outcome="ok" path=/Users/nathanchoi/.config/herdr/session.json workspaces=4
2026-09-21T20:50:53.968663Z  INFO herdr::logging: workspace focused event="workspace.focus" subsystem="workspace" outcome="ok" workspace_id="w5"
2026-09-21T20:50:53.970245Z  INFO herdr::logging: tab focused event="tab.focus" subsystem="tab" outcome="ok" workspace_id="w5" tab_id="w5:t1"
2026-09-21T20:50:53.970347Z  INFO herdr::logging: workspace focused event="workspace.focus" subsystem="workspace" outcome="ok" workspace_id="w5"
2026-09-21T20:50:53.970365Z  INFO herdr::logging: tab focused event="tab.focus" subsystem="tab" outcome="ok" workspace_id="w5" tab_id="w5:t1"
2026-09-21T20:50:56.066571Z  INFO herdr::logging: workspace focused event="workspace.focus" subsystem="workspace" outcome="ok" workspace_id="w8"
2026-09-21T20:50:56.066799Z  INFO herdr::logging: tab focused event="tab.focus" subsystem="tab" outcome="ok" workspace_id="w8" tab_id="w8:t1"
2026-09-21T20:50:56.066882Z  INFO herdr::logging: workspace focused event="workspace.focus" subsystem="workspace" outcome="ok" workspace_id="w8"
2026-09-21T20:50:56.066900Z  INFO herdr::logging: tab focused event="tab.focus" subsystem="tab" outcome="ok" workspace_id="w8" tab_id="w8:t1"
2026-09-21T20:51:01.072018Z  INFO herdr::logging: session saved event="persist.save" subsystem="persist" outcome="ok" path=/Users/nathanchoi/.config/herdr/session.json workspaces=4
2026-09-21T20:51:37.331267Z  INFO herdr::logging: tab renamed event="tab.rename" subsystem="tab" outcome="ok" workspace_id="w8" tab_id="w8:t1"
2026-09-21T20:51:39.883365Z  INFO herdr::pane: agent changed pane=18 previous_agent=None agent=Some(Codex) process=codex pgid=Some(61009)
2026-09-21T20:51:42.341397Z  INFO herdr::logging: session saved event="persist.save" subsystem="persist" outcome="ok" path=/Users/nathanchoi/.config/herdr/session.json workspaces=4
2026-09-21T20:52:09.055960Z  INFO herdr::logging: workspace focused event="workspace.focus" subsystem="workspace" outcome="ok" workspace_id="w5"
2026-09-21T20:52:09.064969Z  INFO herdr::logging: tab focused event="tab.focus" subsystem="tab" outcome="ok" workspace_id="w5" tab_id="w5:t1"
2026-09-21T20:52:09.065061Z  INFO herdr::logging: workspace focused event="workspace.focus" subsystem="workspace" outcome="ok" workspace_id="w5"
2026-09-21T20:52:09.065082Z  INFO herdr::logging: tab focused event="tab.focus" subsystem="tab" outcome="ok" workspace_id="w5" tab_id="w5:t1"
2026-09-21T20:52:12.914760Z  INFO herdr::logging: workspace focused event="workspace.focus" subsystem="workspace" outcome="ok" workspace_id="w7"
2026-09-21T20:52:12.914996Z  INFO herdr::logging: tab focused event="tab.focus" subsystem="tab" outcome="ok" workspace_id="w7" tab_id="w7:t1"
2026-09-21T20:52:12.915253Z  INFO herdr::logging: workspace focused event="workspace.focus" subsystem="workspace" outcome="ok" workspace_id="w7"
2026-09-21T20:52:12.915278Z  INFO herdr::logging: tab focused event="tab.focus" subsystem="tab" outcome="ok" workspace_id="w7" tab_id="w7:t1"
2026-09-21T20:52:17.934834Z  INFO herdr::logging: session saved event="persist.save" subsystem="persist" outcome="ok" path=/Users/nathanchoi/.config/herdr/session.json workspaces=4
2026-09-21T20:52:19.032362Z  INFO herdr::logging: tab focused event="tab.focus" subsystem="tab" outcome="ok" workspace_id="w7" tab_id="w7:t2"
2026-09-21T20:52:19.034107Z  INFO herdr::logging: tab focused event="tab.focus" subsystem="tab" outcome="ok" workspace_id="w7" tab_id="w7:t2"
2026-09-21T20:52:20.687794Z  INFO herdr::logging: tab focused event="tab.focus" subsystem="tab" outcome="ok" workspace_id="w7" tab_id="w7:t1"
2026-09-21T20:52:20.688098Z  INFO herdr::logging: tab focused event="tab.focus" subsystem="tab" outcome="ok" workspace_id="w7" tab_id="w7:t1"
2026-09-21T20:52:22.602588Z  INFO herdr::logging: tab focused event="tab.focus" subsystem="tab" outcome="ok" workspace_id="w7" tab_id="w7:t2"
2026-09-21T20:52:22.602856Z  INFO herdr::logging: tab focused event="tab.focus" subsystem="tab" outcome="ok" workspace_id="w7" tab_id="w7:t2"
2026-09-21T20:52:27.612884Z  INFO herdr::logging: session saved event="persist.save" subsystem="persist" outcome="ok" path=/Users/nathanchoi/.config/herdr/session.json workspaces=4
2026-09-21T20:53:57.046733Z  INFO herdr::logging: tab focused event="tab.focus" subsystem="tab" outcome="ok" workspace_id="w7" tab_id="w7:t1"
2026-09-21T20:53:57.048184Z  INFO herdr::logging: tab focused event="tab.focus" subsystem="tab" outcome="ok" workspace_id="w7" tab_id="w7:t1"
2026-09-21T20:53:58.994403Z  INFO herdr::logging: tab focused event="tab.focus" subsystem="tab" outcome="ok" workspace_id="w7" tab_id="w7:t1"
2026-09-21T20:53:58.994646Z  INFO herdr::logging: tab focused event="tab.focus" subsystem="tab" outcome="ok" workspace_id="w7" tab_id="w7:t1"
2026-09-21T20:54:04.004450Z  INFO herdr::logging: session saved event="persist.save" subsystem="persist" outcome="ok" path=/Users/nathanchoi/.config/herdr/session.json workspaces=4
2026-09-21T20:54:20.719934Z  INFO herdr::logging: spawning pane terminal event="pane.spawn.start" subsystem="pane" outcome="started" pane_id=19 rows=61 cols=105 scrollback_limit_bytes=10000000
2026-09-21T20:54:20.765666Z  INFO herdr::logging: pane child spawned event="pane.spawned" subsystem="pane" outcome="ok" pane_id=19 pid=62191
2026-09-21T20:54:20.766563Z  INFO herdr::logging: tab focused event="tab.focus" subsystem="tab" outcome="ok" workspace_id="w7" tab_id="w7:t1"
2026-09-21T20:54:23.333979Z  INFO herdr::pane: agent changed pane=19 previous_agent=None agent=Some(Codex) process=codex pgid=Some(62221)
2026-09-21T20:54:25.785914Z  INFO herdr::logging: session saved event="persist.save" subsystem="persist" outcome="ok" path=/Users/nathanchoi/.config/herdr/session.json workspaces=4
2026-09-21T20:55:00.187713Z  INFO herdr::logging: tab focused event="tab.focus" subsystem="tab" outcome="ok" workspace_id="w7" tab_id="w7:t2"
2026-09-21T20:55:00.188699Z  INFO herdr::logging: tab focused event="tab.focus" subsystem="tab" outcome="ok" workspace_id="w7" tab_id="w7:t2"
2026-09-21T20:55:05.196756Z  INFO herdr::logging: session saved event="persist.save" subsystem="persist" outcome="ok" path=/Users/nathanchoi/.config/herdr/session.json workspaces=4
2026-09-21T20:55:17.326072Z  INFO herdr::logging: tab focused event="tab.focus" subsystem="tab" outcome="ok" workspace_id="w7" tab_id="w7:t1"
2026-09-21T20:55:17.327482Z  INFO herdr::logging: tab focused event="tab.focus" subsystem="tab" outcome="ok" workspace_id="w7" tab_id="w7:t1"
2026-09-21T20:55:19.755584Z  INFO herdr::logging: tab focused event="tab.focus" subsystem="tab" outcome="ok" workspace_id="w7" tab_id="w7:t2"
2026-09-21T20:55:19.755929Z  INFO herdr::logging: tab focused event="tab.focus" subsystem="tab" outcome="ok" workspace_id="w7" tab_id="w7:t2"
2026-09-21T20:55:20.430826Z  INFO herdr::logging: tab focused event="tab.focus" subsystem="tab" outcome="ok" workspace_id="w7" tab_id="w7:t1"
2026-09-21T20:55:20.431202Z  INFO herdr::logging: tab focused event="tab.focus" subsystem="tab" outcome="ok" workspace_id="w7" tab_id="w7:t1"
2026-09-21T20:55:25.434421Z  INFO herdr::logging: session saved event="persist.save" subsystem="persist" outcome="ok" path=/Users/nathanchoi/.config/herdr/session.json workspaces=4
2026-09-21T20:56:03.267031Z  INFO herdr::logging: tab focused event="tab.focus" subsystem="tab" outcome="ok" workspace_id="w7" tab_id="w7:t1"
2026-09-21T20:56:08.318008Z  INFO herdr::logging: session saved event="persist.save" subsystem="persist" outcome="ok" path=/Users/nathanchoi/.config/herdr/session.json workspaces=4
2026-09-21T20:56:23.899777Z  INFO herdr::logging: tab focused event="tab.focus" subsystem="tab" outcome="ok" workspace_id="w7" tab_id="w7:t2"
2026-09-21T20:56:23.901249Z  INFO herdr::logging: tab focused event="tab.focus" subsystem="tab" outcome="ok" workspace_id="w7" tab_id="w7:t2"
2026-09-21T20:56:28.909563Z  INFO herdr::logging: session saved event="persist.save" subsystem="persist" outcome="ok" path=/Users/nathanchoi/.config/herdr/session.json workspaces=4
2026-09-21T20:56:46.561794Z  INFO herdr::logging: tab renamed event="tab.rename" subsystem="tab" outcome="ok" workspace_id="w7" tab_id="w7:t2"
2026-09-21T20:56:47.492885Z  INFO herdr::logging: tab focused event="tab.focus" subsystem="tab" outcome="ok" workspace_id="w7" tab_id="w7:t1"
2026-09-21T20:56:47.493368Z  INFO herdr::logging: tab focused event="tab.focus" subsystem="tab" outcome="ok" workspace_id="w7" tab_id="w7:t1"
2026-09-21T20:56:52.504061Z  INFO herdr::logging: session saved event="persist.save" subsystem="persist" outcome="ok" path=/Users/nathanchoi/.config/herdr/session.json workspaces=4
2026-09-21T20:59:16.269045Z  INFO herdr::logging: checking for updates event="update.check.start" subsystem="update" outcome="started"
2026-09-21T21:05:11.061667Z  INFO herdr::logging: tab focused event="tab.focus" subsystem="tab" outcome="ok" workspace_id="w7" tab_id="w7:t1"
2026-09-21T21:05:16.177825Z  INFO herdr::logging: session saved event="persist.save" subsystem="persist" outcome="ok" path=/Users/nathanchoi/.config/herdr/session.json workspaces=4
2026-09-21T21:05:19.845692Z  INFO herdr::logging: tab focused event="tab.focus" subsystem="tab" outcome="ok" workspace_id="w7" tab_id="w7:t1"
2026-09-21T21:05:20.408083Z  INFO herdr::logging: tab focused event="tab.focus" subsystem="tab" outcome="ok" workspace_id="w7" tab_id="w7:t1"
2026-09-21T21:05:22.276021Z  INFO herdr::logging: tab focused event="tab.focus" subsystem="tab" outcome="ok" workspace_id="w7" tab_id="w7:t1"
2026-09-21T21:05:27.283156Z  INFO herdr::logging: session saved event="persist.save" subsystem="persist" outcome="ok" path=/Users/nathanchoi/.config/herdr/session.json workspaces=4
2026-09-21T21:28:46.496780Z  INFO herdr::logging: workspace focused event="workspace.focus" subsystem="workspace" outcome="ok" workspace_id="w8"
2026-09-21T21:28:46.498421Z  INFO herdr::logging: tab focused event="tab.focus" subsystem="tab" outcome="ok" workspace_id="w8" tab_id="w8:t1"
2026-09-21T21:28:46.499089Z  INFO herdr::logging: workspace focused event="workspace.focus" subsystem="workspace" outcome="ok" workspace_id="w8"
2026-09-21T21:28:46.499131Z  INFO herdr::logging: tab focused event="tab.focus" subsystem="tab" outcome="ok" workspace_id="w8" tab_id="w8:t1"
2026-09-21T21:28:51.518660Z  INFO herdr::logging: session saved event="persist.save" subsystem="persist" outcome="ok" path=/Users/nathanchoi/.config/herdr/session.json workspaces=4
2026-09-21T21:29:00.172867Z  INFO herdr::pane: agent changed pane=18 previous_agent=Some(Codex) agent=None pgid=Some(60641)
2026-09-21T21:29:11.275003Z  INFO herdr::pane: agent changed pane=18 previous_agent=None agent=Some(Codex) process=codex pgid=Some(63535)
2026-09-21T21:29:16.254133Z  INFO herdr::logging: checking for updates event="update.check.start" subsystem="update" outcome="started"
2026-09-21T21:30:15.839326Z  INFO herdr::logging: workspace focused event="workspace.focus" subsystem="workspace" outcome="ok" workspace_id="w7"
2026-09-21T21:30:15.839532Z  INFO herdr::logging: tab focused event="tab.focus" subsystem="tab" outcome="ok" workspace_id="w7" tab_id="w7:t1"
2026-09-21T21:30:15.839638Z  INFO herdr::logging: workspace focused event="workspace.focus" subsystem="workspace" outcome="ok" workspace_id="w7"
2026-09-21T21:30:15.839658Z  INFO herdr::logging: tab focused event="tab.focus" subsystem="tab" outcome="ok" workspace_id="w7" tab_id="w7:t1"
2026-09-21T21:30:18.038996Z  INFO herdr::logging: tab focused event="tab.focus" subsystem="tab" outcome="ok" workspace_id="w7" tab_id="w7:t1"
2026-09-21T21:30:18.039229Z  INFO herdr::logging: tab focused event="tab.focus" subsystem="tab" outcome="ok" workspace_id="w7" tab_id="w7:t1"
2026-09-21T21:30:19.004662Z  INFO herdr::logging: spawning pane terminal event="pane.spawn.start" subsystem="pane" outcome="started" pane_id=20 rows=61 cols=105 scrollback_limit_bytes=10000000
2026-09-21T21:30:19.063827Z  INFO herdr::logging: pane child spawned event="pane.spawned" subsystem="pane" outcome="ok" pane_id=20 pid=63739
2026-09-21T21:30:19.064698Z  INFO herdr::logging: tab focused event="tab.focus" subsystem="tab" outcome="ok" workspace_id="w7" tab_id="w7:t1"
2026-09-21T21:30:24.090924Z  INFO herdr::logging: session saved event="persist.save" subsystem="persist" outcome="ok" path=/Users/nathanchoi/.config/herdr/session.json workspaces=4
2026-09-21T21:30:26.785257Z  INFO herdr::logging: pane child exited event="pane.exit" subsystem="pane" outcome="completed" pane_id=20 status="ExitStatus { code: 0, signal: None }"
2026-09-21T21:30:26.785697Z  INFO herdr::pane: pane session terminated pane=20 pid=63739 signal=Hangup
2026-09-21T21:30:31.797983Z  INFO herdr::logging: session saved event="persist.save" subsystem="persist" outcome="ok" path=/Users/nathanchoi/.config/herdr/session.json workspaces=4
2026-09-21T21:30:33.657268Z  INFO herdr::logging: spawning pane terminal event="pane.spawn.start" subsystem="pane" outcome="started" pane_id=21 rows=61 cols=105 scrollback_limit_bytes=10000000
2026-09-21T21:30:33.678821Z  INFO herdr::logging: pane child spawned event="pane.spawned" subsystem="pane" outcome="ok" pane_id=21 pid=63768
2026-09-21T21:30:33.679772Z  INFO herdr::logging: tab renamed event="tab.rename" subsystem="tab" outcome="ok" workspace_id="w7" tab_id="w7:t3"
2026-09-21T21:30:33.679818Z  INFO herdr::logging: tab focused event="tab.focus" subsystem="tab" outcome="ok" workspace_id="w7" tab_id="w7:t3"
2026-09-21T21:30:38.773394Z  INFO herdr::pane: agent changed pane=21 previous_agent=None agent=Some(Codex) process=codex pgid=Some(63797)
2026-09-21T21:30:40.470817Z  INFO herdr::logging: session saved event="persist.save" subsystem="persist" outcome="ok" path=/Users/nathanchoi/.config/herdr/session.json workspaces=4
2026-09-21T21:33:32.283958Z  INFO herdr::logging: tab focused event="tab.focus" subsystem="tab" outcome="ok" workspace_id="w7" tab_id="w7:t1"
2026-09-21T21:33:32.285240Z  INFO herdr::logging: tab focused event="tab.focus" subsystem="tab" outcome="ok" workspace_id="w7" tab_id="w7:t1"
2026-09-21T21:33:36.433434Z  INFO herdr::logging: tab focused event="tab.focus" subsystem="tab" outcome="ok" workspace_id="w7" tab_id="w7:t3"
2026-09-21T21:33:36.433551Z  INFO herdr::logging: tab focused event="tab.focus" subsystem="tab" outcome="ok" workspace_id="w7" tab_id="w7:t3"
2026-09-21T21:33:41.439266Z  INFO herdr::logging: session saved event="persist.save" subsystem="persist" outcome="ok" path=/Users/nathanchoi/.config/herdr/session.json workspaces=4
2026-09-21T21:35:32.772999Z  INFO herdr::logging: workspace focused event="workspace.focus" subsystem="workspace" outcome="ok" workspace_id="w5"
2026-09-21T21:35:32.774085Z  INFO herdr::logging: tab focused event="tab.focus" subsystem="tab" outcome="ok" workspace_id="w5" tab_id="w5:t1"
2026-09-21T21:35:32.774488Z  INFO herdr::logging: workspace focused event="workspace.focus" subsystem="workspace" outcome="ok" workspace_id="w5"
2026-09-21T21:35:32.774501Z  INFO herdr::logging: tab focused event="tab.focus" subsystem="tab" outcome="ok" workspace_id="w5" tab_id="w5:t1"
2026-09-21T21:35:33.087710Z  INFO herdr::logging: workspace focused event="workspace.focus" subsystem="workspace" outcome="ok" workspace_id="w8"
2026-09-21T21:35:33.087760Z  INFO herdr::logging: tab focused event="tab.focus" subsystem="tab" outcome="ok" workspace_id="w8" tab_id="w8:t1"
2026-09-21T21:35:33.087785Z  INFO herdr::logging: workspace focused event="workspace.focus" subsystem="workspace" outcome="ok" workspace_id="w8"
2026-09-21T21:35:33.087791Z  INFO herdr::logging: tab focused event="tab.focus" subsystem="tab" outcome="ok" workspace_id="w8" tab_id="w8:t1"
2026-09-21T21:35:38.104812Z  INFO herdr::logging: session saved event="persist.save" subsystem="persist" outcome="ok" path=/Users/nathanchoi/.config/herdr/session.json workspaces=4
2026-09-21T21:50:44.401898Z  INFO herdr::logging: workspace focused event="workspace.focus" subsystem="workspace" outcome="ok" workspace_id="w5"
2026-09-21T21:50:44.405337Z  INFO herdr::logging: tab focused event="tab.focus" subsystem="tab" outcome="ok" workspace_id="w5" tab_id="w5:t1"
2026-09-21T21:50:44.405500Z  INFO herdr::logging: workspace focused event="workspace.focus" subsystem="workspace" outcome="ok" workspace_id="w5"
2026-09-21T21:50:44.405523Z  INFO herdr::logging: tab focused event="tab.focus" subsystem="tab" outcome="ok" workspace_id="w5" tab_id="w5:t1"
2026-09-21T21:50:48.346601Z  INFO herdr::logging: workspace focused event="workspace.focus" subsystem="workspace" outcome="ok" workspace_id="w8"
2026-09-21T21:50:48.346754Z  INFO herdr::logging: tab focused event="tab.focus" subsystem="tab" outcome="ok" workspace_id="w8" tab_id="w8:t1"
2026-09-21T21:50:48.346842Z  INFO herdr::logging: workspace focused event="workspace.focus" subsystem="workspace" outcome="ok" workspace_id="w8"
2026-09-21T21:50:48.346866Z  INFO herdr::logging: tab focused event="tab.focus" subsystem="tab" outcome="ok" workspace_id="w8" tab_id="w8:t1"
2026-09-21T21:50:53.351114Z  INFO herdr::logging: session saved event="persist.save" subsystem="persist" outcome="ok" path=/Users/nathanchoi/.config/herdr/session.json workspaces=4
2026-09-21T21:59:16.286908Z  INFO herdr::logging: checking for updates event="update.check.start" subsystem="update" outcome="started"
2026-09-21T22:15:29.173239Z  INFO herdr::logging: workspace focused event="workspace.focus" subsystem="workspace" outcome="ok" workspace_id="w5"
2026-09-21T22:15:29.174586Z  INFO herdr::logging: tab focused event="tab.focus" subsystem="tab" outcome="ok" workspace_id="w5" tab_id="w5:t1"
2026-09-21T22:15:29.174702Z  INFO herdr::logging: workspace focused event="workspace.focus" subsystem="workspace" outcome="ok" workspace_id="w5"
2026-09-21T22:15:29.174719Z  INFO herdr::logging: tab focused event="tab.focus" subsystem="tab" outcome="ok" workspace_id="w5" tab_id="w5:t1"
2026-09-21T22:15:29.615316Z  INFO herdr::logging: workspace focused event="workspace.focus" subsystem="workspace" outcome="ok" workspace_id="w7"
2026-09-21T22:15:29.615418Z  INFO herdr::logging: tab focused event="tab.focus" subsystem="tab" outcome="ok" workspace_id="w7" tab_id="w7:t3"
2026-09-21T22:15:29.615510Z  INFO herdr::logging: workspace focused event="workspace.focus" subsystem="workspace" outcome="ok" workspace_id="w7"
2026-09-21T22:15:29.615525Z  INFO herdr::logging: tab focused event="tab.focus" subsystem="tab" outcome="ok" workspace_id="w7" tab_id="w7:t3"
2026-09-21T22:15:31.835752Z  INFO herdr::logging: tab focused event="tab.focus" subsystem="tab" outcome="ok" workspace_id="w7" tab_id="w7:t1"
2026-09-21T22:15:31.836180Z  INFO herdr::logging: tab focused event="tab.focus" subsystem="tab" outcome="ok" workspace_id="w7" tab_id="w7:t1"
2026-09-21T22:15:36.848716Z  INFO herdr::logging: session saved event="persist.save" subsystem="persist" outcome="ok" path=/Users/nathanchoi/.config/herdr/session.json workspaces=4
2026-09-21T22:15:37.158705Z  INFO herdr::logging: spawning pane terminal event="pane.spawn.start" subsystem="pane" outcome="started" pane_id=22 rows=61 cols=109 scrollback_limit_bytes=10000000
2026-09-21T22:15:37.227186Z  INFO herdr::logging: pane child spawned event="pane.spawned" subsystem="pane" outcome="ok" pane_id=22 pid=65944
2026-09-21T22:15:37.235253Z  INFO herdr::logging: tab focused event="tab.focus" subsystem="tab" outcome="ok" workspace_id="w7" tab_id="w7:t1"
2026-09-21T22:15:42.259591Z  INFO herdr::logging: session saved event="persist.save" subsystem="persist" outcome="ok" path=/Users/nathanchoi/.config/herdr/session.json workspaces=4
2026-09-21T22:16:01.787359Z  INFO herdr::logging: tab focused event="tab.focus" subsystem="tab" outcome="ok" workspace_id="w7" tab_id="w7:t3"
2026-09-21T22:16:01.791355Z  INFO herdr::logging: tab focused event="tab.focus" subsystem="tab" outcome="ok" workspace_id="w7" tab_id="w7:t3"
2026-09-21T22:16:06.797052Z  INFO herdr::logging: session saved event="persist.save" subsystem="persist" outcome="ok" path=/Users/nathanchoi/.config/herdr/session.json workspaces=4
2026-09-21T22:16:09.479586Z  INFO herdr::logging: tab focused event="tab.focus" subsystem="tab" outcome="ok" workspace_id="w7" tab_id="w7:t1"
2026-09-21T22:16:09.479990Z  INFO herdr::logging: tab focused event="tab.focus" subsystem="tab" outcome="ok" workspace_id="w7" tab_id="w7:t1"
2026-09-21T22:16:11.373226Z  INFO herdr::logging: tab focused event="tab.focus" subsystem="tab" outcome="ok" workspace_id="w7" tab_id="w7:t3"
2026-09-21T22:16:11.375111Z  INFO herdr::logging: tab focused event="tab.focus" subsystem="tab" outcome="ok" workspace_id="w7" tab_id="w7:t3"
2026-09-21T22:16:16.388438Z  INFO herdr::logging: session saved event="persist.save" subsystem="persist" outcome="ok" path=/Users/nathanchoi/.config/herdr/session.json workspaces=4
2026-09-21T22:16:46.308001Z  INFO herdr::logging: tab focused event="tab.focus" subsystem="tab" outcome="ok" workspace_id="w7" tab_id="w7:t1"
2026-09-21T22:16:46.308705Z  INFO herdr::logging: tab focused event="tab.focus" subsystem="tab" outcome="ok" workspace_id="w7" tab_id="w7:t1"
2026-09-21T22:16:46.786993Z  INFO herdr::logging: tab focused event="tab.focus" subsystem="tab" outcome="ok" workspace_id="w7" tab_id="w7:t3"
2026-09-21T22:16:47.227101Z  INFO herdr::logging: tab focused event="tab.focus" subsystem="tab" outcome="ok" workspace_id="w7" tab_id="w7:t1"
2026-09-21T22:16:47.706134Z  INFO herdr::logging: tab focused event="tab.focus" subsystem="tab" outcome="ok" workspace_id="w7" tab_id="w7:t3"
2026-09-21T22:16:52.716960Z  INFO herdr::logging: session saved event="persist.save" subsystem="persist" outcome="ok" path=/Users/nathanchoi/.config/herdr/session.json workspaces=4
2026-09-21T22:18:05.723109Z  INFO herdr::logging: spawning pane terminal event="pane.spawn.start" subsystem="pane" outcome="started" pane_id=23 rows=61 cols=218 scrollback_limit_bytes=10000000
2026-09-21T22:18:05.752564Z  INFO herdr::logging: pane child spawned event="pane.spawned" subsystem="pane" outcome="ok" pane_id=23 pid=66287
2026-09-21T22:18:05.755113Z  INFO herdr::logging: workspace created event="workspace.create" subsystem="workspace" outcome="ok" workspace_id="w9" pane_id=23
2026-09-21T22:18:05.755180Z  INFO herdr::logging: workspace focused event="workspace.focus" subsystem="workspace" outcome="ok" workspace_id="w9"
2026-09-21T22:18:05.755200Z  INFO herdr::logging: tab focused event="tab.focus" subsystem="tab" outcome="ok" workspace_id="w9" tab_id="w9:t1"
2026-09-21T22:18:10.771783Z  INFO herdr::logging: session saved event="persist.save" subsystem="persist" outcome="ok" path=/Users/nathanchoi/.config/herdr/session.json workspaces=5
2026-09-21T22:18:24.919279Z  INFO herdr::logging: pane child exited event="pane.exit" subsystem="pane" outcome="completed" pane_id=23 status="ExitStatus { code: 0, signal: None }"
2026-09-21T22:18:24.921067Z  INFO herdr::pane: pane session terminated pane=23 pid=66287 signal=Hangup
2026-09-21T22:18:29.925394Z  INFO herdr::logging: session saved event="persist.save" subsystem="persist" outcome="ok" path=/Users/nathanchoi/.config/herdr/session.json workspaces=4
2026-09-21T22:19:27.316388Z  INFO herdr::logging: workspace focused event="workspace.focus" subsystem="workspace" outcome="ok" workspace_id="w8"
2026-09-21T22:19:27.317013Z  INFO herdr::logging: tab focused event="tab.focus" subsystem="tab" outcome="ok" workspace_id="w8" tab_id="w8:t1"
2026-09-21T22:19:27.317186Z  INFO herdr::logging: workspace focused event="workspace.focus" subsystem="workspace" outcome="ok" workspace_id="w8"
2026-09-21T22:19:27.317220Z  INFO herdr::logging: tab focused event="tab.focus" subsystem="tab" outcome="ok" workspace_id="w8" tab_id="w8:t1"
2026-09-21T22:19:27.738498Z  INFO herdr::logging: workspace focused event="workspace.focus" subsystem="workspace" outcome="ok" workspace_id="w5"
2026-09-21T22:19:27.738825Z  INFO herdr::logging: tab focused event="tab.focus" subsystem="tab" outcome="ok" workspace_id="w5" tab_id="w5:t1"
2026-09-21T22:19:27.738987Z  INFO herdr::logging: workspace focused event="workspace.focus" subsystem="workspace" outcome="ok" workspace_id="w5"
2026-09-21T22:19:27.739021Z  INFO herdr::logging: tab focused event="tab.focus" subsystem="tab" outcome="ok" workspace_id="w5" tab_id="w5:t1"
2026-09-21T22:19:28.417105Z  INFO herdr::logging: workspace focused event="workspace.focus" subsystem="workspace" outcome="ok" workspace_id="w8"
2026-09-21T22:19:28.417347Z  INFO herdr::logging: tab focused event="tab.focus" subsystem="tab" outcome="ok" workspace_id="w8" tab_id="w8:t1"
2026-09-21T22:19:28.417456Z  INFO herdr::logging: workspace focused event="workspace.focus" subsystem="workspace" outcome="ok" workspace_id="w8"
2026-09-21T22:19:28.417477Z  INFO herdr::logging: tab focused event="tab.focus" subsystem="tab" outcome="ok" workspace_id="w8" tab_id="w8:t1"
2026-09-21T22:19:28.773994Z  INFO herdr::logging: workspace focused event="workspace.focus" subsystem="workspace" outcome="ok" workspace_id="w7"
2026-09-21T22:19:28.774172Z  INFO herdr::logging: tab focused event="tab.focus" subsystem="tab" outcome="ok" workspace_id="w7" tab_id="w7:t3"
2026-09-21T22:19:28.774269Z  INFO herdr::logging: workspace focused event="workspace.focus" subsystem="workspace" outcome="ok" workspace_id="w7"
2026-09-21T22:19:28.774286Z  INFO herdr::logging: tab focused event="tab.focus" subsystem="tab" outcome="ok" workspace_id="w7" tab_id="w7:t3"
2026-09-21T22:19:29.150192Z  INFO herdr::logging: workspace focused event="workspace.focus" subsystem="workspace" outcome="ok" workspace_id="w5"
2026-09-21T22:19:29.150372Z  INFO herdr::logging: tab focused event="tab.focus" subsystem="tab" outcome="ok" workspace_id="w5" tab_id="w5:t1"
2026-09-21T22:19:29.150542Z  INFO herdr::logging: workspace focused event="workspace.focus" subsystem="workspace" outcome="ok" workspace_id="w5"
2026-09-21T22:19:29.150576Z  INFO herdr::logging: tab focused event="tab.focus" subsystem="tab" outcome="ok" workspace_id="w5" tab_id="w5:t1"
2026-09-21T22:19:30.119680Z  INFO herdr::logging: tab focused event="tab.focus" subsystem="tab" outcome="ok" workspace_id="w5" tab_id="w5:t1"
2026-09-21T22:19:30.856821Z  INFO herdr::logging: tab focused event="tab.focus" subsystem="tab" outcome="ok" workspace_id="w5" tab_id="w5:t1"
2026-09-21T22:19:32.296714Z  INFO herdr::logging: workspace focused event="workspace.focus" subsystem="workspace" outcome="ok" workspace_id="w5"
2026-09-21T22:19:32.296887Z  INFO herdr::logging: tab focused event="tab.focus" subsystem="tab" outcome="ok" workspace_id="w5" tab_id="w5:t1"
2026-09-21T22:19:32.831837Z  INFO herdr::logging: tab focused event="tab.focus" subsystem="tab" outcome="ok" workspace_id="w5" tab_id="w5:t1"
2026-09-21T22:19:35.137960Z  INFO herdr::logging: tab focused event="tab.focus" subsystem="tab" outcome="ok" workspace_id="w5" tab_id="w5:t1"
2026-09-21T22:19:35.230071Z  INFO herdr::pane: agent changed pane=5 previous_agent=Some(Codex) agent=None pgid=Some(44155)
2026-09-21T22:19:36.105452Z  INFO herdr::logging: tab focused event="tab.focus" subsystem="tab" outcome="ok" workspace_id="w5" tab_id="w5:t1"
2026-09-21T22:19:36.183807Z  INFO herdr::pane: agent changed pane=12 previous_agent=Some(Codex) agent=None pgid=Some(48084)
2026-09-21T22:19:37.029921Z  INFO herdr::logging: tab focused event="tab.focus" subsystem="tab" outcome="ok" workspace_id="w5" tab_id="w5:t1"
2026-09-21T22:19:37.393418Z  INFO herdr::pane: agent changed pane=14 previous_agent=Some(Codex) agent=None pgid=Some(48208)
2026-09-21T22:19:37.965236Z  INFO herdr::pane: agent changed pane=13 previous_agent=Some(Codex) agent=None pgid=Some(48180)
2026-09-21T22:19:38.851101Z  INFO herdr::logging: pane child exited event="pane.exit" subsystem="pane" outcome="completed" pane_id=13 status="ExitStatus { code: 0, signal: None }"
2026-09-21T22:19:38.855376Z  INFO herdr::pane: pane session terminated pane=13 pid=48180 signal=Hangup
2026-09-21T22:19:41.752562Z  INFO herdr::logging: pane child exited event="pane.exit" subsystem="pane" outcome="completed" pane_id=14 status="ExitStatus { code: 127, signal: None }"
2026-09-21T22:19:41.755079Z  INFO herdr::pane: pane session terminated pane=14 pid=48208 signal=Hangup
2026-09-21T22:19:42.860675Z  INFO herdr::logging: pane child exited event="pane.exit" subsystem="pane" outcome="completed" pane_id=12 status="ExitStatus { code: 0, signal: None }"
2026-09-21T22:19:42.863553Z  INFO herdr::pane: pane session terminated pane=12 pid=48084 signal=Hangup
2026-09-21T22:19:47.878423Z  INFO herdr::logging: session saved event="persist.save" subsystem="persist" outcome="ok" path=/Users/nathanchoi/.config/herdr/session.json workspaces=4
2026-09-21T22:19:50.311842Z  INFO herdr::logging: workspace focused event="workspace.focus" subsystem="workspace" outcome="ok" workspace_id="w8"
2026-09-21T22:19:50.312345Z  INFO herdr::logging: tab focused event="tab.focus" subsystem="tab" outcome="ok" workspace_id="w8" tab_id="w8:t1"
2026-09-21T22:19:50.312450Z  INFO herdr::logging: workspace focused event="workspace.focus" subsystem="workspace" outcome="ok" workspace_id="w8"
2026-09-21T22:19:50.312464Z  INFO herdr::logging: tab focused event="tab.focus" subsystem="tab" outcome="ok" workspace_id="w8" tab_id="w8:t1"
2026-09-21T22:19:55.320641Z  INFO herdr::logging: session saved event="persist.save" subsystem="persist" outcome="ok" path=/Users/nathanchoi/.config/herdr/session.json workspaces=4
2026-09-21T22:19:57.209882Z  INFO herdr::logging: workspace focused event="workspace.focus" subsystem="workspace" outcome="ok" workspace_id="w7"
2026-09-21T22:19:57.210145Z  INFO herdr::logging: tab focused event="tab.focus" subsystem="tab" outcome="ok" workspace_id="w7" tab_id="w7:t3"
2026-09-21T22:19:57.210231Z  INFO herdr::logging: workspace focused event="workspace.focus" subsystem="workspace" outcome="ok" workspace_id="w7"
2026-09-21T22:19:57.210249Z  INFO herdr::logging: tab focused event="tab.focus" subsystem="tab" outcome="ok" workspace_id="w7" tab_id="w7:t3"
2026-09-21T22:19:58.737819Z  INFO herdr::logging: tab focused event="tab.focus" subsystem="tab" outcome="ok" workspace_id="w7" tab_id="w7:t1"
2026-09-21T22:19:58.739773Z  INFO herdr::logging: tab focused event="tab.focus" subsystem="tab" outcome="ok" workspace_id="w7" tab_id="w7:t1"
2026-09-21T22:20:03.255435Z  INFO herdr::logging: tab focused event="tab.focus" subsystem="tab" outcome="ok" workspace_id="w7" tab_id="w7:t1"
2026-09-21T22:20:03.257063Z  INFO herdr::logging: tab focused event="tab.focus" subsystem="tab" outcome="ok" workspace_id="w7" tab_id="w7:t1"
2026-09-21T22:20:03.750839Z  INFO herdr::logging: tab focused event="tab.focus" subsystem="tab" outcome="ok" workspace_id="w7" tab_id="w7:t1"
2026-09-21T22:20:03.751044Z  INFO herdr::logging: tab focused event="tab.focus" subsystem="tab" outcome="ok" workspace_id="w7" tab_id="w7:t1"
2026-09-21T22:20:08.757397Z  INFO herdr::logging: session saved event="persist.save" subsystem="persist" outcome="ok" path=/Users/nathanchoi/.config/herdr/session.json workspaces=4
2026-09-21T22:29:01.377270Z  INFO herdr::logging: tab focused event="tab.focus" subsystem="tab" outcome="ok" workspace_id="w7" tab_id="w7:t1"
2026-09-21T22:29:02.269667Z  INFO herdr::logging: workspace focused event="workspace.focus" subsystem="workspace" outcome="ok" workspace_id="w8"
2026-09-21T22:29:02.269878Z  INFO herdr::logging: tab focused event="tab.focus" subsystem="tab" outcome="ok" workspace_id="w8" tab_id="w8:t1"
2026-09-21T22:29:02.269968Z  INFO herdr::logging: workspace focused event="workspace.focus" subsystem="workspace" outcome="ok" workspace_id="w8"
2026-09-21T22:29:02.269986Z  INFO herdr::logging: tab focused event="tab.focus" subsystem="tab" outcome="ok" workspace_id="w8" tab_id="w8:t1"
2026-09-21T22:29:07.285296Z  INFO herdr::logging: session saved event="persist.save" subsystem="persist" outcome="ok" path=/Users/nathanchoi/.config/herdr/session.json workspaces=4
2026-09-21T22:29:13.772097Z  INFO herdr::logging: workspace focused event="workspace.focus" subsystem="workspace" outcome="ok" workspace_id="w5"
2026-09-21T22:29:13.772307Z  INFO herdr::logging: tab focused event="tab.focus" subsystem="tab" outcome="ok" workspace_id="w5" tab_id="w5:t1"
2026-09-21T22:29:13.772390Z  INFO herdr::logging: workspace focused event="workspace.focus" subsystem="workspace" outcome="ok" workspace_id="w5"
2026-09-21T22:29:13.772406Z  INFO herdr::logging: tab focused event="tab.focus" subsystem="tab" outcome="ok" workspace_id="w5" tab_id="w5:t1"
2026-09-21T22:29:16.292352Z  INFO herdr::logging: checking for updates event="update.check.start" subsystem="update" outcome="started"
2026-09-21T22:29:18.092059Z  INFO herdr::logging: workspace focused event="workspace.focus" subsystem="workspace" outcome="ok" workspace_id="w5"
2026-09-21T22:29:18.092207Z  INFO herdr::logging: tab focused event="tab.focus" subsystem="tab" outcome="ok" workspace_id="w5" tab_id="w5:t1"
2026-09-21T22:29:20.186299Z  INFO herdr::logging: tab focused event="tab.focus" subsystem="tab" outcome="ok" workspace_id="w5" tab_id="w5:t2"
2026-09-21T22:29:20.196586Z  INFO herdr::logging: tab focused event="tab.focus" subsystem="tab" outcome="ok" workspace_id="w5" tab_id="w5:t2"
2026-09-21T22:29:20.844843Z  INFO herdr::logging: tab focused event="tab.focus" subsystem="tab" outcome="ok" workspace_id="w5" tab_id="w5:t1"
2026-09-21T22:29:20.845197Z  INFO herdr::logging: tab focused event="tab.focus" subsystem="tab" outcome="ok" workspace_id="w5" tab_id="w5:t1"
2026-09-21T22:29:23.863400Z  INFO herdr::logging: workspace focused event="workspace.focus" subsystem="workspace" outcome="ok" workspace_id="w7"
2026-09-21T22:29:23.864355Z  INFO herdr::logging: tab focused event="tab.focus" subsystem="tab" outcome="ok" workspace_id="w7" tab_id="w7:t1"
2026-09-21T22:29:23.864637Z  INFO herdr::logging: workspace focused event="workspace.focus" subsystem="workspace" outcome="ok" workspace_id="w7"
2026-09-21T22:29:23.864700Z  INFO herdr::logging: tab focused event="tab.focus" subsystem="tab" outcome="ok" workspace_id="w7" tab_id="w7:t1"
2026-09-21T22:29:28.873921Z  INFO herdr::logging: session saved event="persist.save" subsystem="persist" outcome="ok" path=/Users/nathanchoi/.config/herdr/session.json workspaces=4
2026-09-21T22:29:31.332346Z  INFO herdr::logging: tab focused event="tab.focus" subsystem="tab" outcome="ok" workspace_id="w7" tab_id="w7:t1"
2026-09-21T22:29:32.752512Z  INFO herdr::logging: pane child exited event="pane.exit" subsystem="pane" outcome="completed" pane_id=22 status="ExitStatus { code: 0, signal: None }"
2026-09-21T22:29:32.753620Z  INFO herdr::pane: pane session terminated pane=22 pid=65944 signal=Hangup
2026-09-21T22:29:37.765132Z  INFO herdr::logging: session saved event="persist.save" subsystem="persist" outcome="ok" path=/Users/nathanchoi/.config/herdr/session.json workspaces=4
2026-09-21T22:30:27.687013Z  INFO herdr::logging: tab focused event="tab.focus" subsystem="tab" outcome="ok" workspace_id="w7" tab_id="w7:t1"
2026-09-21T22:30:32.700622Z  INFO herdr::logging: session saved event="persist.save" subsystem="persist" outcome="ok" path=/Users/nathanchoi/.config/herdr/session.json workspaces=4
2026-09-21T22:31:57.181820Z  INFO herdr::logging: workspace focused event="workspace.focus" subsystem="workspace" outcome="ok" workspace_id="w8"
2026-09-21T22:31:57.183507Z  INFO herdr::logging: tab focused event="tab.focus" subsystem="tab" outcome="ok" workspace_id="w8" tab_id="w8:t1"
2026-09-21T22:31:58.609821Z  INFO herdr::logging: workspace focused event="workspace.focus" subsystem="workspace" outcome="ok" workspace_id="w7"
2026-09-21T22:31:58.610218Z  INFO herdr::logging: tab focused event="tab.focus" subsystem="tab" outcome="ok" workspace_id="w7" tab_id="w7:t1"
2026-09-21T22:31:58.610520Z  INFO herdr::logging: tab focused event="tab.focus" subsystem="tab" outcome="ok" workspace_id="w7" tab_id="w7:t1"
2026-09-21T22:31:59.436189Z  INFO herdr::logging: tab focused event="tab.focus" subsystem="tab" outcome="ok" workspace_id="w7" tab_id="w7:t1"
2026-09-21T22:32:00.119334Z  INFO herdr::logging: tab focused event="tab.focus" subsystem="tab" outcome="ok" workspace_id="w7" tab_id="w7:t1"
2026-09-21T22:32:00.775341Z  INFO herdr::logging: tab focused event="tab.focus" subsystem="tab" outcome="ok" workspace_id="w7" tab_id="w7:t1"
2026-09-21T22:32:01.242694Z  INFO herdr::logging: tab focused event="tab.focus" subsystem="tab" outcome="ok" workspace_id="w7" tab_id="w7:t1"
2026-09-21T22:32:03.017608Z  INFO herdr::logging: tab focused event="tab.focus" subsystem="tab" outcome="ok" workspace_id="w7" tab_id="w7:t3"
2026-09-21T22:32:03.498915Z  INFO herdr::logging: tab focused event="tab.focus" subsystem="tab" outcome="ok" workspace_id="w7" tab_id="w7:t1"
2026-09-21T22:32:03.936758Z  INFO herdr::logging: tab focused event="tab.focus" subsystem="tab" outcome="ok" workspace_id="w7" tab_id="w7:t1"
2026-09-21T22:32:08.941176Z  INFO herdr::logging: session saved event="persist.save" subsystem="persist" outcome="ok" path=/Users/nathanchoi/.config/herdr/session.json workspaces=4
2026-09-21T22:48:25.044000Z  INFO herdr::logging: tab focused event="tab.focus" subsystem="tab" outcome="ok" workspace_id="w7" tab_id="w7:t1"
2026-09-21T22:48:27.150399Z  INFO herdr::logging: tab focused event="tab.focus" subsystem="tab" outcome="ok" workspace_id="w7" tab_id="w7:t1"
2026-09-21T22:48:28.126564Z  INFO herdr::logging: tab focused event="tab.focus" subsystem="tab" outcome="ok" workspace_id="w7" tab_id="w7:t1"
2026-09-21T22:48:33.136340Z  INFO herdr::logging: session saved event="persist.save" subsystem="persist" outcome="ok" path=/Users/nathanchoi/.config/herdr/session.json workspaces=4
2026-09-21T22:49:31.152068Z  INFO herdr::logging: session saved event="persist.save" subsystem="persist" outcome="ok" path=/Users/nathanchoi/.config/herdr/session.json workspaces=4
2026-09-21T22:51:20.214572Z  INFO herdr::logging: session saved event="persist.save" subsystem="persist" outcome="ok" path=/Users/nathanchoi/.config/herdr/session.json workspaces=4
2026-09-21T22:51:38.701278Z  INFO herdr::logging: tab focused event="tab.focus" subsystem="tab" outcome="ok" workspace_id="w7" tab_id="w7:t1"
2026-09-21T22:51:43.711908Z  INFO herdr::logging: session saved event="persist.save" subsystem="persist" outcome="ok" path=/Users/nathanchoi/.config/herdr/session.json workspaces=4
2026-09-21T22:53:11.137223Z  INFO herdr::logging: tab focused event="tab.focus" subsystem="tab" outcome="ok" workspace_id="w7" tab_id="w7:t1"
2026-09-21T22:53:16.143169Z  INFO herdr::logging: session saved event="persist.save" subsystem="persist" outcome="ok" path=/Users/nathanchoi/.config/herdr/session.json workspaces=4
2026-09-21T22:53:59.135235Z  INFO herdr::logging: tab focused event="tab.focus" subsystem="tab" outcome="ok" workspace_id="w7" tab_id="w7:t1"
2026-09-21T22:54:02.510523Z  INFO herdr::logging: tab focused event="tab.focus" subsystem="tab" outcome="ok" workspace_id="w7" tab_id="w7:t1"
2026-09-21T22:54:07.523830Z  INFO herdr::logging: session saved event="persist.save" subsystem="persist" outcome="ok" path=/Users/nathanchoi/.config/herdr/session.json workspaces=4
2026-09-21T22:57:50.999848Z  INFO herdr::logging: tab focused event="tab.focus" subsystem="tab" outcome="ok" workspace_id="w7" tab_id="w7:t1"
2026-09-21T22:57:56.016078Z  INFO herdr::logging: session saved event="persist.save" subsystem="persist" outcome="ok" path=/Users/nathanchoi/.config/herdr/session.json workspaces=4
2026-09-21T22:58:00.888629Z  INFO herdr::logging: tab focused event="tab.focus" subsystem="tab" outcome="ok" workspace_id="w7" tab_id="w7:t1"
2026-09-21T22:58:05.922934Z  INFO herdr::logging: session saved event="persist.save" subsystem="persist" outcome="ok" path=/Users/nathanchoi/.config/herdr/session.json workspaces=4
2026-09-21T22:58:55.278111Z  INFO herdr::logging: tab focused event="tab.focus" subsystem="tab" outcome="ok" workspace_id="w7" tab_id="w7:t1"
2026-09-21T22:59:00.284668Z  INFO herdr::logging: session saved event="persist.save" subsystem="persist" outcome="ok" path=/Users/nathanchoi/.config/herdr/session.json workspaces=4
2026-09-21T22:59:09.592063Z  INFO herdr::logging: tab focused event="tab.focus" subsystem="tab" outcome="ok" workspace_id="w7" tab_id="w7:t1"
2026-09-21T22:59:14.602497Z  INFO herdr::logging: session saved event="persist.save" subsystem="persist" outcome="ok" path=/Users/nathanchoi/.config/herdr/session.json workspaces=4
2026-09-21T22:59:16.302859Z  INFO herdr::logging: checking for updates event="update.check.start" subsystem="update" outcome="started"
2026-09-21T23:03:16.266039Z  INFO herdr::logging: tab focused event="tab.focus" subsystem="tab" outcome="ok" workspace_id="w7" tab_id="w7:t1"
2026-09-21T23:03:18.126902Z  INFO herdr::logging: tab focused event="tab.focus" subsystem="tab" outcome="ok" workspace_id="w7" tab_id="w7:t1"
2026-09-21T23:03:23.137992Z  INFO herdr::logging: session saved event="persist.save" subsystem="persist" outcome="ok" path=/Users/nathanchoi/.config/herdr/session.json workspaces=4
2026-09-21T23:07:26.600040Z  INFO herdr::logging: tab focused event="tab.focus" subsystem="tab" outcome="ok" workspace_id="w7" tab_id="w7:t1"
2026-09-21T23:07:31.612847Z  INFO herdr::logging: session saved event="persist.save" subsystem="persist" outcome="ok" path=/Users/nathanchoi/.config/herdr/session.json workspaces=4
2026-09-21T23:09:01.451401Z  INFO herdr::logging: tab focused event="tab.focus" subsystem="tab" outcome="ok" workspace_id="w7" tab_id="w7:t1"
2026-09-21T23:09:01.451966Z  INFO herdr::logging: tab focused event="tab.focus" subsystem="tab" outcome="ok" workspace_id="w7" tab_id="w7:t1"
2026-09-21T23:09:06.456871Z  INFO herdr::logging: session saved event="persist.save" subsystem="persist" outcome="ok" path=/Users/nathanchoi/.config/herdr/session.json workspaces=4
2026-09-21T23:09:29.618674Z  INFO herdr::logging: tab focused event="tab.focus" subsystem="tab" outcome="ok" workspace_id="w7" tab_id="w7:t1"
2026-09-21T23:09:29.620538Z  INFO herdr::logging: tab focused event="tab.focus" subsystem="tab" outcome="ok" workspace_id="w7" tab_id="w7:t1"
2026-09-21T23:09:34.629261Z  INFO herdr::logging: session saved event="persist.save" subsystem="persist" outcome="ok" path=/Users/nathanchoi/.config/herdr/session.json workspaces=4
2026-09-21T23:10:45.828692Z  INFO herdr::logging: tab focused event="tab.focus" subsystem="tab" outcome="ok" workspace_id="w7" tab_id="w7:t1"
2026-09-21T23:10:45.829618Z  INFO herdr::logging: tab focused event="tab.focus" subsystem="tab" outcome="ok" workspace_id="w7" tab_id="w7:t1"
2026-09-21T23:10:50.833527Z  INFO herdr::logging: session saved event="persist.save" subsystem="persist" outcome="ok" path=/Users/nathanchoi/.config/herdr/session.json workspaces=4
2026-09-21T23:11:25.878435Z  INFO herdr::logging: tab focused event="tab.focus" subsystem="tab" outcome="ok" workspace_id="w7" tab_id="w7:t1"
2026-09-21T23:11:30.885126Z  INFO herdr::logging: session saved event="persist.save" subsystem="persist" outcome="ok" path=/Users/nathanchoi/.config/herdr/session.json workspaces=4
2026-09-21T23:13:28.952226Z  INFO herdr::logging: workspace focused event="workspace.focus" subsystem="workspace" outcome="ok" workspace_id="w8"
2026-09-21T23:13:28.953410Z  INFO herdr::logging: tab focused event="tab.focus" subsystem="tab" outcome="ok" workspace_id="w8" tab_id="w8:t1"
2026-09-21T23:13:33.973812Z  INFO herdr::logging: session saved event="persist.save" subsystem="persist" outcome="ok" path=/Users/nathanchoi/.config/herdr/session.json workspaces=4
2026-09-21T23:20:24.837041Z  INFO herdr::logging: workspace focused event="workspace.focus" subsystem="workspace" outcome="ok" workspace_id="w5"
2026-09-21T23:20:24.837823Z  INFO herdr::logging: tab focused event="tab.focus" subsystem="tab" outcome="ok" workspace_id="w5" tab_id="w5:t1"
2026-09-21T23:20:24.838063Z  INFO herdr::logging: workspace focused event="workspace.focus" subsystem="workspace" outcome="ok" workspace_id="w5"
2026-09-21T23:20:24.838077Z  INFO herdr::logging: tab focused event="tab.focus" subsystem="tab" outcome="ok" workspace_id="w5" tab_id="w5:t1"
2026-09-21T23:20:25.535118Z  INFO herdr::logging: workspace focused event="workspace.focus" subsystem="workspace" outcome="ok" workspace_id="w7"
2026-09-21T23:20:25.535161Z  INFO herdr::logging: tab focused event="tab.focus" subsystem="tab" outcome="ok" workspace_id="w7" tab_id="w7:t1"
2026-09-21T23:20:25.535182Z  INFO herdr::logging: workspace focused event="workspace.focus" subsystem="workspace" outcome="ok" workspace_id="w7"
2026-09-21T23:20:25.535187Z  INFO herdr::logging: tab focused event="tab.focus" subsystem="tab" outcome="ok" workspace_id="w7" tab_id="w7:t1"
2026-09-21T23:20:26.490232Z  INFO herdr::logging: tab focused event="tab.focus" subsystem="tab" outcome="ok" workspace_id="w7" tab_id="w7:t1"
2026-09-21T23:20:31.497007Z  INFO herdr::logging: session saved event="persist.save" subsystem="persist" outcome="ok" path=/Users/nathanchoi/.config/herdr/session.json workspaces=4
2026-09-21T23:20:42.455505Z  INFO herdr::logging: tab focused event="tab.focus" subsystem="tab" outcome="ok" workspace_id="w7" tab_id="w7:t1"
2026-09-21T23:20:47.461259Z  INFO herdr::logging: session saved event="persist.save" subsystem="persist" outcome="ok" path=/Users/nathanchoi/.config/herdr/session.json workspaces=4
2026-09-21T23:22:00.890386Z  INFO herdr::logging: tab focused event="tab.focus" subsystem="tab" outcome="ok" workspace_id="w7" tab_id="w7:t1"
2026-09-21T23:22:05.900244Z  INFO herdr::logging: session saved event="persist.save" subsystem="persist" outcome="ok" path=/Users/nathanchoi/.config/herdr/session.json workspaces=4
2026-09-21T23:22:49.347192Z  INFO herdr::logging: tab focused event="tab.focus" subsystem="tab" outcome="ok" workspace_id="w7" tab_id="w7:t1"
2026-09-21T23:22:54.354833Z  INFO herdr::logging: session saved event="persist.save" subsystem="persist" outcome="ok" path=/Users/nathanchoi/.config/herdr/session.json workspaces=4
2026-09-21T23:24:16.271964Z  INFO herdr::logging: tab focused event="tab.focus" subsystem="tab" outcome="ok" workspace_id="w7" tab_id="w7:t1"
2026-09-21T23:24:21.289886Z  INFO herdr::logging: session saved event="persist.save" subsystem="persist" outcome="ok" path=/Users/nathanchoi/.config/herdr/session.json workspaces=4
2026-09-21T23:25:17.380242Z  INFO herdr::logging: workspace focused event="workspace.focus" subsystem="workspace" outcome="ok" workspace_id="w6"
2026-09-21T23:25:17.381270Z  INFO herdr::logging: tab focused event="tab.focus" subsystem="tab" outcome="ok" workspace_id="w6" tab_id="w6:t1"
2026-09-21T23:25:17.381352Z  INFO herdr::logging: workspace focused event="workspace.focus" subsystem="workspace" outcome="ok" workspace_id="w6"
2026-09-21T23:25:17.381377Z  INFO herdr::logging: tab focused event="tab.focus" subsystem="tab" outcome="ok" workspace_id="w6" tab_id="w6:t1"
2026-09-21T23:25:22.385244Z  INFO herdr::logging: session saved event="persist.save" subsystem="persist" outcome="ok" path=/Users/nathanchoi/.config/herdr/session.json workspaces=4
2026-09-21T23:25:51.305819Z  INFO herdr::logging: workspace focused event="workspace.focus" subsystem="workspace" outcome="ok" workspace_id="w7"
2026-09-21T23:25:51.307222Z  INFO herdr::logging: tab focused event="tab.focus" subsystem="tab" outcome="ok" workspace_id="w7" tab_id="w7:t1"
2026-09-21T23:25:51.307286Z  INFO herdr::logging: workspace focused event="workspace.focus" subsystem="workspace" outcome="ok" workspace_id="w7"
2026-09-21T23:25:51.307302Z  INFO herdr::logging: tab focused event="tab.focus" subsystem="tab" outcome="ok" workspace_id="w7" tab_id="w7:t1"
2026-09-21T23:25:56.314785Z  INFO herdr::logging: session saved event="persist.save" subsystem="persist" outcome="ok" path=/Users/nathanchoi/.config/herdr/session.json workspaces=4
2026-09-21T23:28:19.103169Z  INFO herdr::logging: tab focused event="tab.focus" subsystem="tab" outcome="ok" workspace_id="w7" tab_id="w7:t1"
2026-09-21T23:28:19.662962Z  INFO herdr::logging: tab focused event="tab.focus" subsystem="tab" outcome="ok" workspace_id="w7" tab_id="w7:t1"
2026-09-21T23:28:24.671059Z  INFO herdr::logging: session saved event="persist.save" subsystem="persist" outcome="ok" path=/Users/nathanchoi/.config/herdr/session.json workspaces=4
2026-09-21T23:29:16.311316Z  INFO herdr::logging: checking for updates event="update.check.start" subsystem="update" outcome="started"
2026-09-21T23:33:49.039824Z  INFO herdr::logging: tab focused event="tab.focus" subsystem="tab" outcome="ok" workspace_id="w7" tab_id="w7:t1"
2026-09-21T23:33:54.055883Z  INFO herdr::logging: session saved event="persist.save" subsystem="persist" outcome="ok" path=/Users/nathanchoi/.config/herdr/session.json workspaces=4
2026-09-21T23:35:51.390762Z  INFO herdr::logging: tab focused event="tab.focus" subsystem="tab" outcome="ok" workspace_id="w7" tab_id="w7:t1"
2026-09-21T23:35:52.251013Z  INFO herdr::logging: tab focused event="tab.focus" subsystem="tab" outcome="ok" workspace_id="w7" tab_id="w7:t1"
2026-09-21T23:35:53.913704Z  INFO herdr::logging: workspace focused event="workspace.focus" subsystem="workspace" outcome="ok" workspace_id="w8"
2026-09-21T23:35:53.913895Z  INFO herdr::logging: tab focused event="tab.focus" subsystem="tab" outcome="ok" workspace_id="w8" tab_id="w8:t1"
2026-09-21T23:35:53.913978Z  INFO herdr::logging: workspace focused event="workspace.focus" subsystem="workspace" outcome="ok" workspace_id="w8"
2026-09-21T23:35:53.913994Z  INFO herdr::logging: tab focused event="tab.focus" subsystem="tab" outcome="ok" workspace_id="w8" tab_id="w8:t1"
2026-09-21T23:35:58.922708Z  INFO herdr::logging: session saved event="persist.save" subsystem="persist" outcome="ok" path=/Users/nathanchoi/.config/herdr/session.json workspaces=4
2026-09-21T23:40:14.227617Z  INFO herdr::logging: workspace focused event="workspace.focus" subsystem="workspace" outcome="ok" workspace_id="w7"
2026-09-21T23:40:14.229254Z  INFO herdr::logging: tab focused event="tab.focus" subsystem="tab" outcome="ok" workspace_id="w7" tab_id="w7:t1"
2026-09-21T23:40:14.229387Z  INFO herdr::logging: workspace focused event="workspace.focus" subsystem="workspace" outcome="ok" workspace_id="w7"
2026-09-21T23:40:14.229407Z  INFO herdr::logging: tab focused event="tab.focus" subsystem="tab" outcome="ok" workspace_id="w7" tab_id="w7:t1"
2026-09-21T23:40:19.239388Z  INFO herdr::logging: session saved event="persist.save" subsystem="persist" outcome="ok" path=/Users/nathanchoi/.config/herdr/session.json workspaces=4
2026-09-21T23:41:23.659359Z  INFO herdr::logging: tab focused event="tab.focus" subsystem="tab" outcome="ok" workspace_id="w7" tab_id="w7:t1"
2026-09-21T23:41:28.667057Z  INFO herdr::logging: session saved event="persist.save" subsystem="persist" outcome="ok" path=/Users/nathanchoi/.config/herdr/session.json workspaces=4
2026-09-21T23:42:27.576591Z  INFO herdr::logging: tab focused event="tab.focus" subsystem="tab" outcome="ok" workspace_id="w7" tab_id="w7:t1"
2026-09-21T23:42:28.561517Z  INFO herdr::logging: workspace focused event="workspace.focus" subsystem="workspace" outcome="ok" workspace_id="w8"
2026-09-21T23:42:28.561555Z  INFO herdr::logging: tab focused event="tab.focus" subsystem="tab" outcome="ok" workspace_id="w8" tab_id="w8:t1"
2026-09-21T23:42:28.561572Z  INFO herdr::logging: workspace focused event="workspace.focus" subsystem="workspace" outcome="ok" workspace_id="w8"
2026-09-21T23:42:28.561577Z  INFO herdr::logging: tab focused event="tab.focus" subsystem="tab" outcome="ok" workspace_id="w8" tab_id="w8:t1"
2026-09-21T23:42:31.528824Z  INFO herdr::logging: workspace focused event="workspace.focus" subsystem="workspace" outcome="ok" workspace_id="w7"
2026-09-21T23:42:31.528864Z  INFO herdr::logging: tab focused event="tab.focus" subsystem="tab" outcome="ok" workspace_id="w7" tab_id="w7:t1"
2026-09-21T23:42:31.528885Z  INFO herdr::logging: workspace focused event="workspace.focus" subsystem="workspace" outcome="ok" workspace_id="w7"
2026-09-21T23:42:31.528890Z  INFO herdr::logging: tab focused event="tab.focus" subsystem="tab" outcome="ok" workspace_id="w7" tab_id="w7:t1"
2026-09-21T23:42:32.437000Z  INFO herdr::logging: tab focused event="tab.focus" subsystem="tab" outcome="ok" workspace_id="w7" tab_id="w7:t1"
2026-09-21T23:42:37.443981Z  INFO herdr::logging: session saved event="persist.save" subsystem="persist" outcome="ok" path=/Users/nathanchoi/.config/herdr/session.json workspaces=4
2026-09-21T23:42:56.720420Z  INFO herdr::logging: tab focused event="tab.focus" subsystem="tab" outcome="ok" workspace_id="w7" tab_id="w7:t1"
2026-09-21T23:43:01.723678Z  INFO herdr::logging: session saved event="persist.save" subsystem="persist" outcome="ok" path=/Users/nathanchoi/.config/herdr/session.json workspaces=4
2026-09-21T23:44:05.884305Z  INFO herdr::logging: tab focused event="tab.focus" subsystem="tab" outcome="ok" workspace_id="w7" tab_id="w7:t1"
2026-09-21T23:44:10.891525Z  INFO herdr::logging: session saved event="persist.save" subsystem="persist" outcome="ok" path=/Users/nathanchoi/.config/herdr/session.json workspaces=4
2026-09-21T23:44:16.700083Z  INFO herdr::logging: tab focused event="tab.focus" subsystem="tab" outcome="ok" workspace_id="w7" tab_id="w7:t1"
2026-09-21T23:44:21.705659Z  INFO herdr::logging: session saved event="persist.save" subsystem="persist" outcome="ok" path=/Users/nathanchoi/.config/herdr/session.json workspaces=4
2026-09-21T23:46:34.098608Z  INFO herdr::logging: tab focused event="tab.focus" subsystem="tab" outcome="ok" workspace_id="w7" tab_id="w7:t1"
2026-09-21T23:46:39.107619Z  INFO herdr::logging: session saved event="persist.save" subsystem="persist" outcome="ok" path=/Users/nathanchoi/.config/herdr/session.json workspaces=4
2026-09-21T23:48:54.873692Z  INFO herdr::logging: tab focused event="tab.focus" subsystem="tab" outcome="ok" workspace_id="w7" tab_id="w7:t1"
2026-09-21T23:48:59.891419Z  INFO herdr::logging: session saved event="persist.save" subsystem="persist" outcome="ok" path=/Users/nathanchoi/.config/herdr/session.json workspaces=4
2026-09-21T23:49:41.055010Z  INFO herdr::logging: tab focused event="tab.focus" subsystem="tab" outcome="ok" workspace_id="w7" tab_id="w7:t1"
2026-09-21T23:49:46.064540Z  INFO herdr::logging: session saved event="persist.save" subsystem="persist" outcome="ok" path=/Users/nathanchoi/.config/herdr/session.json workspaces=4
2026-09-21T23:49:58.193793Z  INFO herdr::logging: workspace focused event="workspace.focus" subsystem="workspace" outcome="ok" workspace_id="w8"
2026-09-21T23:49:58.194174Z  INFO herdr::logging: tab focused event="tab.focus" subsystem="tab" outcome="ok" workspace_id="w8" tab_id="w8:t1"
2026-09-21T23:49:58.194256Z  INFO herdr::logging: workspace focused event="workspace.focus" subsystem="workspace" outcome="ok" workspace_id="w8"
2026-09-21T23:49:58.194273Z  INFO herdr::logging: tab focused event="tab.focus" subsystem="tab" outcome="ok" workspace_id="w8" tab_id="w8:t1"
2026-09-21T23:50:03.201392Z  INFO herdr::logging: session saved event="persist.save" subsystem="persist" outcome="ok" path=/Users/nathanchoi/.config/herdr/session.json workspaces=4
2026-09-21T23:53:31.421351Z  INFO herdr::logging: workspace focused event="workspace.focus" subsystem="workspace" outcome="ok" workspace_id="w5"
2026-09-21T23:53:31.422707Z  INFO herdr::logging: tab focused event="tab.focus" subsystem="tab" outcome="ok" workspace_id="w5" tab_id="w5:t1"
2026-09-21T23:53:31.422804Z  INFO herdr::logging: workspace focused event="workspace.focus" subsystem="workspace" outcome="ok" workspace_id="w5"
2026-09-21T23:53:31.422825Z  INFO herdr::logging: tab focused event="tab.focus" subsystem="tab" outcome="ok" workspace_id="w5" tab_id="w5:t1"
2026-09-21T23:53:32.476652Z  INFO herdr::logging: workspace focused event="workspace.focus" subsystem="workspace" outcome="ok" workspace_id="w6"
2026-09-21T23:53:32.476951Z  INFO herdr::logging: tab focused event="tab.focus" subsystem="tab" outcome="ok" workspace_id="w6" tab_id="w6:t1"
2026-09-21T23:53:32.477054Z  INFO herdr::logging: workspace focused event="workspace.focus" subsystem="workspace" outcome="ok" workspace_id="w6"
2026-09-21T23:53:32.477076Z  INFO herdr::logging: tab focused event="tab.focus" subsystem="tab" outcome="ok" workspace_id="w6" tab_id="w6:t1"
2026-09-21T23:53:37.485753Z  INFO herdr::logging: session saved event="persist.save" subsystem="persist" outcome="ok" path=/Users/nathanchoi/.config/herdr/session.json workspaces=4
2026-09-21T23:54:08.181525Z  INFO herdr::logging: workspace focused event="workspace.focus" subsystem="workspace" outcome="ok" workspace_id="w5"
2026-09-21T23:54:08.182039Z  INFO herdr::logging: tab focused event="tab.focus" subsystem="tab" outcome="ok" workspace_id="w5" tab_id="w5:t1"
2026-09-21T23:54:08.182129Z  INFO herdr::logging: workspace focused event="workspace.focus" subsystem="workspace" outcome="ok" workspace_id="w5"
2026-09-21T23:54:08.182146Z  INFO herdr::logging: tab focused event="tab.focus" subsystem="tab" outcome="ok" workspace_id="w5" tab_id="w5:t1"
2026-09-21T23:54:08.649160Z  INFO herdr::logging: workspace focused event="workspace.focus" subsystem="workspace" outcome="ok" workspace_id="w8"
2026-09-21T23:54:08.649370Z  INFO herdr::logging: tab focused event="tab.focus" subsystem="tab" outcome="ok" workspace_id="w8" tab_id="w8:t1"
2026-09-21T23:54:08.649472Z  INFO herdr::logging: workspace focused event="workspace.focus" subsystem="workspace" outcome="ok" workspace_id="w8"
2026-09-21T23:54:08.649492Z  INFO herdr::logging: tab focused event="tab.focus" subsystem="tab" outcome="ok" workspace_id="w8" tab_id="w8:t1"
2026-09-21T23:54:13.658363Z  INFO herdr::logging: session saved event="persist.save" subsystem="persist" outcome="ok" path=/Users/nathanchoi/.config/herdr/session.json workspaces=4
2026-09-21T23:59:16.326172Z  INFO herdr::logging: checking for updates event="update.check.start" subsystem="update" outcome="started"
2026-09-22T00:05:59.934631Z  INFO herdr::logging: workspace focused event="workspace.focus" subsystem="workspace" outcome="ok" workspace_id="w5"
2026-09-22T00:05:59.938449Z  INFO herdr::logging: tab focused event="tab.focus" subsystem="tab" outcome="ok" workspace_id="w5" tab_id="w5:t1"
2026-09-22T00:05:59.939219Z  INFO herdr::logging: workspace focused event="workspace.focus" subsystem="workspace" outcome="ok" workspace_id="w5"
2026-09-22T00:05:59.939241Z  INFO herdr::logging: tab focused event="tab.focus" subsystem="tab" outcome="ok" workspace_id="w5" tab_id="w5:t1"
2026-09-22T00:06:00.472744Z  INFO herdr::logging: workspace focused event="workspace.focus" subsystem="workspace" outcome="ok" workspace_id="w7"
2026-09-22T00:06:00.472877Z  INFO herdr::logging: tab focused event="tab.focus" subsystem="tab" outcome="ok" workspace_id="w7" tab_id="w7:t1"
2026-09-22T00:06:00.472981Z  INFO herdr::logging: workspace focused event="workspace.focus" subsystem="workspace" outcome="ok" workspace_id="w7"
2026-09-22T00:06:00.473013Z  INFO herdr::logging: tab focused event="tab.focus" subsystem="tab" outcome="ok" workspace_id="w7" tab_id="w7:t1"
2026-09-22T00:06:05.483844Z  INFO herdr::logging: session saved event="persist.save" subsystem="persist" outcome="ok" path=/Users/nathanchoi/.config/herdr/session.json workspaces=4
2026-09-22T00:07:14.111510Z  INFO herdr::logging: tab focused event="tab.focus" subsystem="tab" outcome="ok" workspace_id="w7" tab_id="w7:t1"
2026-09-22T00:07:19.136392Z  INFO herdr::logging: session saved event="persist.save" subsystem="persist" outcome="ok" path=/Users/nathanchoi/.config/herdr/session.json workspaces=4
2026-09-22T00:14:25.688577Z  INFO herdr::logging: spawning pane terminal event="pane.spawn.start" subsystem="pane" outcome="started" pane_id=24 rows=61 cols=105 scrollback_limit_bytes=10000000
2026-09-22T00:14:25.730398Z  INFO herdr::logging: pane child spawned event="pane.spawned" subsystem="pane" outcome="ok" pane_id=24 pid=71731
2026-09-22T00:14:25.731741Z  INFO herdr::logging: tab focused event="tab.focus" subsystem="tab" outcome="ok" workspace_id="w7" tab_id="w7:t1"
2026-09-22T00:14:29.806736Z  INFO herdr::pane: agent changed pane=24 previous_agent=None agent=Some(Codex) process=codex pgid=Some(71760)
2026-09-22T00:14:30.789527Z  INFO herdr::logging: session saved event="persist.save" subsystem="persist" outcome="ok" path=/Users/nathanchoi/.config/herdr/session.json workspaces=4
2026-09-22T00:14:49.657639Z  INFO herdr::logging: session saved event="persist.save" subsystem="persist" outcome="ok" path=/Users/nathanchoi/.config/herdr/session.json workspaces=4
2026-09-22T00:15:00.179575Z  INFO herdr::logging: session saved event="persist.save" subsystem="persist" outcome="ok" path=/Users/nathanchoi/.config/herdr/session.json workspaces=4
2026-09-22T00:16:48.720574Z  INFO herdr::logging: workspace focused event="workspace.focus" subsystem="workspace" outcome="ok" workspace_id="w5"
2026-09-22T00:16:48.721065Z  INFO herdr::logging: tab focused event="tab.focus" subsystem="tab" outcome="ok" workspace_id="w5" tab_id="w5:t1"
2026-09-22T00:16:48.721168Z  INFO herdr::logging: workspace focused event="workspace.focus" subsystem="workspace" outcome="ok" workspace_id="w5"
2026-09-22T00:16:48.721188Z  INFO herdr::logging: tab focused event="tab.focus" subsystem="tab" outcome="ok" workspace_id="w5" tab_id="w5:t1"
2026-09-22T00:16:49.877899Z  INFO herdr::logging: tab focused event="tab.focus" subsystem="tab" outcome="ok" workspace_id="w5" tab_id="w5:t2"
2026-09-22T00:16:49.879932Z  INFO herdr::logging: tab focused event="tab.focus" subsystem="tab" outcome="ok" workspace_id="w5" tab_id="w5:t2"
2026-09-22T00:16:53.408393Z  INFO herdr::logging: tab focused event="tab.focus" subsystem="tab" outcome="ok" workspace_id="w5" tab_id="w5:t2"
2026-09-22T00:16:56.972861Z  INFO herdr::logging: tab focused event="tab.focus" subsystem="tab" outcome="ok" workspace_id="w5" tab_id="w5:t2"
2026-09-22T00:16:58.914008Z  INFO herdr::logging: pane child exited event="pane.exit" subsystem="pane" outcome="completed" pane_id=6 status="ExitStatus { code: 0, signal: None }"
2026-09-22T00:16:58.914710Z  INFO herdr::pane: pane session terminated pane=6 pid=45509 signal=Hangup
2026-09-22T00:17:01.619833Z  INFO herdr::logging: tab focused event="tab.focus" subsystem="tab" outcome="ok" workspace_id="w5" tab_id="w5:t1"
2026-09-22T00:17:01.619921Z  INFO herdr::logging: tab focused event="tab.focus" subsystem="tab" outcome="ok" workspace_id="w5" tab_id="w5:t1"
2026-09-22T00:17:03.646332Z  INFO herdr::pane: agent changed pane=5 previous_agent=None agent=Some(Codex) process=codex pgid=Some(72206)
2026-09-22T00:17:06.629322Z  INFO herdr::logging: session saved event="persist.save" subsystem="persist" outcome="ok" path=/Users/nathanchoi/.config/herdr/session.json workspaces=4
2026-09-22T00:18:01.790757Z  INFO herdr::logging: session saved event="persist.save" subsystem="persist" outcome="ok" path=/Users/nathanchoi/.config/herdr/session.json workspaces=4
2026-09-22T00:19:04.947363Z  INFO herdr::logging: workspace focused event="workspace.focus" subsystem="workspace" outcome="ok" workspace_id="w7"
2026-09-22T00:19:04.947722Z  INFO herdr::logging: tab focused event="tab.focus" subsystem="tab" outcome="ok" workspace_id="w7" tab_id="w7:t1"
2026-09-22T00:19:04.947779Z  INFO herdr::logging: tab focused event="tab.focus" subsystem="tab" outcome="ok" workspace_id="w7" tab_id="w7:t1"
2026-09-22T00:19:09.968620Z  INFO herdr::logging: session saved event="persist.save" subsystem="persist" outcome="ok" path=/Users/nathanchoi/.config/herdr/session.json workspaces=4
2026-09-22T00:19:13.220813Z  INFO herdr::pane: agent changed pane=15 previous_agent=Some(Codex) agent=None pgid=Some(49271)
2026-09-22T00:19:14.760709Z  INFO herdr::logging: pane child exited event="pane.exit" subsystem="pane" outcome="completed" pane_id=15 status="ExitStatus { code: 0, signal: None }"
2026-09-22T00:19:14.762012Z  INFO herdr::pane: pane session terminated pane=15 pid=49271 signal=Hangup
2026-09-22T00:19:21.770253Z  INFO herdr::pane: agent changed pane=24 previous_agent=Some(Codex) agent=None pgid=Some(71731)
2026-09-22T00:19:26.470721Z  INFO herdr::logging: session saved event="persist.save" subsystem="persist" outcome="ok" path=/Users/nathanchoi/.config/herdr/session.json workspaces=4
2026-09-22T00:19:28.812557Z  INFO herdr::pane: agent changed pane=24 previous_agent=None agent=Some(Codex) process=codex pgid=Some(72681)
2026-09-22T00:19:41.212784Z  INFO herdr::pane: agent changed pane=24 previous_agent=Some(Codex) agent=None pgid=Some(71731)
2026-09-22T00:19:41.717699Z  INFO herdr::pane: agent changed pane=24 previous_agent=None agent=Some(Codex) process=codex pgid=Some(72834)
2026-09-22T00:19:47.829298Z  INFO herdr::logging: tab focused event="tab.focus" subsystem="tab" outcome="ok" workspace_id="w7" tab_id="w7:t1"
2026-09-22T00:19:49.200335Z  INFO herdr::logging: tab focused event="tab.focus" subsystem="tab" outcome="ok" workspace_id="w7" tab_id="w7:t1"
2026-09-22T00:19:49.594719Z  INFO herdr::logging: tab focused event="tab.focus" subsystem="tab" outcome="ok" workspace_id="w7" tab_id="w7:t1"
2026-09-22T00:19:49.969923Z  INFO herdr::logging: tab focused event="tab.focus" subsystem="tab" outcome="ok" workspace_id="w7" tab_id="w7:t1"
2026-09-22T00:19:51.144113Z  INFO herdr::logging: tab focused event="tab.focus" subsystem="tab" outcome="ok" workspace_id="w7" tab_id="w7:t3"
2026-09-22T00:19:53.201294Z  INFO herdr::logging: tab focused event="tab.focus" subsystem="tab" outcome="ok" workspace_id="w7" tab_id="w7:t1"
2026-09-22T00:19:53.201445Z  INFO herdr::logging: tab focused event="tab.focus" subsystem="tab" outcome="ok" workspace_id="w7" tab_id="w7:t1"
2026-09-22T00:19:54.495777Z  INFO herdr::logging: tab focused event="tab.focus" subsystem="tab" outcome="ok" workspace_id="w7" tab_id="w7:t1"
2026-09-22T00:19:54.775888Z  INFO herdr::logging: tab focused event="tab.focus" subsystem="tab" outcome="ok" workspace_id="w7" tab_id="w7:t1"
2026-09-22T00:19:55.110359Z  INFO herdr::logging: tab focused event="tab.focus" subsystem="tab" outcome="ok" workspace_id="w7" tab_id="w7:t1"
2026-09-22T00:20:00.115660Z  INFO herdr::logging: session saved event="persist.save" subsystem="persist" outcome="ok" path=/Users/nathanchoi/.config/herdr/session.json workspaces=4
2026-09-22T00:20:08.134332Z  INFO herdr::logging: tab renamed event="tab.rename" subsystem="tab" outcome="ok" workspace_id="w7" tab_id="w7:t1"
2026-09-22T00:20:09.294918Z  INFO herdr::logging: tab focused event="tab.focus" subsystem="tab" outcome="ok" workspace_id="w7" tab_id="w7:t3"
2026-09-22T00:20:09.603407Z  INFO herdr::logging: tab focused event="tab.focus" subsystem="tab" outcome="ok" workspace_id="w7" tab_id="w7:t1"
2026-09-22T00:20:09.603529Z  INFO herdr::logging: tab focused event="tab.focus" subsystem="tab" outcome="ok" workspace_id="w7" tab_id="w7:t1"
2026-09-22T00:20:10.017998Z  INFO herdr::logging: tab focused event="tab.focus" subsystem="tab" outcome="ok" workspace_id="w7" tab_id="w7:t1"
2026-09-22T00:20:10.520229Z  INFO herdr::logging: tab focused event="tab.focus" subsystem="tab" outcome="ok" workspace_id="w7" tab_id="w7:t1"
2026-09-22T00:20:10.857794Z  INFO herdr::logging: tab focused event="tab.focus" subsystem="tab" outcome="ok" workspace_id="w7" tab_id="w7:t1"
2026-09-22T00:20:11.421513Z  INFO herdr::logging: tab focused event="tab.focus" subsystem="tab" outcome="ok" workspace_id="w7" tab_id="w7:t1"
2026-09-22T00:20:11.672817Z  INFO herdr::logging: tab focused event="tab.focus" subsystem="tab" outcome="ok" workspace_id="w7" tab_id="w7:t1"
2026-09-22T00:20:11.969503Z  INFO herdr::logging: tab focused event="tab.focus" subsystem="tab" outcome="ok" workspace_id="w7" tab_id="w7:t1"
2026-09-22T00:20:12.908890Z  INFO herdr::logging: tab focused event="tab.focus" subsystem="tab" outcome="ok" workspace_id="w7" tab_id="w7:t1"
2026-09-22T00:20:14.509787Z  INFO herdr::logging: tab focused event="tab.focus" subsystem="tab" outcome="ok" workspace_id="w7" tab_id="w7:t1"
2026-09-22T00:20:14.992705Z  INFO herdr::logging: tab focused event="tab.focus" subsystem="tab" outcome="ok" workspace_id="w7" tab_id="w7:t1"
2026-09-22T00:20:21.579518Z  INFO herdr::logging: session saved event="persist.save" subsystem="persist" outcome="ok" path=/Users/nathanchoi/.config/herdr/session.json workspaces=4
2026-09-22T00:20:33.926460Z  INFO herdr::logging: tab focused event="tab.focus" subsystem="tab" outcome="ok" workspace_id="w7" tab_id="w7:t1"
2026-09-22T00:20:34.217926Z  INFO herdr::logging: tab focused event="tab.focus" subsystem="tab" outcome="ok" workspace_id="w7" tab_id="w7:t1"
2026-09-22T00:20:34.534756Z  INFO herdr::logging: workspace focused event="workspace.focus" subsystem="workspace" outcome="ok" workspace_id="w8"
2026-09-22T00:20:34.534985Z  INFO herdr::logging: tab focused event="tab.focus" subsystem="tab" outcome="ok" workspace_id="w8" tab_id="w8:t1"
2026-09-22T00:20:35.312109Z  INFO herdr::logging: workspace focused event="workspace.focus" subsystem="workspace" outcome="ok" workspace_id="w5"
2026-09-22T00:20:35.312439Z  INFO herdr::logging: tab focused event="tab.focus" subsystem="tab" outcome="ok" workspace_id="w5" tab_id="w5:t1"
2026-09-22T00:20:40.323126Z  INFO herdr::logging: session saved event="persist.save" subsystem="persist" outcome="ok" path=/Users/nathanchoi/.config/herdr/session.json workspaces=4
2026-09-22T00:29:16.304048Z  INFO herdr::logging: checking for updates event="update.check.start" subsystem="update" outcome="started"
2026-09-22T00:34:07.002018Z  INFO herdr::logging: workspace focused event="workspace.focus" subsystem="workspace" outcome="ok" workspace_id="w6"
2026-09-22T00:34:07.003147Z  INFO herdr::logging: tab focused event="tab.focus" subsystem="tab" outcome="ok" workspace_id="w6" tab_id="w6:t1"
2026-09-22T00:34:07.003540Z  INFO herdr::logging: workspace focused event="workspace.focus" subsystem="workspace" outcome="ok" workspace_id="w6"
2026-09-22T00:34:07.003569Z  INFO herdr::logging: tab focused event="tab.focus" subsystem="tab" outcome="ok" workspace_id="w6" tab_id="w6:t1"
2026-09-22T00:34:07.470031Z  INFO herdr::logging: workspace focused event="workspace.focus" subsystem="workspace" outcome="ok" workspace_id="w8"
2026-09-22T00:34:07.470141Z  INFO herdr::logging: tab focused event="tab.focus" subsystem="tab" outcome="ok" workspace_id="w8" tab_id="w8:t1"
2026-09-22T00:34:07.470277Z  INFO herdr::logging: workspace focused event="workspace.focus" subsystem="workspace" outcome="ok" workspace_id="w8"
2026-09-22T00:34:07.470311Z  INFO herdr::logging: tab focused event="tab.focus" subsystem="tab" outcome="ok" workspace_id="w8" tab_id="w8:t1"
2026-09-22T00:34:11.397120Z  INFO herdr::logging: workspace focused event="workspace.focus" subsystem="workspace" outcome="ok" workspace_id="w7"
2026-09-22T00:34:11.397315Z  INFO herdr::logging: tab focused event="tab.focus" subsystem="tab" outcome="ok" workspace_id="w7" tab_id="w7:t1"
2026-09-22T00:34:11.397410Z  INFO herdr::logging: workspace focused event="workspace.focus" subsystem="workspace" outcome="ok" workspace_id="w7"
2026-09-22T00:34:11.397431Z  INFO herdr::logging: tab focused event="tab.focus" subsystem="tab" outcome="ok" workspace_id="w7" tab_id="w7:t1"
2026-09-22T00:34:16.403001Z  INFO herdr::logging: session saved event="persist.save" subsystem="persist" outcome="ok" path=/Users/nathanchoi/.config/herdr/session.json workspaces=4
2026-09-22T00:34:17.357662Z  INFO herdr::logging: tab focused event="tab.focus" subsystem="tab" outcome="ok" workspace_id="w7" tab_id="w7:t1"
2026-09-22T00:34:22.372584Z  INFO herdr::logging: session saved event="persist.save" subsystem="persist" outcome="ok" path=/Users/nathanchoi/.config/herdr/session.json workspaces=4
2026-09-22T00:34:30.776631Z  INFO herdr::logging: session saved event="persist.save" subsystem="persist" outcome="ok" path=/Users/nathanchoi/.config/herdr/session.json workspaces=4
2026-09-22T00:35:15.462411Z  INFO herdr::logging: tab focused event="tab.focus" subsystem="tab" outcome="ok" workspace_id="w7" tab_id="w7:t1"
2026-09-22T00:35:16.776739Z  INFO herdr::logging: workspace focused event="workspace.focus" subsystem="workspace" outcome="ok" workspace_id="w5"
2026-09-22T00:35:16.776818Z  INFO herdr::logging: tab focused event="tab.focus" subsystem="tab" outcome="ok" workspace_id="w5" tab_id="w5:t1"
2026-09-22T00:35:16.776863Z  INFO herdr::logging: workspace focused event="workspace.focus" subsystem="workspace" outcome="ok" workspace_id="w5"
2026-09-22T00:35:16.776879Z  INFO herdr::logging: tab focused event="tab.focus" subsystem="tab" outcome="ok" workspace_id="w5" tab_id="w5:t1"
2026-09-22T00:35:21.783591Z  INFO herdr::logging: session saved event="persist.save" subsystem="persist" outcome="ok" path=/Users/nathanchoi/.config/herdr/session.json workspaces=4
2026-09-22T00:36:40.151987Z  INFO herdr::logging: workspace focused event="workspace.focus" subsystem="workspace" outcome="ok" workspace_id="w7"
2026-09-22T00:36:40.153461Z  INFO herdr::logging: tab focused event="tab.focus" subsystem="tab" outcome="ok" workspace_id="w7" tab_id="w7:t1"
2026-09-22T00:36:40.153579Z  INFO herdr::logging: workspace focused event="workspace.focus" subsystem="workspace" outcome="ok" workspace_id="w7"
2026-09-22T00:36:40.153613Z  INFO herdr::logging: tab focused event="tab.focus" subsystem="tab" outcome="ok" workspace_id="w7" tab_id="w7:t1"
2026-09-22T00:36:42.801368Z  INFO herdr::logging: workspace focused event="workspace.focus" subsystem="workspace" outcome="ok" workspace_id="w5"
2026-09-22T00:36:42.801450Z  INFO herdr::logging: tab focused event="tab.focus" subsystem="tab" outcome="ok" workspace_id="w5" tab_id="w5:t1"
2026-09-22T00:36:42.801494Z  INFO herdr::logging: workspace focused event="workspace.focus" subsystem="workspace" outcome="ok" workspace_id="w5"
2026-09-22T00:36:42.801512Z  INFO herdr::logging: tab focused event="tab.focus" subsystem="tab" outcome="ok" workspace_id="w5" tab_id="w5:t1"
2026-09-22T00:36:43.397372Z  INFO herdr::logging: workspace focused event="workspace.focus" subsystem="workspace" outcome="ok" workspace_id="w8"
2026-09-22T00:36:43.397622Z  INFO herdr::logging: tab focused event="tab.focus" subsystem="tab" outcome="ok" workspace_id="w8" tab_id="w8:t1"
2026-09-22T00:36:43.397706Z  INFO herdr::logging: workspace focused event="workspace.focus" subsystem="workspace" outcome="ok" workspace_id="w8"
2026-09-22T00:36:43.397732Z  INFO herdr::logging: tab focused event="tab.focus" subsystem="tab" outcome="ok" workspace_id="w8" tab_id="w8:t1"
2026-09-22T00:36:43.808030Z  INFO herdr::logging: workspace focused event="workspace.focus" subsystem="workspace" outcome="ok" workspace_id="w5"
2026-09-22T00:36:43.808524Z  INFO herdr::logging: tab focused event="tab.focus" subsystem="tab" outcome="ok" workspace_id="w5" tab_id="w5:t1"
2026-09-22T00:36:43.808623Z  INFO herdr::logging: workspace focused event="workspace.focus" subsystem="workspace" outcome="ok" workspace_id="w5"
2026-09-22T00:36:43.808639Z  INFO herdr::logging: tab focused event="tab.focus" subsystem="tab" outcome="ok" workspace_id="w5" tab_id="w5:t1"
2026-09-22T00:36:48.817917Z  INFO herdr::logging: session saved event="persist.save" subsystem="persist" outcome="ok" path=/Users/nathanchoi/.config/herdr/session.json workspaces=4
2026-09-22T00:38:06.603269Z  INFO herdr::logging: workspace focused event="workspace.focus" subsystem="workspace" outcome="ok" workspace_id="w7"
2026-09-22T00:38:06.604649Z  INFO herdr::logging: tab focused event="tab.focus" subsystem="tab" outcome="ok" workspace_id="w7" tab_id="w7:t1"
2026-09-22T00:38:07.027062Z  INFO herdr::logging: tab focused event="tab.focus" subsystem="tab" outcome="ok" workspace_id="w7" tab_id="w7:t1"
2026-09-22T00:38:12.363169Z  INFO herdr::logging: session saved event="persist.save" subsystem="persist" outcome="ok" path=/Users/nathanchoi/.config/herdr/session.json workspaces=4
2026-09-22T00:42:02.955347Z  INFO herdr::logging: tab focused event="tab.focus" subsystem="tab" outcome="ok" workspace_id="w7" tab_id="w7:t1"
2026-09-22T00:42:07.962831Z  INFO herdr::logging: session saved event="persist.save" subsystem="persist" outcome="ok" path=/Users/nathanchoi/.config/herdr/session.json workspaces=4
2026-09-22T00:42:12.024550Z  INFO herdr::logging: tab focused event="tab.focus" subsystem="tab" outcome="ok" workspace_id="w7" tab_id="w7:t1"
2026-09-22T00:42:17.031155Z  INFO herdr::logging: session saved event="persist.save" subsystem="persist" outcome="ok" path=/Users/nathanchoi/.config/herdr/session.json workspaces=4
2026-09-22T00:42:41.342987Z  INFO herdr::logging: tab focused event="tab.focus" subsystem="tab" outcome="ok" workspace_id="w7" tab_id="w7:t1"
2026-09-22T00:42:43.004229Z  INFO herdr::logging: tab focused event="tab.focus" subsystem="tab" outcome="ok" workspace_id="w7" tab_id="w7:t1"
2026-09-22T00:42:43.792168Z  INFO herdr::logging: workspace focused event="workspace.focus" subsystem="workspace" outcome="ok" workspace_id="w8"
2026-09-22T00:42:43.792450Z  INFO herdr::logging: tab focused event="tab.focus" subsystem="tab" outcome="ok" workspace_id="w8" tab_id="w8:t1"
2026-09-22T00:42:44.451375Z  INFO herdr::logging: workspace focused event="workspace.focus" subsystem="workspace" outcome="ok" workspace_id="w7"
2026-09-22T00:42:44.451495Z  INFO herdr::logging: tab focused event="tab.focus" subsystem="tab" outcome="ok" workspace_id="w7" tab_id="w7:t1"
2026-09-22T00:42:44.451594Z  INFO herdr::logging: tab focused event="tab.focus" subsystem="tab" outcome="ok" workspace_id="w7" tab_id="w7:t1"
2026-09-22T00:42:49.456551Z  INFO herdr::logging: session saved event="persist.save" subsystem="persist" outcome="ok" path=/Users/nathanchoi/.config/herdr/session.json workspaces=4
2026-09-22T00:42:52.238793Z  INFO herdr::logging: tab focused event="tab.focus" subsystem="tab" outcome="ok" workspace_id="w7" tab_id="w7:t3"
2026-09-22T00:42:52.240031Z  INFO herdr::logging: tab focused event="tab.focus" subsystem="tab" outcome="ok" workspace_id="w7" tab_id="w7:t3"
2026-09-22T00:42:53.166290Z  INFO herdr::logging: tab focused event="tab.focus" subsystem="tab" outcome="ok" workspace_id="w7" tab_id="w7:t1"
2026-09-22T00:42:53.166806Z  INFO herdr::logging: tab focused event="tab.focus" subsystem="tab" outcome="ok" workspace_id="w7" tab_id="w7:t1"
2026-09-22T00:42:55.500952Z  INFO herdr::logging: workspace focused event="workspace.focus" subsystem="workspace" outcome="ok" workspace_id="w6"
2026-09-22T00:42:55.501050Z  INFO herdr::logging: tab focused event="tab.focus" subsystem="tab" outcome="ok" workspace_id="w6" tab_id="w6:t1"
2026-09-22T00:42:55.501102Z  INFO herdr::logging: workspace focused event="workspace.focus" subsystem="workspace" outcome="ok" workspace_id="w6"
2026-09-22T00:42:55.501123Z  INFO herdr::logging: tab focused event="tab.focus" subsystem="tab" outcome="ok" workspace_id="w6" tab_id="w6:t1"
2026-09-22T00:42:55.901728Z  INFO herdr::logging: workspace focused event="workspace.focus" subsystem="workspace" outcome="ok" workspace_id="w5"
2026-09-22T00:42:55.901822Z  INFO herdr::logging: tab focused event="tab.focus" subsystem="tab" outcome="ok" workspace_id="w5" tab_id="w5:t1"
2026-09-22T00:42:55.901874Z  INFO herdr::logging: workspace focused event="workspace.focus" subsystem="workspace" outcome="ok" workspace_id="w5"
2026-09-22T00:42:55.901891Z  INFO herdr::logging: tab focused event="tab.focus" subsystem="tab" outcome="ok" workspace_id="w5" tab_id="w5:t1"
2026-09-22T00:43:00.905009Z  INFO herdr::logging: session saved event="persist.save" subsystem="persist" outcome="ok" path=/Users/nathanchoi/.config/herdr/session.json workspaces=4
2026-09-22T00:43:02.817044Z  INFO herdr::logging: workspace focused event="workspace.focus" subsystem="workspace" outcome="ok" workspace_id="w7"
2026-09-22T00:43:02.817132Z  INFO herdr::logging: tab focused event="tab.focus" subsystem="tab" outcome="ok" workspace_id="w7" tab_id="w7:t1"
2026-09-22T00:43:02.817183Z  INFO herdr::logging: tab focused event="tab.focus" subsystem="tab" outcome="ok" workspace_id="w7" tab_id="w7:t1"
2026-09-22T00:43:03.767446Z  INFO herdr::logging: workspace focused event="workspace.focus" subsystem="workspace" outcome="ok" workspace_id="w8"
2026-09-22T00:43:03.767645Z  INFO herdr::logging: tab focused event="tab.focus" subsystem="tab" outcome="ok" workspace_id="w8" tab_id="w8:t1"
2026-09-22T00:43:04.294605Z  INFO herdr::logging: workspace focused event="workspace.focus" subsystem="workspace" outcome="ok" workspace_id="w7"
2026-09-22T00:43:04.294939Z  INFO herdr::logging: tab focused event="tab.focus" subsystem="tab" outcome="ok" workspace_id="w7" tab_id="w7:t1"
2026-09-22T00:43:04.295093Z  INFO herdr::logging: tab focused event="tab.focus" subsystem="tab" outcome="ok" workspace_id="w7" tab_id="w7:t1"
2026-09-22T00:43:04.963831Z  INFO herdr::logging: workspace focused event="workspace.focus" subsystem="workspace" outcome="ok" workspace_id="w8"
2026-09-22T00:43:04.963907Z  INFO herdr::logging: tab focused event="tab.focus" subsystem="tab" outcome="ok" workspace_id="w8" tab_id="w8:t1"
2026-09-22T00:43:07.313270Z  INFO herdr::logging: workspace focused event="workspace.focus" subsystem="workspace" outcome="ok" workspace_id="w7"
2026-09-22T00:43:07.313541Z  INFO herdr::logging: tab focused event="tab.focus" subsystem="tab" outcome="ok" workspace_id="w7" tab_id="w7:t1"
2026-09-22T00:43:07.313644Z  INFO herdr::logging: tab focused event="tab.focus" subsystem="tab" outcome="ok" workspace_id="w7" tab_id="w7:t1"
2026-09-22T00:43:10.410549Z  INFO herdr::logging: tab focused event="tab.focus" subsystem="tab" outcome="ok" workspace_id="w7" tab_id="w7:t1"
2026-09-22T00:43:10.792791Z  INFO herdr::logging: tab focused event="tab.focus" subsystem="tab" outcome="ok" workspace_id="w7" tab_id="w7:t1"
2026-09-22T00:43:11.303629Z  INFO herdr::logging: workspace focused event="workspace.focus" subsystem="workspace" outcome="ok" workspace_id="w8"
2026-09-22T00:43:11.303669Z  INFO herdr::logging: tab focused event="tab.focus" subsystem="tab" outcome="ok" workspace_id="w8" tab_id="w8:t1"
2026-09-22T00:43:11.732636Z  INFO herdr::logging: workspace focused event="workspace.focus" subsystem="workspace" outcome="ok" workspace_id="w7"
2026-09-22T00:43:11.732692Z  INFO herdr::logging: tab focused event="tab.focus" subsystem="tab" outcome="ok" workspace_id="w7" tab_id="w7:t3"
2026-09-22T00:43:12.185524Z  INFO herdr::logging: tab focused event="tab.focus" subsystem="tab" outcome="ok" workspace_id="w7" tab_id="w7:t1"
2026-09-22T00:43:12.902802Z  INFO herdr::logging: workspace focused event="workspace.focus" subsystem="workspace" outcome="ok" workspace_id="w8"
2026-09-22T00:43:12.902928Z  INFO herdr::logging: tab focused event="tab.focus" subsystem="tab" outcome="ok" workspace_id="w8" tab_id="w8:t1"
2026-09-22T00:43:13.481857Z  INFO herdr::logging: workspace focused event="workspace.focus" subsystem="workspace" outcome="ok" workspace_id="w7"
2026-09-22T00:43:13.482100Z  INFO herdr::logging: tab focused event="tab.focus" subsystem="tab" outcome="ok" workspace_id="w7" tab_id="w7:t1"
2026-09-22T00:43:14.522277Z  INFO herdr::logging: workspace focused event="workspace.focus" subsystem="workspace" outcome="ok" workspace_id="w5"
2026-09-22T00:43:14.522548Z  INFO herdr::logging: tab focused event="tab.focus" subsystem="tab" outcome="ok" workspace_id="w5" tab_id="w5:t1"
2026-09-22T00:43:14.522666Z  INFO herdr::logging: workspace focused event="workspace.focus" subsystem="workspace" outcome="ok" workspace_id="w5"
2026-09-22T00:43:14.522701Z  INFO herdr::logging: tab focused event="tab.focus" subsystem="tab" outcome="ok" workspace_id="w5" tab_id="w5:t1"
2026-09-22T00:43:15.001981Z  INFO herdr::logging: workspace focused event="workspace.focus" subsystem="workspace" outcome="ok" workspace_id="w8"
2026-09-22T00:43:15.002239Z  INFO herdr::logging: tab focused event="tab.focus" subsystem="tab" outcome="ok" workspace_id="w8" tab_id="w8:t1"
2026-09-22T00:43:15.002745Z  INFO herdr::logging: workspace focused event="workspace.focus" subsystem="workspace" outcome="ok" workspace_id="w8"
2026-09-22T00:43:15.002839Z  INFO herdr::logging: tab focused event="tab.focus" subsystem="tab" outcome="ok" workspace_id="w8" tab_id="w8:t1"
2026-09-22T00:43:15.433438Z  INFO herdr::logging: workspace focused event="workspace.focus" subsystem="workspace" outcome="ok" workspace_id="w6"
2026-09-22T00:43:15.433593Z  INFO herdr::logging: tab focused event="tab.focus" subsystem="tab" outcome="ok" workspace_id="w6" tab_id="w6:t1"
2026-09-22T00:43:15.433680Z  INFO herdr::logging: workspace focused event="workspace.focus" subsystem="workspace" outcome="ok" workspace_id="w6"
2026-09-22T00:43:15.433700Z  INFO herdr::logging: tab focused event="tab.focus" subsystem="tab" outcome="ok" workspace_id="w6" tab_id="w6:t1"
2026-09-22T00:43:18.018321Z  INFO herdr::logging: tab focused event="tab.focus" subsystem="tab" outcome="ok" workspace_id="w6" tab_id="w6:t1"
2026-09-22T00:43:18.562985Z  INFO herdr::logging: tab focused event="tab.focus" subsystem="tab" outcome="ok" workspace_id="w6" tab_id="w6:t1"
2026-09-22T00:43:18.969978Z  INFO herdr::logging: tab focused event="tab.focus" subsystem="tab" outcome="ok" workspace_id="w6" tab_id="w6:t1"
2026-09-22T00:43:23.976424Z  INFO herdr::logging: session saved event="persist.save" subsystem="persist" outcome="ok" path=/Users/nathanchoi/.config/herdr/session.json workspaces=4
2026-09-22T00:43:40.313471Z  INFO herdr::logging: spawning pane terminal event="pane.spawn.start" subsystem="pane" outcome="started" pane_id=25 rows=61 cols=105 scrollback_limit_bytes=10000000
2026-09-22T00:43:40.355498Z  INFO herdr::logging: pane child spawned event="pane.spawned" subsystem="pane" outcome="ok" pane_id=25 pid=74322
2026-09-22T00:43:40.371518Z  INFO herdr::logging: workspace created event="workspace.create" subsystem="workspace" outcome="ok" workspace_id="wA" pane_id=25
2026-09-22T00:43:40.375442Z  INFO herdr::logging: workspace focused event="workspace.focus" subsystem="workspace" outcome="ok" workspace_id="wA"
2026-09-22T00:43:40.375667Z  INFO herdr::logging: tab focused event="tab.focus" subsystem="tab" outcome="ok" workspace_id="wA" tab_id="wA:t1"
2026-09-22T00:43:45.385866Z  INFO herdr::logging: session saved event="persist.save" subsystem="persist" outcome="ok" path=/Users/nathanchoi/.config/herdr/session.json workspaces=5
2026-09-22T00:44:05.570938Z  INFO herdr::pane: agent changed pane=25 previous_agent=None agent=Some(Codex) process=codex pgid=Some(74513)
2026-09-22T00:44:21.019192Z  INFO herdr::logging: workspace focused event="workspace.focus" subsystem="workspace" outcome="ok" workspace_id="w7"
2026-09-22T00:44:21.019511Z  INFO herdr::logging: tab focused event="tab.focus" subsystem="tab" outcome="ok" workspace_id="w7" tab_id="w7:t1"
2026-09-22T00:44:21.019573Z  INFO herdr::logging: workspace focused event="workspace.focus" subsystem="workspace" outcome="ok" workspace_id="w7"
2026-09-22T00:44:21.019590Z  INFO herdr::logging: tab focused event="tab.focus" subsystem="tab" outcome="ok" workspace_id="w7" tab_id="w7:t1"
2026-09-22T00:44:22.232471Z  INFO herdr::logging: tab focused event="tab.focus" subsystem="tab" outcome="ok" workspace_id="w7" tab_id="w7:t1"
2026-09-22T00:44:25.576102Z  INFO herdr::logging: workspace focused event="workspace.focus" subsystem="workspace" outcome="ok" workspace_id="w5"
2026-09-22T00:44:25.576184Z  INFO herdr::logging: tab focused event="tab.focus" subsystem="tab" outcome="ok" workspace_id="w5" tab_id="w5:t1"
2026-09-22T00:44:26.841640Z  INFO herdr::logging: workspace focused event="workspace.focus" subsystem="workspace" outcome="ok" workspace_id="w7"
2026-09-22T00:44:26.841911Z  INFO herdr::logging: tab focused event="tab.focus" subsystem="tab" outcome="ok" workspace_id="w7" tab_id="w7:t1"
2026-09-22T00:44:26.841983Z  INFO herdr::logging: tab focused event="tab.focus" subsystem="tab" outcome="ok" workspace_id="w7" tab_id="w7:t1"
2026-09-22T00:44:28.777114Z  INFO herdr::logging: workspace focused event="workspace.focus" subsystem="workspace" outcome="ok" workspace_id="wA"
2026-09-22T00:44:28.777206Z  INFO herdr::logging: tab focused event="tab.focus" subsystem="tab" outcome="ok" workspace_id="wA" tab_id="wA:t1"
2026-09-22T00:44:28.777259Z  INFO herdr::logging: workspace focused event="workspace.focus" subsystem="workspace" outcome="ok" workspace_id="wA"
2026-09-22T00:44:28.777282Z  INFO herdr::logging: tab focused event="tab.focus" subsystem="tab" outcome="ok" workspace_id="wA" tab_id="wA:t1"
2026-09-22T00:44:33.782119Z  INFO herdr::logging: session saved event="persist.save" subsystem="persist" outcome="ok" path=/Users/nathanchoi/.config/herdr/session.json workspaces=5
2026-09-22T00:44:48.726532Z  INFO herdr::logging: workspace focused event="workspace.focus" subsystem="workspace" outcome="ok" workspace_id="w7"
2026-09-22T00:44:48.726761Z  INFO herdr::logging: tab focused event="tab.focus" subsystem="tab" outcome="ok" workspace_id="w7" tab_id="w7:t1"
2026-09-22T00:44:49.071642Z  INFO herdr::pane: agent changed pane=25 previous_agent=Some(Codex) agent=None pgid=Some(74322)
2026-09-22T00:44:50.583219Z  INFO herdr::logging: workspace focused event="workspace.focus" subsystem="workspace" outcome="ok" workspace_id="w5"
2026-09-22T00:44:50.583265Z  INFO herdr::logging: tab focused event="tab.focus" subsystem="tab" outcome="ok" workspace_id="w5" tab_id="w5:t1"
2026-09-22T00:44:51.833106Z  INFO herdr::logging: workspace focused event="workspace.focus" subsystem="workspace" outcome="ok" workspace_id="w7"
2026-09-22T00:44:51.833141Z  INFO herdr::logging: tab focused event="tab.focus" subsystem="tab" outcome="ok" workspace_id="w7" tab_id="w7:t1"
2026-09-22T00:44:52.960683Z  INFO herdr::logging: workspace focused event="workspace.focus" subsystem="workspace" outcome="ok" workspace_id="wA"
2026-09-22T00:44:52.960722Z  INFO herdr::logging: tab focused event="tab.focus" subsystem="tab" outcome="ok" workspace_id="wA" tab_id="wA:t1"
2026-09-22T00:44:52.960751Z  INFO herdr::logging: workspace focused event="workspace.focus" subsystem="workspace" outcome="ok" workspace_id="wA"
2026-09-22T00:44:52.960760Z  INFO herdr::logging: tab focused event="tab.focus" subsystem="tab" outcome="ok" workspace_id="wA" tab_id="wA:t1"
2026-09-22T00:44:57.964261Z  INFO herdr::logging: session saved event="persist.save" subsystem="persist" outcome="ok" path=/Users/nathanchoi/.config/herdr/session.json workspaces=5
2026-09-22T00:45:00.086786Z  INFO herdr::logging: workspace focused event="workspace.focus" subsystem="workspace" outcome="ok" workspace_id="w8"
2026-09-22T00:45:00.086879Z  INFO herdr::logging: tab focused event="tab.focus" subsystem="tab" outcome="ok" workspace_id="w8" tab_id="w8:t1"
2026-09-22T00:45:00.086934Z  INFO herdr::logging: workspace focused event="workspace.focus" subsystem="workspace" outcome="ok" workspace_id="w8"
2026-09-22T00:45:00.086949Z  INFO herdr::logging: tab focused event="tab.focus" subsystem="tab" outcome="ok" workspace_id="w8" tab_id="w8:t1"
2026-09-22T00:45:00.761700Z  INFO herdr::logging: workspace focused event="workspace.focus" subsystem="workspace" outcome="ok" workspace_id="w7"
2026-09-22T00:45:00.761741Z  INFO herdr::logging: tab focused event="tab.focus" subsystem="tab" outcome="ok" workspace_id="w7" tab_id="w7:t1"
2026-09-22T00:45:00.761776Z  INFO herdr::logging: workspace focused event="workspace.focus" subsystem="workspace" outcome="ok" workspace_id="w7"
2026-09-22T00:45:00.761799Z  INFO herdr::logging: tab focused event="tab.focus" subsystem="tab" outcome="ok" workspace_id="w7" tab_id="w7:t1"
2026-09-22T00:45:01.333298Z  INFO herdr::logging: tab focused event="tab.focus" subsystem="tab" outcome="ok" workspace_id="w7" tab_id="w7:t1"
2026-09-22T00:45:04.388136Z  INFO herdr::logging: spawning pane terminal event="pane.spawn.start" subsystem="pane" outcome="started" pane_id=26 rows=61 cols=103 scrollback_limit_bytes=10000000
2026-09-22T00:45:04.393772Z  INFO herdr::logging: pane child spawned event="pane.spawned" subsystem="pane" outcome="ok" pane_id=26 pid=75763
2026-09-22T00:45:04.394041Z  INFO herdr::logging: tab focused event="tab.focus" subsystem="tab" outcome="ok" workspace_id="w7" tab_id="w7:t1"
2026-09-22T00:45:09.342487Z  INFO herdr::logging: pane child exited event="pane.exit" subsystem="pane" outcome="completed" pane_id=26 status="ExitStatus { code: 0, signal: None }"
2026-09-22T00:45:09.342951Z  INFO herdr::pane: pane session terminated pane=26 pid=75763 signal=Hangup
2026-09-22T00:45:14.346760Z  INFO herdr::logging: session saved event="persist.save" subsystem="persist" outcome="ok" path=/Users/nathanchoi/.config/herdr/session.json workspaces=5
2026-09-22T00:45:25.408187Z  INFO herdr::logging: tab focused event="tab.focus" subsystem="tab" outcome="ok" workspace_id="w7" tab_id="w7:t1"
2026-09-22T00:45:30.416702Z  INFO herdr::logging: session saved event="persist.save" subsystem="persist" outcome="ok" path=/Users/nathanchoi/.config/herdr/session.json workspaces=5
2026-09-22T00:45:31.952607Z  INFO herdr::logging: workspace focused event="workspace.focus" subsystem="workspace" outcome="ok" workspace_id="wA"
2026-09-22T00:45:31.952654Z  INFO herdr::logging: tab focused event="tab.focus" subsystem="tab" outcome="ok" workspace_id="wA" tab_id="wA:t1"
2026-09-22T00:45:31.952676Z  INFO herdr::logging: workspace focused event="workspace.focus" subsystem="workspace" outcome="ok" workspace_id="wA"
2026-09-22T00:45:31.952681Z  INFO herdr::logging: tab focused event="tab.focus" subsystem="tab" outcome="ok" workspace_id="wA" tab_id="wA:t1"
2026-09-22T00:45:36.960741Z  INFO herdr::logging: session saved event="persist.save" subsystem="persist" outcome="ok" path=/Users/nathanchoi/.config/herdr/session.json workspaces=5
2026-09-22T00:45:45.347447Z  INFO herdr::pane: agent changed pane=25 previous_agent=None agent=Some(Codex) process=codex pgid=Some(75892)
2026-09-22T00:46:09.642386Z  INFO herdr::logging: spawning pane terminal event="pane.spawn.start" subsystem="pane" outcome="started" pane_id=27 rows=61 cols=210 scrollback_limit_bytes=10000000
2026-09-22T00:46:09.646863Z  INFO herdr::logging: pane child spawned event="pane.spawned" subsystem="pane" outcome="ok" pane_id=27 pid=76235
2026-09-22T00:46:09.647106Z  INFO herdr::logging: tab focused event="tab.focus" subsystem="tab" outcome="ok" workspace_id="wA" tab_id="wA:t1"
2026-09-22T00:46:14.657204Z  INFO herdr::logging: session saved event="persist.save" subsystem="persist" outcome="ok" path=/Users/nathanchoi/.config/herdr/session.json workspaces=5
2026-09-22T00:46:18.590099Z  INFO herdr::logging: tab focused event="tab.focus" subsystem="tab" outcome="ok" workspace_id="wA" tab_id="wA:t1"
2026-09-22T00:46:18.590287Z  INFO herdr::logging: tab focused event="tab.focus" subsystem="tab" outcome="ok" workspace_id="wA" tab_id="wA:t1"
2026-09-22T00:46:19.700072Z  INFO herdr::logging: spawning pane terminal event="pane.spawn.start" subsystem="pane" outcome="started" pane_id=28 rows=61 cols=105 scrollback_limit_bytes=10000000
2026-09-22T00:46:19.726564Z  INFO herdr::logging: pane child spawned event="pane.spawned" subsystem="pane" outcome="ok" pane_id=28 pid=76312
2026-09-22T00:46:19.727380Z  INFO herdr::logging: tab focused event="tab.focus" subsystem="tab" outcome="ok" workspace_id="wA" tab_id="wA:t1"
2026-09-22T00:46:29.068418Z  INFO herdr::logging: session saved event="persist.save" subsystem="persist" outcome="ok" path=/Users/nathanchoi/.config/herdr/session.json workspaces=5
2026-09-22T00:46:32.207901Z  INFO herdr::logging: tab focused event="tab.focus" subsystem="tab" outcome="ok" workspace_id="wA" tab_id="wA:t1"
2026-09-22T00:46:32.208116Z  INFO herdr::logging: tab focused event="tab.focus" subsystem="tab" outcome="ok" workspace_id="wA" tab_id="wA:t1"
2026-09-22T00:46:37.225655Z  INFO herdr::logging: session saved event="persist.save" subsystem="persist" outcome="ok" path=/Users/nathanchoi/.config/herdr/session.json workspaces=5
2026-09-22T00:46:59.118833Z  INFO herdr::logging: tab focused event="tab.focus" subsystem="tab" outcome="ok" workspace_id="wA" tab_id="wA:t1"
2026-09-22T00:47:04.122207Z  INFO herdr::logging: session saved event="persist.save" subsystem="persist" outcome="ok" path=/Users/nathanchoi/.config/herdr/session.json workspaces=5
2026-09-22T00:47:27.419522Z  INFO herdr::logging: session saved event="persist.save" subsystem="persist" outcome="ok" path=/Users/nathanchoi/.config/herdr/session.json workspaces=5
2026-09-22T00:47:31.308542Z  INFO herdr::logging: workspace focused event="workspace.focus" subsystem="workspace" outcome="ok" workspace_id="w5"
2026-09-22T00:47:31.308576Z  INFO herdr::logging: tab focused event="tab.focus" subsystem="tab" outcome="ok" workspace_id="w5" tab_id="w5:t1"
2026-09-22T00:47:32.566632Z  INFO herdr::logging: workspace focused event="workspace.focus" subsystem="workspace" outcome="ok" workspace_id="w7"
2026-09-22T00:47:32.566666Z  INFO herdr::logging: tab focused event="tab.focus" subsystem="tab" outcome="ok" workspace_id="w7" tab_id="w7:t1"
2026-09-22T00:47:34.489222Z  INFO herdr::logging: workspace focused event="workspace.focus" subsystem="workspace" outcome="ok" workspace_id="w5"
2026-09-22T00:47:34.489345Z  INFO herdr::logging: tab focused event="tab.focus" subsystem="tab" outcome="ok" workspace_id="w5" tab_id="w5:t1"
2026-09-22T00:47:34.801659Z  INFO herdr::logging: workspace focused event="workspace.focus" subsystem="workspace" outcome="ok" workspace_id="wA"
2026-09-22T00:47:34.801705Z  INFO herdr::logging: tab focused event="tab.focus" subsystem="tab" outcome="ok" workspace_id="wA" tab_id="wA:t1"
2026-09-22T00:47:39.804464Z  INFO herdr::logging: session saved event="persist.save" subsystem="persist" outcome="ok" path=/Users/nathanchoi/.config/herdr/session.json workspaces=5
2026-09-22T00:47:48.111484Z  INFO herdr::logging: tab focused event="tab.focus" subsystem="tab" outcome="ok" workspace_id="wA" tab_id="wA:t1"
2026-09-22T00:47:49.760454Z  INFO herdr::logging: tab focused event="tab.focus" subsystem="tab" outcome="ok" workspace_id="wA" tab_id="wA:t1"
2026-09-22T00:47:50.278865Z  INFO herdr::logging: tab focused event="tab.focus" subsystem="tab" outcome="ok" workspace_id="wA" tab_id="wA:t1"
2026-09-22T00:47:55.280551Z  INFO herdr::logging: session saved event="persist.save" subsystem="persist" outcome="ok" path=/Users/nathanchoi/.config/herdr/session.json workspaces=5
2026-09-22T00:48:03.860784Z  INFO herdr::logging: tab focused event="tab.focus" subsystem="tab" outcome="ok" workspace_id="wA" tab_id="wA:t1"
2026-09-22T00:48:08.866025Z  INFO herdr::logging: session saved event="persist.save" subsystem="persist" outcome="ok" path=/Users/nathanchoi/.config/herdr/session.json workspaces=5
2026-09-22T00:48:14.424347Z  INFO herdr::logging: workspace focused event="workspace.focus" subsystem="workspace" outcome="ok" workspace_id="w5"
2026-09-22T00:48:14.424410Z  INFO herdr::logging: tab focused event="tab.focus" subsystem="tab" outcome="ok" workspace_id="w5" tab_id="w5:t1"
2026-09-22T00:48:14.424457Z  INFO herdr::logging: workspace focused event="workspace.focus" subsystem="workspace" outcome="ok" workspace_id="w5"
2026-09-22T00:48:14.424469Z  INFO herdr::logging: tab focused event="tab.focus" subsystem="tab" outcome="ok" workspace_id="w5" tab_id="w5:t1"
2026-09-22T00:48:18.016500Z  INFO herdr::logging: tab focused event="tab.focus" subsystem="tab" outcome="ok" workspace_id="w5" tab_id="w5:t2"
2026-09-22T00:48:18.016731Z  INFO herdr::logging: tab focused event="tab.focus" subsystem="tab" outcome="ok" workspace_id="w5" tab_id="w5:t2"
2026-09-22T00:48:18.640595Z  INFO herdr::logging: tab focused event="tab.focus" subsystem="tab" outcome="ok" workspace_id="w5" tab_id="w5:t1"
2026-09-22T00:48:18.640644Z  INFO herdr::logging: tab focused event="tab.focus" subsystem="tab" outcome="ok" workspace_id="w5" tab_id="w5:t1"
2026-09-22T00:48:23.025657Z  INFO herdr::logging: workspace focused event="workspace.focus" subsystem="workspace" outcome="ok" workspace_id="w8"
2026-09-22T00:48:23.025699Z  INFO herdr::logging: tab focused event="tab.focus" subsystem="tab" outcome="ok" workspace_id="w8" tab_id="w8:t1"
2026-09-22T00:48:23.025727Z  INFO herdr::logging: workspace focused event="workspace.focus" subsystem="workspace" outcome="ok" workspace_id="w8"
2026-09-22T00:48:23.025734Z  INFO herdr::logging: tab focused event="tab.focus" subsystem="tab" outcome="ok" workspace_id="w8" tab_id="w8:t1"
2026-09-22T00:48:24.939380Z  INFO herdr::logging: workspace focused event="workspace.focus" subsystem="workspace" outcome="ok" workspace_id="wA"
2026-09-22T00:48:24.939998Z  INFO herdr::logging: tab focused event="tab.focus" subsystem="tab" outcome="ok" workspace_id="wA" tab_id="wA:t1"
2026-09-22T00:48:24.940099Z  INFO herdr::logging: workspace focused event="workspace.focus" subsystem="workspace" outcome="ok" workspace_id="wA"
2026-09-22T00:48:24.940118Z  INFO herdr::logging: tab focused event="tab.focus" subsystem="tab" outcome="ok" workspace_id="wA" tab_id="wA:t1"
2026-09-22T00:48:29.944347Z  INFO herdr::logging: session saved event="persist.save" subsystem="persist" outcome="ok" path=/Users/nathanchoi/.config/herdr/session.json workspaces=5
2026-09-22T00:48:32.810944Z  INFO herdr::logging: workspace focused event="workspace.focus" subsystem="workspace" outcome="ok" workspace_id="w7"
2026-09-22T00:48:32.811171Z  INFO herdr::logging: tab focused event="tab.focus" subsystem="tab" outcome="ok" workspace_id="w7" tab_id="w7:t1"
2026-09-22T00:48:32.811211Z  INFO herdr::logging: workspace focused event="workspace.focus" subsystem="workspace" outcome="ok" workspace_id="w7"
2026-09-22T00:48:32.811218Z  INFO herdr::logging: tab focused event="tab.focus" subsystem="tab" outcome="ok" workspace_id="w7" tab_id="w7:t1"
2026-09-22T00:48:33.508385Z  INFO herdr::logging: workspace focused event="workspace.focus" subsystem="workspace" outcome="ok" workspace_id="wA"
2026-09-22T00:48:33.508487Z  INFO herdr::logging: tab focused event="tab.focus" subsystem="tab" outcome="ok" workspace_id="wA" tab_id="wA:t1"
2026-09-22T00:48:33.508577Z  INFO herdr::logging: workspace focused event="workspace.focus" subsystem="workspace" outcome="ok" workspace_id="wA"
2026-09-22T00:48:33.508611Z  INFO herdr::logging: tab focused event="tab.focus" subsystem="tab" outcome="ok" workspace_id="wA" tab_id="wA:t1"
2026-09-22T00:48:35.140435Z  INFO herdr::logging: tab focused event="tab.focus" subsystem="tab" outcome="ok" workspace_id="wA" tab_id="wA:t1"
2026-09-22T00:48:36.007206Z  INFO herdr::logging: workspace focused event="workspace.focus" subsystem="workspace" outcome="ok" workspace_id="w5"
2026-09-22T00:48:36.007243Z  INFO herdr::logging: tab focused event="tab.focus" subsystem="tab" outcome="ok" workspace_id="w5" tab_id="w5:t1"
2026-09-22T00:48:36.632347Z  INFO herdr::logging: workspace focused event="workspace.focus" subsystem="workspace" outcome="ok" workspace_id="w7"
2026-09-22T00:48:36.632400Z  INFO herdr::logging: tab focused event="tab.focus" subsystem="tab" outcome="ok" workspace_id="w7" tab_id="w7:t1"
2026-09-22T00:48:37.145037Z  INFO herdr::logging: workspace focused event="workspace.focus" subsystem="workspace" outcome="ok" workspace_id="wA"
2026-09-22T00:48:37.145182Z  INFO herdr::logging: tab focused event="tab.focus" subsystem="tab" outcome="ok" workspace_id="wA" tab_id="wA:t1"
2026-09-22T00:48:38.515791Z  INFO herdr::logging: tab focused event="tab.focus" subsystem="tab" outcome="ok" workspace_id="wA" tab_id="wA:t1"
2026-09-22T00:48:39.283723Z  INFO herdr::logging: tab focused event="tab.focus" subsystem="tab" outcome="ok" workspace_id="wA" tab_id="wA:t1"
2026-09-22T00:48:42.086596Z  INFO herdr::logging: tab focused event="tab.focus" subsystem="tab" outcome="ok" workspace_id="wA" tab_id="wA:t1"
2026-09-22T00:48:45.175219Z  INFO herdr::logging: tab focused event="tab.focus" subsystem="tab" outcome="ok" workspace_id="wA" tab_id="wA:t1"
2026-09-22T00:48:47.207337Z  INFO herdr::logging: tab focused event="tab.focus" subsystem="tab" outcome="ok" workspace_id="wA" tab_id="wA:t1"
2026-09-22T00:48:52.216284Z  INFO herdr::logging: session saved event="persist.save" subsystem="persist" outcome="ok" path=/Users/nathanchoi/.config/herdr/session.json workspaces=5
2026-09-22T00:48:59.326167Z  INFO herdr::logging: session saved event="persist.save" subsystem="persist" outcome="ok" path=/Users/nathanchoi/.config/herdr/session.json workspaces=5
2026-09-22T00:49:08.135329Z  INFO herdr::logging: workspace focused event="workspace.focus" subsystem="workspace" outcome="ok" workspace_id="w7"
2026-09-22T00:49:08.135366Z  INFO herdr::logging: tab focused event="tab.focus" subsystem="tab" outcome="ok" workspace_id="w7" tab_id="w7:t1"
2026-09-22T00:49:13.147221Z  INFO herdr::logging: session saved event="persist.save" subsystem="persist" outcome="ok" path=/Users/nathanchoi/.config/herdr/session.json workspaces=5
2026-09-22T00:49:20.386665Z  INFO herdr::logging: tab focused event="tab.focus" subsystem="tab" outcome="ok" workspace_id="w7" tab_id="w7:t1"
2026-09-22T00:49:25.392291Z  INFO herdr::logging: session saved event="persist.save" subsystem="persist" outcome="ok" path=/Users/nathanchoi/.config/herdr/session.json workspaces=5
2026-09-22T00:49:26.685922Z  INFO herdr::logging: tab focused event="tab.focus" subsystem="tab" outcome="ok" workspace_id="w7" tab_id="w7:t1"
2026-09-22T00:49:31.693477Z  INFO herdr::logging: session saved event="persist.save" subsystem="persist" outcome="ok" path=/Users/nathanchoi/.config/herdr/session.json workspaces=5
2026-09-22T00:54:04.340999Z  INFO herdr::logging: workspace focused event="workspace.focus" subsystem="workspace" outcome="ok" workspace_id="w5"
2026-09-22T00:54:04.342037Z  INFO herdr::logging: tab focused event="tab.focus" subsystem="tab" outcome="ok" workspace_id="w5" tab_id="w5:t1"
2026-09-22T00:54:04.342396Z  INFO herdr::logging: workspace focused event="workspace.focus" subsystem="workspace" outcome="ok" workspace_id="w5"
2026-09-22T00:54:04.342416Z  INFO herdr::logging: tab focused event="tab.focus" subsystem="tab" outcome="ok" workspace_id="w5" tab_id="w5:t1"
2026-09-22T00:54:09.354700Z  INFO herdr::logging: session saved event="persist.save" subsystem="persist" outcome="ok" path=/Users/nathanchoi/.config/herdr/session.json workspaces=5
2026-09-22T00:54:10.920679Z  INFO herdr::logging: workspace focused event="workspace.focus" subsystem="workspace" outcome="ok" workspace_id="w8"
2026-09-22T00:54:10.920913Z  INFO herdr::logging: tab focused event="tab.focus" subsystem="tab" outcome="ok" workspace_id="w8" tab_id="w8:t1"
2026-09-22T00:54:10.921010Z  INFO herdr::logging: workspace focused event="workspace.focus" subsystem="workspace" outcome="ok" workspace_id="w8"
2026-09-22T00:54:10.921030Z  INFO herdr::logging: tab focused event="tab.focus" subsystem="tab" outcome="ok" workspace_id="w8" tab_id="w8:t1"
2026-09-22T00:54:12.803835Z  INFO herdr::logging: workspace focused event="workspace.focus" subsystem="workspace" outcome="ok" workspace_id="w5"
2026-09-22T00:54:12.804419Z  INFO herdr::logging: tab focused event="tab.focus" subsystem="tab" outcome="ok" workspace_id="w5" tab_id="w5:t1"
2026-09-22T00:54:12.804520Z  INFO herdr::logging: workspace focused event="workspace.focus" subsystem="workspace" outcome="ok" workspace_id="w5"
2026-09-22T00:54:12.804541Z  INFO herdr::logging: tab focused event="tab.focus" subsystem="tab" outcome="ok" workspace_id="w5" tab_id="w5:t1"
2026-09-22T00:54:13.406082Z  INFO herdr::logging: workspace focused event="workspace.focus" subsystem="workspace" outcome="ok" workspace_id="w8"
2026-09-22T00:54:13.406343Z  INFO herdr::logging: tab focused event="tab.focus" subsystem="tab" outcome="ok" workspace_id="w8" tab_id="w8:t1"
2026-09-22T00:54:13.406436Z  INFO herdr::logging: workspace focused event="workspace.focus" subsystem="workspace" outcome="ok" workspace_id="w8"
2026-09-22T00:54:13.406455Z  INFO herdr::logging: tab focused event="tab.focus" subsystem="tab" outcome="ok" workspace_id="w8" tab_id="w8:t1"
2026-09-22T00:54:17.761224Z  INFO herdr::logging: workspace focused event="workspace.focus" subsystem="workspace" outcome="ok" workspace_id="w7"
2026-09-22T00:54:17.761469Z  INFO herdr::logging: tab focused event="tab.focus" subsystem="tab" outcome="ok" workspace_id="w7" tab_id="w7:t1"
2026-09-22T00:54:17.761576Z  INFO herdr::logging: workspace focused event="workspace.focus" subsystem="workspace" outcome="ok" workspace_id="w7"
2026-09-22T00:54:17.761594Z  INFO herdr::logging: tab focused event="tab.focus" subsystem="tab" outcome="ok" workspace_id="w7" tab_id="w7:t1"
2026-09-22T00:54:20.950229Z  INFO herdr::logging: workspace focused event="workspace.focus" subsystem="workspace" outcome="ok" workspace_id="w5"
2026-09-22T00:54:20.950319Z  INFO herdr::logging: tab focused event="tab.focus" subsystem="tab" outcome="ok" workspace_id="w5" tab_id="w5:t1"
2026-09-22T00:54:20.950372Z  INFO herdr::logging: workspace focused event="workspace.focus" subsystem="workspace" outcome="ok" workspace_id="w5"
2026-09-22T00:54:20.950387Z  INFO herdr::logging: tab focused event="tab.focus" subsystem="tab" outcome="ok" workspace_id="w5" tab_id="w5:t1"
2026-09-22T00:54:25.960189Z  INFO herdr::logging: session saved event="persist.save" subsystem="persist" outcome="ok" path=/Users/nathanchoi/.config/herdr/session.json workspaces=5
2026-09-22T00:54:26.810088Z  INFO herdr::logging: spawning pane terminal event="pane.spawn.start" subsystem="pane" outcome="started" pane_id=29 rows=61 cols=210 scrollback_limit_bytes=10000000
2026-09-22T00:54:26.822431Z  INFO herdr::logging: pane child spawned event="pane.spawned" subsystem="pane" outcome="ok" pane_id=29 pid=78965
2026-09-22T00:54:26.822847Z  INFO herdr::logging: tab focused event="tab.focus" subsystem="tab" outcome="ok" workspace_id="w5" tab_id="w5:t1"
2026-09-22T00:54:31.830720Z  INFO herdr::logging: session saved event="persist.save" subsystem="persist" outcome="ok" path=/Users/nathanchoi/.config/herdr/session.json workspaces=5
2026-09-22T00:56:16.912082Z  INFO herdr::logging: workspace focused event="workspace.focus" subsystem="workspace" outcome="ok" workspace_id="w7"
2026-09-22T00:56:16.913866Z  INFO herdr::logging: tab focused event="tab.focus" subsystem="tab" outcome="ok" workspace_id="w7" tab_id="w7:t1"
2026-09-22T00:56:16.914357Z  INFO herdr::logging: workspace focused event="workspace.focus" subsystem="workspace" outcome="ok" workspace_id="w7"
2026-09-22T00:56:16.914388Z  INFO herdr::logging: tab focused event="tab.focus" subsystem="tab" outcome="ok" workspace_id="w7" tab_id="w7:t1"
2026-09-22T00:56:21.936673Z  INFO herdr::logging: session saved event="persist.save" subsystem="persist" outcome="ok" path=/Users/nathanchoi/.config/herdr/session.json workspaces=5
2026-09-22T00:57:55.012655Z  INFO herdr::logging: session saved event="persist.save" subsystem="persist" outcome="ok" path=/Users/nathanchoi/.config/herdr/session.json workspaces=5
2026-09-22T00:58:42.348498Z  INFO herdr::logging: tab focused event="tab.focus" subsystem="tab" outcome="ok" workspace_id="w7" tab_id="w7:t1"
2026-09-22T00:58:47.359618Z  INFO herdr::logging: session saved event="persist.save" subsystem="persist" outcome="ok" path=/Users/nathanchoi/.config/herdr/session.json workspaces=5
2026-09-22T00:59:16.334479Z  INFO herdr::logging: checking for updates event="update.check.start" subsystem="update" outcome="started"
2026-09-22T03:23:00.615852Z  INFO herdr::logging: tab focused event="tab.focus" subsystem="tab" outcome="ok" workspace_id="w7" tab_id="w7:t1"
2026-09-22T03:23:03.826412Z  INFO herdr::logging: spawning pane terminal event="pane.spawn.start" subsystem="pane" outcome="started" pane_id=30 rows=48 cols=113 scrollback_limit_bytes=10000000
2026-09-22T03:23:03.853569Z  INFO herdr::logging: pane child spawned event="pane.spawned" subsystem="pane" outcome="ok" pane_id=30 pid=79811
2026-09-22T03:23:03.855805Z  INFO herdr::logging: workspace created event="workspace.create" subsystem="workspace" outcome="ok" workspace_id="wB" pane_id=30
2026-09-22T03:23:03.855856Z  INFO herdr::logging: workspace focused event="workspace.focus" subsystem="workspace" outcome="ok" workspace_id="wB"
2026-09-22T03:23:03.855872Z  INFO herdr::logging: tab focused event="tab.focus" subsystem="tab" outcome="ok" workspace_id="wB" tab_id="wB:t1"
2026-09-22T03:23:08.881101Z  INFO herdr::logging: session saved event="persist.save" subsystem="persist" outcome="ok" path=/Users/nathanchoi/.config/herdr/session.json workspaces=6
2026-09-22T03:24:24.404499Z  INFO herdr::logging: spawning pane terminal event="pane.spawn.start" subsystem="pane" outcome="started" pane_id=31 rows=48 cols=226 scrollback_limit_bytes=10000000
2026-09-22T03:24:24.429345Z  INFO herdr::logging: pane child spawned event="pane.spawned" subsystem="pane" outcome="ok" pane_id=31 pid=80240
2026-09-22T03:24:24.430680Z  INFO herdr::logging: tab focused event="tab.focus" subsystem="tab" outcome="ok" workspace_id="wB" tab_id="wB:t1"
2026-09-22T03:24:25.402020Z  INFO herdr::logging: tab focused event="tab.focus" subsystem="tab" outcome="ok" workspace_id="wB" tab_id="wB:t1"
2026-09-22T03:24:25.402226Z  INFO herdr::logging: tab focused event="tab.focus" subsystem="tab" outcome="ok" workspace_id="wB" tab_id="wB:t1"
2026-09-22T03:24:25.785166Z  INFO herdr::logging: tab focused event="tab.focus" subsystem="tab" outcome="ok" workspace_id="wB" tab_id="wB:t1"
2026-09-22T03:24:25.785493Z  INFO herdr::logging: tab focused event="tab.focus" subsystem="tab" outcome="ok" workspace_id="wB" tab_id="wB:t1"
2026-09-22T03:24:25.906398Z  INFO herdr::logging: tab focused event="tab.focus" subsystem="tab" outcome="ok" workspace_id="wB" tab_id="wB:t1"
2026-09-22T03:24:25.906640Z  INFO herdr::logging: tab focused event="tab.focus" subsystem="tab" outcome="ok" workspace_id="wB" tab_id="wB:t1"
2026-09-22T03:24:25.985403Z  INFO herdr::logging: tab focused event="tab.focus" subsystem="tab" outcome="ok" workspace_id="wB" tab_id="wB:t1"
2026-09-22T03:24:25.985593Z  INFO herdr::logging: tab focused event="tab.focus" subsystem="tab" outcome="ok" workspace_id="wB" tab_id="wB:t1"
2026-09-22T03:24:26.074513Z  INFO herdr::logging: tab focused event="tab.focus" subsystem="tab" outcome="ok" workspace_id="wB" tab_id="wB:t1"
2026-09-22T03:24:26.074733Z  INFO herdr::logging: tab focused event="tab.focus" subsystem="tab" outcome="ok" workspace_id="wB" tab_id="wB:t1"
2026-09-22T03:24:26.158047Z  INFO herdr::logging: tab focused event="tab.focus" subsystem="tab" outcome="ok" workspace_id="wB" tab_id="wB:t1"
2026-09-22T03:24:26.158316Z  INFO herdr::logging: tab focused event="tab.focus" subsystem="tab" outcome="ok" workspace_id="wB" tab_id="wB:t1"
2026-09-22T03:24:26.252040Z  INFO herdr::logging: tab focused event="tab.focus" subsystem="tab" outcome="ok" workspace_id="wB" tab_id="wB:t1"
2026-09-22T03:24:26.252270Z  INFO herdr::logging: tab focused event="tab.focus" subsystem="tab" outcome="ok" workspace_id="wB" tab_id="wB:t1"
2026-09-22T03:24:26.338124Z  INFO herdr::logging: tab focused event="tab.focus" subsystem="tab" outcome="ok" workspace_id="wB" tab_id="wB:t1"
2026-09-22T03:24:26.338350Z  INFO herdr::logging: tab focused event="tab.focus" subsystem="tab" outcome="ok" workspace_id="wB" tab_id="wB:t1"
2026-09-22T03:24:26.400394Z  INFO herdr::logging: tab focused event="tab.focus" subsystem="tab" outcome="ok" workspace_id="wB" tab_id="wB:t1"
2026-09-22T03:24:26.400614Z  INFO herdr::logging: tab focused event="tab.focus" subsystem="tab" outcome="ok" workspace_id="wB" tab_id="wB:t1"
2026-09-22T03:24:26.491673Z  INFO herdr::logging: tab focused event="tab.focus" subsystem="tab" outcome="ok" workspace_id="wB" tab_id="wB:t1"
2026-09-22T03:24:26.491955Z  INFO herdr::logging: tab focused event="tab.focus" subsystem="tab" outcome="ok" workspace_id="wB" tab_id="wB:t1"
2026-09-22T03:24:26.557548Z  INFO herdr::logging: tab focused event="tab.focus" subsystem="tab" outcome="ok" workspace_id="wB" tab_id="wB:t1"
2026-09-22T03:24:26.557779Z  INFO herdr::logging: tab focused event="tab.focus" subsystem="tab" outcome="ok" workspace_id="wB" tab_id="wB:t1"
2026-09-22T03:24:27.233415Z  INFO herdr::logging: tab focused event="tab.focus" subsystem="tab" outcome="ok" workspace_id="wB" tab_id="wB:t1"
2026-09-22T03:24:27.233977Z  INFO herdr::logging: tab focused event="tab.focus" subsystem="tab" outcome="ok" workspace_id="wB" tab_id="wB:t1"
2026-09-22T03:24:27.344256Z  INFO herdr::logging: tab focused event="tab.focus" subsystem="tab" outcome="ok" workspace_id="wB" tab_id="wB:t1"
2026-09-22T03:24:27.344498Z  INFO herdr::logging: tab focused event="tab.focus" subsystem="tab" outcome="ok" workspace_id="wB" tab_id="wB:t1"
2026-09-22T03:24:27.415083Z  INFO herdr::logging: tab focused event="tab.focus" subsystem="tab" outcome="ok" workspace_id="wB" tab_id="wB:t1"
2026-09-22T03:24:27.415410Z  INFO herdr::logging: tab focused event="tab.focus" subsystem="tab" outcome="ok" workspace_id="wB" tab_id="wB:t1"
2026-09-22T03:24:27.501933Z  INFO herdr::logging: tab focused event="tab.focus" subsystem="tab" outcome="ok" workspace_id="wB" tab_id="wB:t1"
2026-09-22T03:24:27.502118Z  INFO herdr::logging: tab focused event="tab.focus" subsystem="tab" outcome="ok" workspace_id="wB" tab_id="wB:t1"
2026-09-22T03:24:27.589963Z  INFO herdr::logging: tab focused event="tab.focus" subsystem="tab" outcome="ok" workspace_id="wB" tab_id="wB:t1"
2026-09-22T03:24:27.590201Z  INFO herdr::logging: tab focused event="tab.focus" subsystem="tab" outcome="ok" workspace_id="wB" tab_id="wB:t1"
2026-09-22T03:24:27.658428Z  INFO herdr::logging: tab focused event="tab.focus" subsystem="tab" outcome="ok" workspace_id="wB" tab_id="wB:t1"
2026-09-22T03:24:27.658653Z  INFO herdr::logging: tab focused event="tab.focus" subsystem="tab" outcome="ok" workspace_id="wB" tab_id="wB:t1"
2026-09-22T03:24:27.777508Z  INFO herdr::logging: tab focused event="tab.focus" subsystem="tab" outcome="ok" workspace_id="wB" tab_id="wB:t1"
2026-09-22T03:24:27.777822Z  INFO herdr::logging: tab focused event="tab.focus" subsystem="tab" outcome="ok" workspace_id="wB" tab_id="wB:t1"
2026-09-22T03:24:27.830107Z  INFO herdr::logging: tab focused event="tab.focus" subsystem="tab" outcome="ok" workspace_id="wB" tab_id="wB:t1"
2026-09-22T03:24:27.830349Z  INFO herdr::logging: tab focused event="tab.focus" subsystem="tab" outcome="ok" workspace_id="wB" tab_id="wB:t1"
2026-09-22T03:24:27.934701Z  INFO herdr::logging: tab focused event="tab.focus" subsystem="tab" outcome="ok" workspace_id="wB" tab_id="wB:t1"
2026-09-22T03:24:27.934793Z  INFO herdr::logging: tab focused event="tab.focus" subsystem="tab" outcome="ok" workspace_id="wB" tab_id="wB:t1"
2026-09-22T03:24:27.982749Z  INFO herdr::logging: tab focused event="tab.focus" subsystem="tab" outcome="ok" workspace_id="wB" tab_id="wB:t1"
2026-09-22T03:24:27.982873Z  INFO herdr::logging: tab focused event="tab.focus" subsystem="tab" outcome="ok" workspace_id="wB" tab_id="wB:t1"
2026-09-22T03:24:28.110519Z  INFO herdr::logging: tab focused event="tab.focus" subsystem="tab" outcome="ok" workspace_id="wB" tab_id="wB:t1"
2026-09-22T03:24:28.110602Z  INFO herdr::logging: tab focused event="tab.focus" subsystem="tab" outcome="ok" workspace_id="wB" tab_id="wB:t1"
2026-09-22T03:24:28.168566Z  INFO herdr::logging: tab focused event="tab.focus" subsystem="tab" outcome="ok" workspace_id="wB" tab_id="wB:t1"
2026-09-22T03:24:28.168643Z  INFO herdr::logging: tab focused event="tab.focus" subsystem="tab" outcome="ok" workspace_id="wB" tab_id="wB:t1"
2026-09-22T03:24:28.291761Z  INFO herdr::logging: tab focused event="tab.focus" subsystem="tab" outcome="ok" workspace_id="wB" tab_id="wB:t1"
2026-09-22T03:24:28.291901Z  INFO herdr::logging: tab focused event="tab.focus" subsystem="tab" outcome="ok" workspace_id="wB" tab_id="wB:t1"
2026-09-22T03:24:28.336175Z  INFO herdr::logging: tab focused event="tab.focus" subsystem="tab" outcome="ok" workspace_id="wB" tab_id="wB:t1"
2026-09-22T03:24:28.336315Z  INFO herdr::logging: tab focused event="tab.focus" subsystem="tab" outcome="ok" workspace_id="wB" tab_id="wB:t1"
2026-09-22T03:24:28.459600Z  INFO herdr::logging: tab focused event="tab.focus" subsystem="tab" outcome="ok" workspace_id="wB" tab_id="wB:t1"
2026-09-22T03:24:28.459761Z  INFO herdr::logging: tab focused event="tab.focus" subsystem="tab" outcome="ok" workspace_id="wB" tab_id="wB:t1"
2026-09-22T03:24:28.529598Z  INFO herdr::logging: tab focused event="tab.focus" subsystem="tab" outcome="ok" workspace_id="wB" tab_id="wB:t1"
2026-09-22T03:24:28.529876Z  INFO herdr::logging: tab focused event="tab.focus" subsystem="tab" outcome="ok" workspace_id="wB" tab_id="wB:t1"
2026-09-22T03:24:28.644450Z  INFO herdr::logging: tab focused event="tab.focus" subsystem="tab" outcome="ok" workspace_id="wB" tab_id="wB:t1"
2026-09-22T03:24:28.644700Z  INFO herdr::logging: tab focused event="tab.focus" subsystem="tab" outcome="ok" workspace_id="wB" tab_id="wB:t1"
2026-09-22T03:24:28.697524Z  INFO herdr::logging: tab focused event="tab.focus" subsystem="tab" outcome="ok" workspace_id="wB" tab_id="wB:t1"
2026-09-22T03:24:28.697760Z  INFO herdr::logging: tab focused event="tab.focus" subsystem="tab" outcome="ok" workspace_id="wB" tab_id="wB:t1"
2026-09-22T03:24:29.117569Z  INFO herdr::logging: tab focused event="tab.focus" subsystem="tab" outcome="ok" workspace_id="wB" tab_id="wB:t1"
2026-09-22T03:24:29.117718Z  INFO herdr::logging: tab focused event="tab.focus" subsystem="tab" outcome="ok" workspace_id="wB" tab_id="wB:t1"
2026-09-22T03:24:34.127746Z  INFO herdr::logging: session saved event="persist.save" subsystem="persist" outcome="ok" path=/Users/nathanchoi/.config/herdr/session.json workspaces=6
2026-09-22T03:25:25.543014Z  INFO herdr::logging: tab focused event="tab.focus" subsystem="tab" outcome="ok" workspace_id="wB" tab_id="wB:t1"
2026-09-22T03:25:25.543431Z  INFO herdr::logging: tab focused event="tab.focus" subsystem="tab" outcome="ok" workspace_id="wB" tab_id="wB:t1"
2026-09-22T03:25:25.914898Z  INFO herdr::logging: tab focused event="tab.focus" subsystem="tab" outcome="ok" workspace_id="wB" tab_id="wB:t1"
2026-09-22T03:25:25.915127Z  INFO herdr::logging: tab focused event="tab.focus" subsystem="tab" outcome="ok" workspace_id="wB" tab_id="wB:t1"
2026-09-22T03:25:26.247437Z  INFO herdr::logging: tab focused event="tab.focus" subsystem="tab" outcome="ok" workspace_id="wB" tab_id="wB:t1"
2026-09-22T03:25:26.247572Z  INFO herdr::logging: tab focused event="tab.focus" subsystem="tab" outcome="ok" workspace_id="wB" tab_id="wB:t1"
2026-09-22T03:25:27.795223Z  INFO herdr::logging: tab focused event="tab.focus" subsystem="tab" outcome="ok" workspace_id="wB" tab_id="wB:t1"
2026-09-22T03:25:27.795523Z  INFO herdr::logging: tab focused event="tab.focus" subsystem="tab" outcome="ok" workspace_id="wB" tab_id="wB:t1"
2026-09-22T03:25:32.803889Z  INFO herdr::logging: session saved event="persist.save" subsystem="persist" outcome="ok" path=/Users/nathanchoi/.config/herdr/session.json workspaces=6
2026-09-22T03:26:00.925123Z  INFO herdr::logging: tab focused event="tab.focus" subsystem="tab" outcome="ok" workspace_id="wB" tab_id="wB:t1"
2026-09-22T03:26:02.947658Z  INFO herdr::logging: tab focused event="tab.focus" subsystem="tab" outcome="ok" workspace_id="wB" tab_id="wB:t1"
2026-09-22T03:26:08.015409Z  INFO herdr::logging: session saved event="persist.save" subsystem="persist" outcome="ok" path=/Users/nathanchoi/.config/herdr/session.json workspaces=6
2026-09-22T03:26:23.239364Z  INFO herdr::logging: tab focused event="tab.focus" subsystem="tab" outcome="ok" workspace_id="wB" tab_id="wB:t1"
2026-09-22T03:26:28.245257Z  INFO herdr::logging: session saved event="persist.save" subsystem="persist" outcome="ok" path=/Users/nathanchoi/.config/herdr/session.json workspaces=6
2026-09-22T03:29:04.612498Z  INFO herdr::logging: api request received event="api.request.start" subsystem="api" outcome="started" request_id="cli:pane:focus" method="pane.focus_direction" changes_ui=true
2026-09-22T03:29:04.612666Z  INFO herdr::logging: tab focused event="tab.focus" subsystem="tab" outcome="ok" workspace_id="wB" tab_id="wB:t1"
2026-09-22T03:29:04.612691Z  INFO herdr::logging: tab focused event="tab.focus" subsystem="tab" outcome="ok" workspace_id="wB" tab_id="wB:t1"
2026-09-22T03:29:04.612784Z  INFO herdr::logging: api request completed event="api.request.complete" subsystem="api" outcome="ok" request_id="cli:pane:focus" method="pane.focus_direction"
2026-09-22T03:29:09.623356Z  INFO herdr::logging: session saved event="persist.save" subsystem="persist" outcome="ok" path=/Users/nathanchoi/.config/herdr/session.json workspaces=6
2026-09-22T03:29:19.580108Z  INFO herdr::logging: api request received event="api.request.start" subsystem="api" outcome="started" request_id="cli:pane:focus" method="pane.focus_direction" changes_ui=true
2026-09-22T03:29:19.580214Z  INFO herdr::logging: tab focused event="tab.focus" subsystem="tab" outcome="ok" workspace_id="wB" tab_id="wB:t1"
2026-09-22T03:29:19.580228Z  INFO herdr::logging: tab focused event="tab.focus" subsystem="tab" outcome="ok" workspace_id="wB" tab_id="wB:t1"
2026-09-22T03:29:19.580274Z  INFO herdr::logging: api request completed event="api.request.complete" subsystem="api" outcome="ok" request_id="cli:pane:focus" method="pane.focus_direction"
2026-09-22T03:29:19.997720Z  INFO herdr::logging: api request received event="api.request.start" subsystem="api" outcome="started" request_id="cli:pane:focus" method="pane.focus_direction" changes_ui=true
2026-09-22T03:29:19.997869Z  INFO herdr::logging: api request completed event="api.request.complete" subsystem="api" outcome="ok" request_id="cli:pane:focus" method="pane.focus_direction"
2026-09-22T03:29:20.020971Z  INFO herdr::logging: api request received event="api.request.start" subsystem="api" outcome="started" request_id="cli:pane:focus" method="pane.focus_direction" changes_ui=true
2026-09-22T03:29:20.021463Z  INFO herdr::logging: tab focused event="tab.focus" subsystem="tab" outcome="ok" workspace_id="wB" tab_id="wB:t1"
2026-09-22T03:29:20.021480Z  INFO herdr::logging: tab focused event="tab.focus" subsystem="tab" outcome="ok" workspace_id="wB" tab_id="wB:t1"
2026-09-22T03:29:20.021530Z  INFO herdr::logging: api request completed event="api.request.complete" subsystem="api" outcome="ok" request_id="cli:pane:focus" method="pane.focus_direction"
2026-09-22T03:29:20.108317Z  INFO herdr::logging: api request received event="api.request.start" subsystem="api" outcome="started" request_id="cli:pane:focus" method="pane.focus_direction" changes_ui=true
2026-09-22T03:29:20.108396Z  INFO herdr::logging: tab focused event="tab.focus" subsystem="tab" outcome="ok" workspace_id="wB" tab_id="wB:t1"
2026-09-22T03:29:20.108409Z  INFO herdr::logging: tab focused event="tab.focus" subsystem="tab" outcome="ok" workspace_id="wB" tab_id="wB:t1"
2026-09-22T03:29:20.108446Z  INFO herdr::logging: api request completed event="api.request.complete" subsystem="api" outcome="ok" request_id="cli:pane:focus" method="pane.focus_direction"
2026-09-22T03:29:20.185459Z  INFO herdr::logging: api request received event="api.request.start" subsystem="api" outcome="started" request_id="cli:pane:focus" method="pane.focus_direction" changes_ui=true
2026-09-22T03:29:20.185526Z  INFO herdr::logging: tab focused event="tab.focus" subsystem="tab" outcome="ok" workspace_id="wB" tab_id="wB:t1"
2026-09-22T03:29:20.185537Z  INFO herdr::logging: tab focused event="tab.focus" subsystem="tab" outcome="ok" workspace_id="wB" tab_id="wB:t1"
2026-09-22T03:29:20.185572Z  INFO herdr::logging: api request completed event="api.request.complete" subsystem="api" outcome="ok" request_id="cli:pane:focus" method="pane.focus_direction"
2026-09-22T03:29:20.250609Z  INFO herdr::logging: api request received event="api.request.start" subsystem="api" outcome="started" request_id="cli:pane:focus" method="pane.focus_direction" changes_ui=true
2026-09-22T03:29:20.250678Z  INFO herdr::logging: tab focused event="tab.focus" subsystem="tab" outcome="ok" workspace_id="wB" tab_id="wB:t1"
2026-09-22T03:29:20.250686Z  INFO herdr::logging: tab focused event="tab.focus" subsystem="tab" outcome="ok" workspace_id="wB" tab_id="wB:t1"
2026-09-22T03:29:20.250739Z  INFO herdr::logging: api request completed event="api.request.complete" subsystem="api" outcome="ok" request_id="cli:pane:focus" method="pane.focus_direction"
2026-09-22T03:29:20.356944Z  INFO herdr::logging: api request received event="api.request.start" subsystem="api" outcome="started" request_id="cli:pane:focus" method="pane.focus_direction" changes_ui=true
2026-09-22T03:29:20.357018Z  INFO herdr::logging: tab focused event="tab.focus" subsystem="tab" outcome="ok" workspace_id="wB" tab_id="wB:t1"
2026-09-22T03:29:20.357027Z  INFO herdr::logging: tab focused event="tab.focus" subsystem="tab" outcome="ok" workspace_id="wB" tab_id="wB:t1"
2026-09-22T03:29:20.357068Z  INFO herdr::logging: api request completed event="api.request.complete" subsystem="api" outcome="ok" request_id="cli:pane:focus" method="pane.focus_direction"
2026-09-22T03:29:20.417342Z  INFO herdr::logging: api request received event="api.request.start" subsystem="api" outcome="started" request_id="cli:pane:focus" method="pane.focus_direction" changes_ui=true
2026-09-22T03:29:20.417427Z  INFO herdr::logging: tab focused event="tab.focus" subsystem="tab" outcome="ok" workspace_id="wB" tab_id="wB:t1"
2026-09-22T03:29:20.417440Z  INFO herdr::logging: tab focused event="tab.focus" subsystem="tab" outcome="ok" workspace_id="wB" tab_id="wB:t1"
2026-09-22T03:29:20.417481Z  INFO herdr::logging: api request completed event="api.request.complete" subsystem="api" outcome="ok" request_id="cli:pane:focus" method="pane.focus_direction"
2026-09-22T03:29:20.518943Z  INFO herdr::logging: api request received event="api.request.start" subsystem="api" outcome="started" request_id="cli:pane:focus" method="pane.focus_direction" changes_ui=true
2026-09-22T03:29:20.519016Z  INFO herdr::logging: tab focused event="tab.focus" subsystem="tab" outcome="ok" workspace_id="wB" tab_id="wB:t1"
2026-09-22T03:29:20.519025Z  INFO herdr::logging: tab focused event="tab.focus" subsystem="tab" outcome="ok" workspace_id="wB" tab_id="wB:t1"
2026-09-22T03:29:20.519066Z  INFO herdr::logging: api request completed event="api.request.complete" subsystem="api" outcome="ok" request_id="cli:pane:focus" method="pane.focus_direction"
2026-09-22T03:29:20.575504Z  INFO herdr::logging: api request received event="api.request.start" subsystem="api" outcome="started" request_id="cli:pane:focus" method="pane.focus_direction" changes_ui=true
2026-09-22T03:29:20.575577Z  INFO herdr::logging: tab focused event="tab.focus" subsystem="tab" outcome="ok" workspace_id="wB" tab_id="wB:t1"
2026-09-22T03:29:20.575585Z  INFO herdr::logging: tab focused event="tab.focus" subsystem="tab" outcome="ok" workspace_id="wB" tab_id="wB:t1"
2026-09-22T03:29:20.575639Z  INFO herdr::logging: api request completed event="api.request.complete" subsystem="api" outcome="ok" request_id="cli:pane:focus" method="pane.focus_direction"
2026-09-22T03:29:20.683454Z  INFO herdr::logging: api request received event="api.request.start" subsystem="api" outcome="started" request_id="cli:pane:focus" method="pane.focus_direction" changes_ui=true
2026-09-22T03:29:20.683525Z  INFO herdr::logging: tab focused event="tab.focus" subsystem="tab" outcome="ok" workspace_id="wB" tab_id="wB:t1"
2026-09-22T03:29:20.683538Z  INFO herdr::logging: tab focused event="tab.focus" subsystem="tab" outcome="ok" workspace_id="wB" tab_id="wB:t1"
2026-09-22T03:29:20.683577Z  INFO herdr::logging: api request completed event="api.request.complete" subsystem="api" outcome="ok" request_id="cli:pane:focus" method="pane.focus_direction"
2026-09-22T03:29:20.693432Z  INFO herdr::logging: tab focused event="tab.focus" subsystem="tab" outcome="ok" workspace_id="wB" tab_id="wB:t1"
2026-09-22T03:29:20.720479Z  INFO herdr::logging: api request received event="api.request.start" subsystem="api" outcome="started" request_id="cli:pane:focus" method="pane.focus_direction" changes_ui=true
2026-09-22T03:29:20.720608Z  INFO herdr::logging: api request completed event="api.request.complete" subsystem="api" outcome="ok" request_id="cli:pane:focus" method="pane.focus_direction"
2026-09-22T03:29:20.812991Z  INFO herdr::logging: api request received event="api.request.start" subsystem="api" outcome="started" request_id="cli:pane:focus" method="pane.focus_direction" changes_ui=true
2026-09-22T03:29:20.813071Z  INFO herdr::logging: tab focused event="tab.focus" subsystem="tab" outcome="ok" workspace_id="wB" tab_id="wB:t1"
2026-09-22T03:29:20.813079Z  INFO herdr::logging: tab focused event="tab.focus" subsystem="tab" outcome="ok" workspace_id="wB" tab_id="wB:t1"
2026-09-22T03:29:20.813118Z  INFO herdr::logging: api request completed event="api.request.complete" subsystem="api" outcome="ok" request_id="cli:pane:focus" method="pane.focus_direction"
2026-09-22T03:29:21.339927Z  INFO herdr::logging: api request received event="api.request.start" subsystem="api" outcome="started" request_id="cli:pane:focus" method="pane.focus_direction" changes_ui=true
2026-09-22T03:29:21.340007Z  INFO herdr::logging: tab focused event="tab.focus" subsystem="tab" outcome="ok" workspace_id="wB" tab_id="wB:t1"
2026-09-22T03:29:21.340019Z  INFO herdr::logging: tab focused event="tab.focus" subsystem="tab" outcome="ok" workspace_id="wB" tab_id="wB:t1"
2026-09-22T03:29:21.340065Z  INFO herdr::logging: api request completed event="api.request.complete" subsystem="api" outcome="ok" request_id="cli:pane:focus" method="pane.focus_direction"
2026-09-22T03:29:23.353857Z  INFO herdr::logging: api request received event="api.request.start" subsystem="api" outcome="started" request_id="cli:pane:focus" method="pane.focus_direction" changes_ui=true
2026-09-22T03:29:23.353945Z  INFO herdr::logging: tab focused event="tab.focus" subsystem="tab" outcome="ok" workspace_id="wB" tab_id="wB:t1"
2026-09-22T03:29:23.353957Z  INFO herdr::logging: tab focused event="tab.focus" subsystem="tab" outcome="ok" workspace_id="wB" tab_id="wB:t1"
2026-09-22T03:29:23.354004Z  INFO herdr::logging: api request completed event="api.request.complete" subsystem="api" outcome="ok" request_id="cli:pane:focus" method="pane.focus_direction"
2026-09-22T03:29:25.526017Z  INFO herdr::logging: api request received event="api.request.start" subsystem="api" outcome="started" request_id="cli:pane:focus" method="pane.focus_direction" changes_ui=true
2026-09-22T03:29:25.526120Z  INFO herdr::logging: tab focused event="tab.focus" subsystem="tab" outcome="ok" workspace_id="wB" tab_id="wB:t1"
2026-09-22T03:29:25.526140Z  INFO herdr::logging: tab focused event="tab.focus" subsystem="tab" outcome="ok" workspace_id="wB" tab_id="wB:t1"
2026-09-22T03:29:25.526195Z  INFO herdr::logging: api request completed event="api.request.complete" subsystem="api" outcome="ok" request_id="cli:pane:focus" method="pane.focus_direction"
2026-09-22T03:29:26.346917Z  INFO herdr::logging: api request received event="api.request.start" subsystem="api" outcome="started" request_id="cli:pane:focus" method="pane.focus_direction" changes_ui=true
2026-09-22T03:29:26.347050Z  INFO herdr::logging: api request completed event="api.request.complete" subsystem="api" outcome="ok" request_id="cli:pane:focus" method="pane.focus_direction"
2026-09-22T03:29:30.531810Z  INFO herdr::logging: session saved event="persist.save" subsystem="persist" outcome="ok" path=/Users/nathanchoi/.config/herdr/session.json workspaces=6
2026-09-22T03:48:43.318893Z  INFO herdr::logging: checking for updates event="update.check.start" subsystem="update" outcome="started"
2026-09-22T04:18:43.334270Z  INFO herdr::logging: checking for updates event="update.check.start" subsystem="update" outcome="started"
2026-09-22T04:48:43.290996Z  INFO herdr::logging: checking for updates event="update.check.start" subsystem="update" outcome="started"
2026-09-22T05:18:43.306870Z  INFO herdr::logging: checking for updates event="update.check.start" subsystem="update" outcome="started"
2026-09-22T06:03:38.329514Z  INFO herdr::logging: checking for updates event="update.check.start" subsystem="update" outcome="started"
2026-09-22T10:16:15.302504Z  INFO herdr::logging: checking for updates event="update.check.start" subsystem="update" outcome="started"
2026-09-22T16:36:49.135910Z  INFO herdr::logging: checking for updates event="update.check.start" subsystem="update" outcome="started"
2026-09-22T16:36:52.656553Z  INFO herdr::pane: agent changed pane=5 previous_agent=None agent=Some(Codex) process=codex pgid=Some(72206)
2026-09-22T16:36:52.656560Z  INFO herdr::pane: agent changed pane=16 previous_agent=None agent=Some(Codex) process=codex pgid=Some(59548)
2026-09-22T16:36:52.656559Z  INFO herdr::pane: agent changed pane=21 previous_agent=None agent=Some(Codex) process=codex pgid=Some(63797)
2026-09-22T16:36:52.656558Z  INFO herdr::pane: agent changed pane=19 previous_agent=None agent=Some(Codex) process=codex pgid=Some(62221)
2026-09-22T16:36:52.656556Z  INFO herdr::pane: agent changed pane=18 previous_agent=None agent=Some(Codex) process=codex pgid=Some(63535)
2026-09-22T16:36:52.656575Z  INFO herdr::pane: agent changed pane=24 previous_agent=None agent=Some(Codex) process=codex pgid=Some(72834)
2026-09-22T16:36:52.656739Z  INFO herdr::pane: agent changed pane=25 previous_agent=None agent=Some(Codex) process=codex pgid=Some(75892)
2026-09-22T17:06:49.155667Z  INFO herdr::logging: checking for updates event="update.check.start" subsystem="update" outcome="started"
2026-09-22T20:11:24.519293Z  INFO herdr::logging: workspace focused event="workspace.focus" subsystem="workspace" outcome="ok" workspace_id="w5"
2026-09-22T20:11:24.519614Z  INFO herdr::logging: tab focused event="tab.focus" subsystem="tab" outcome="ok" workspace_id="w5" tab_id="w5:t1"
2026-09-22T20:11:24.519703Z  INFO herdr::logging: workspace focused event="workspace.focus" subsystem="workspace" outcome="ok" workspace_id="w5"
2026-09-22T20:11:24.519720Z  INFO herdr::logging: tab focused event="tab.focus" subsystem="tab" outcome="ok" workspace_id="w5" tab_id="w5:t1"
2026-09-22T20:11:26.314226Z  INFO herdr::logging: api request received event="api.request.start" subsystem="api" outcome="started" request_id="cli:pane:focus" method="pane.focus_direction" changes_ui=true
2026-09-22T20:11:26.314312Z  INFO herdr::logging: tab focused event="tab.focus" subsystem="tab" outcome="ok" workspace_id="w5" tab_id="w5:t1"
2026-09-22T20:11:26.314321Z  INFO herdr::logging: tab focused event="tab.focus" subsystem="tab" outcome="ok" workspace_id="w5" tab_id="w5:t1"
2026-09-22T20:11:26.314406Z  INFO herdr::logging: api request completed event="api.request.complete" subsystem="api" outcome="ok" request_id="cli:pane:focus" method="pane.focus_direction"
2026-09-22T20:11:27.733375Z  INFO herdr::logging: api request received event="api.request.start" subsystem="api" outcome="started" request_id="cli:pane:focus" method="pane.focus_direction" changes_ui=true
2026-09-22T20:11:27.733467Z  INFO herdr::logging: tab focused event="tab.focus" subsystem="tab" outcome="ok" workspace_id="w5" tab_id="w5:t1"
2026-09-22T20:11:27.733481Z  INFO herdr::logging: tab focused event="tab.focus" subsystem="tab" outcome="ok" workspace_id="w5" tab_id="w5:t1"
2026-09-22T20:11:27.733520Z  INFO herdr::logging: api request completed event="api.request.complete" subsystem="api" outcome="ok" request_id="cli:pane:focus" method="pane.focus_direction"
2026-09-22T20:11:32.739285Z  INFO herdr::logging: session saved event="persist.save" subsystem="persist" outcome="ok" path=/Users/nathanchoi/.config/herdr/session.json workspaces=6
2026-09-22T20:12:38.817299Z  INFO herdr::logging: session saved event="persist.save" subsystem="persist" outcome="ok" path=/Users/nathanchoi/.config/herdr/session.json workspaces=6
2026-09-22T20:13:02.519597Z  INFO herdr::logging: session saved event="persist.save" subsystem="persist" outcome="ok" path=/Users/nathanchoi/.config/herdr/session.json workspaces=6
2026-09-22T20:15:02.547830Z  INFO herdr::logging: workspace focused event="workspace.focus" subsystem="workspace" outcome="ok" workspace_id="w7"
2026-09-22T20:15:02.550034Z  INFO herdr::logging: tab focused event="tab.focus" subsystem="tab" outcome="ok" workspace_id="w7" tab_id="w7:t1"
2026-09-22T20:15:06.076774Z  INFO herdr::logging: workspace focused event="workspace.focus" subsystem="workspace" outcome="ok" workspace_id="wA"
2026-09-22T20:15:06.076964Z  INFO herdr::logging: tab focused event="tab.focus" subsystem="tab" outcome="ok" workspace_id="wA" tab_id="wA:t1"
2026-09-22T20:15:06.077106Z  INFO herdr::logging: workspace focused event="workspace.focus" subsystem="workspace" outcome="ok" workspace_id="wA"
2026-09-22T20:15:06.077123Z  INFO herdr::logging: tab focused event="tab.focus" subsystem="tab" outcome="ok" workspace_id="wA" tab_id="wA:t1"
2026-09-22T20:15:08.614967Z  INFO herdr::logging: workspace focused event="workspace.focus" subsystem="workspace" outcome="ok" workspace_id="w8"
2026-09-22T20:15:08.615337Z  INFO herdr::logging: tab focused event="tab.focus" subsystem="tab" outcome="ok" workspace_id="w8" tab_id="w8:t1"
2026-09-22T20:15:08.615455Z  INFO herdr::logging: workspace focused event="workspace.focus" subsystem="workspace" outcome="ok" workspace_id="w8"
2026-09-22T20:15:08.615478Z  INFO herdr::logging: tab focused event="tab.focus" subsystem="tab" outcome="ok" workspace_id="w8" tab_id="w8:t1"
2026-09-22T20:15:11.680139Z  INFO herdr::logging: workspace focused event="workspace.focus" subsystem="workspace" outcome="ok" workspace_id="w7"
2026-09-22T20:15:11.681222Z  INFO herdr::logging: tab focused event="tab.focus" subsystem="tab" outcome="ok" workspace_id="w7" tab_id="w7:t3"
2026-09-22T20:15:14.740008Z  INFO herdr::logging: workspace focused event="workspace.focus" subsystem="workspace" outcome="ok" workspace_id="w6"
2026-09-22T20:15:14.740232Z  INFO herdr::logging: tab focused event="tab.focus" subsystem="tab" outcome="ok" workspace_id="w6" tab_id="w6:t1"
2026-09-22T20:15:14.740366Z  INFO herdr::logging: workspace focused event="workspace.focus" subsystem="workspace" outcome="ok" workspace_id="w6"
2026-09-22T20:15:14.740387Z  INFO herdr::logging: tab focused event="tab.focus" subsystem="tab" outcome="ok" workspace_id="w6" tab_id="w6:t1"
2026-09-22T20:15:15.198948Z  INFO herdr::logging: workspace focused event="workspace.focus" subsystem="workspace" outcome="ok" workspace_id="w5"
2026-09-22T20:15:15.199012Z  INFO herdr::logging: tab focused event="tab.focus" subsystem="tab" outcome="ok" workspace_id="w5" tab_id="w5:t1"
2026-09-22T20:15:15.199068Z  INFO herdr::logging: workspace focused event="workspace.focus" subsystem="workspace" outcome="ok" workspace_id="w5"
2026-09-22T20:15:15.199081Z  INFO herdr::logging: tab focused event="tab.focus" subsystem="tab" outcome="ok" workspace_id="w5" tab_id="w5:t1"
2026-09-22T20:15:20.207800Z  INFO herdr::logging: session saved event="persist.save" subsystem="persist" outcome="ok" path=/Users/nathanchoi/.config/herdr/session.json workspaces=6
2026-09-22T20:23:36.194321Z  INFO herdr::logging: api request received event="api.request.start" subsystem="api" outcome="started" request_id="cli:pane:focus" method="pane.focus_direction" changes_ui=true
2026-09-22T20:23:36.194933Z  INFO herdr::logging: tab focused event="tab.focus" subsystem="tab" outcome="ok" workspace_id="w5" tab_id="w5:t1"
2026-09-22T20:23:36.194948Z  INFO herdr::logging: tab focused event="tab.focus" subsystem="tab" outcome="ok" workspace_id="w5" tab_id="w5:t1"
2026-09-22T20:23:36.197915Z  INFO herdr::logging: api request completed event="api.request.complete" subsystem="api" outcome="ok" request_id="cli:pane:focus" method="pane.focus_direction"
2026-09-22T20:23:41.211359Z  INFO herdr::logging: session saved event="persist.save" subsystem="persist" outcome="ok" path=/Users/nathanchoi/.config/herdr/session.json workspaces=6
2026-09-22T20:23:43.250787Z  INFO herdr::logging: tab focused event="tab.focus" subsystem="tab" outcome="ok" workspace_id="w5" tab_id="w5:t2"
2026-09-22T20:23:43.252972Z  INFO herdr::logging: tab focused event="tab.focus" subsystem="tab" outcome="ok" workspace_id="w5" tab_id="w5:t2"
2026-09-22T20:23:48.261015Z  INFO herdr::logging: session saved event="persist.save" subsystem="persist" outcome="ok" path=/Users/nathanchoi/.config/herdr/session.json workspaces=6
2026-09-22T20:25:32.681875Z  INFO herdr::logging: checking for updates event="update.check.start" subsystem="update" outcome="started"
2026-09-22T20:30:14.354116Z  INFO herdr::logging: tab focused event="tab.focus" subsystem="tab" outcome="ok" workspace_id="w5" tab_id="w5:t1"
2026-09-22T20:30:14.357351Z  INFO herdr::logging: tab focused event="tab.focus" subsystem="tab" outcome="ok" workspace_id="w5" tab_id="w5:t1"
2026-09-22T20:30:16.451759Z  INFO herdr::logging: tab focused event="tab.focus" subsystem="tab" outcome="ok" workspace_id="w5" tab_id="w5:t1"
2026-09-22T20:30:17.873981Z  INFO herdr::logging: tab focused event="tab.focus" subsystem="tab" outcome="ok" workspace_id="w5" tab_id="w5:t1"
2026-09-22T20:30:19.465691Z  INFO herdr::logging: tab focused event="tab.focus" subsystem="tab" outcome="ok" workspace_id="w5" tab_id="w5:t1"
2026-09-22T20:30:24.480952Z  INFO herdr::logging: session saved event="persist.save" subsystem="persist" outcome="ok" path=/Users/nathanchoi/.config/herdr/session.json workspaces=6
2026-09-22T20:30:25.986157Z  INFO herdr::logging: tab focused event="tab.focus" subsystem="tab" outcome="ok" workspace_id="w5" tab_id="w5:t2"
2026-09-22T20:30:25.986456Z  INFO herdr::logging: tab focused event="tab.focus" subsystem="tab" outcome="ok" workspace_id="w5" tab_id="w5:t2"
2026-09-22T20:30:28.071240Z  INFO herdr::logging: tab focused event="tab.focus" subsystem="tab" outcome="ok" workspace_id="w5" tab_id="w5:t1"
2026-09-22T20:30:28.071610Z  INFO herdr::logging: tab focused event="tab.focus" subsystem="tab" outcome="ok" workspace_id="w5" tab_id="w5:t1"
2026-09-22T20:30:33.082742Z  INFO herdr::logging: session saved event="persist.save" subsystem="persist" outcome="ok" path=/Users/nathanchoi/.config/herdr/session.json workspaces=6
2026-09-22T20:31:07.063377Z  INFO herdr::logging: tab focused event="tab.focus" subsystem="tab" outcome="ok" workspace_id="w5" tab_id="w5:t2"
2026-09-22T20:31:07.063628Z  INFO herdr::logging: tab focused event="tab.focus" subsystem="tab" outcome="ok" workspace_id="w5" tab_id="w5:t2"
2026-09-22T20:31:12.067512Z  INFO herdr::logging: session saved event="persist.save" subsystem="persist" outcome="ok" path=/Users/nathanchoi/.config/herdr/session.json workspaces=6
2026-09-22T20:31:17.625360Z  INFO herdr::logging: tab focused event="tab.focus" subsystem="tab" outcome="ok" workspace_id="w5" tab_id="w5:t1"
2026-09-22T20:31:17.625503Z  INFO herdr::logging: tab focused event="tab.focus" subsystem="tab" outcome="ok" workspace_id="w5" tab_id="w5:t1"
2026-09-22T20:31:22.630078Z  INFO herdr::logging: session saved event="persist.save" subsystem="persist" outcome="ok" path=/Users/nathanchoi/.config/herdr/session.json workspaces=6
2026-09-22T20:31:40.210550Z  INFO herdr::logging: tab focused event="tab.focus" subsystem="tab" outcome="ok" workspace_id="w5" tab_id="w5:t2"
2026-09-22T20:31:40.211032Z  INFO herdr::logging: tab focused event="tab.focus" subsystem="tab" outcome="ok" workspace_id="w5" tab_id="w5:t2"
2026-09-22T20:31:45.218879Z  INFO herdr::logging: session saved event="persist.save" subsystem="persist" outcome="ok" path=/Users/nathanchoi/.config/herdr/session.json workspaces=6
2026-09-22T20:32:07.558463Z  INFO herdr::logging: tab focused event="tab.focus" subsystem="tab" outcome="ok" workspace_id="w5" tab_id="w5:t1"
2026-09-22T20:32:07.558734Z  INFO herdr::logging: tab focused event="tab.focus" subsystem="tab" outcome="ok" workspace_id="w5" tab_id="w5:t1"
2026-09-22T20:32:08.110409Z  INFO herdr::logging: tab focused event="tab.focus" subsystem="tab" outcome="ok" workspace_id="w5" tab_id="w5:t2"
2026-09-22T20:32:08.110525Z  INFO herdr::logging: tab focused event="tab.focus" subsystem="tab" outcome="ok" workspace_id="w5" tab_id="w5:t2"
2026-09-22T20:32:09.206412Z  INFO herdr::logging: tab focused event="tab.focus" subsystem="tab" outcome="ok" workspace_id="w5" tab_id="w5:t1"
2026-09-22T20:32:09.206587Z  INFO herdr::logging: tab focused event="tab.focus" subsystem="tab" outcome="ok" workspace_id="w5" tab_id="w5:t1"
2026-09-22T20:32:11.020802Z  INFO herdr::logging: tab focused event="tab.focus" subsystem="tab" outcome="ok" workspace_id="w5" tab_id="w5:t2"
2026-09-22T20:32:11.020875Z  INFO herdr::logging: tab focused event="tab.focus" subsystem="tab" outcome="ok" workspace_id="w5" tab_id="w5:t2"
2026-09-22T20:32:16.025374Z  INFO herdr::logging: session saved event="persist.save" subsystem="persist" outcome="ok" path=/Users/nathanchoi/.config/herdr/session.json workspaces=6
2026-09-22T20:32:46.390632Z  INFO herdr::logging: tab focused event="tab.focus" subsystem="tab" outcome="ok" workspace_id="w5" tab_id="w5:t1"
2026-09-22T20:32:46.392052Z  INFO herdr::logging: tab focused event="tab.focus" subsystem="tab" outcome="ok" workspace_id="w5" tab_id="w5:t1"
2026-09-22T20:32:48.367336Z  INFO herdr::logging: workspace focused event="workspace.focus" subsystem="workspace" outcome="ok" workspace_id="w5"
2026-09-22T20:32:48.367404Z  INFO herdr::logging: tab focused event="tab.focus" subsystem="tab" outcome="ok" workspace_id="w5" tab_id="w5:t1"
2026-09-22T20:32:53.370859Z  INFO herdr::logging: session saved event="persist.save" subsystem="persist" outcome="ok" path=/Users/nathanchoi/.config/herdr/session.json workspaces=6
2026-09-22T20:33:59.440537Z  INFO herdr::logging: tab focused event="tab.focus" subsystem="tab" outcome="ok" workspace_id="w5" tab_id="w5:t2"
2026-09-22T20:33:59.443577Z  INFO herdr::logging: tab focused event="tab.focus" subsystem="tab" outcome="ok" workspace_id="w5" tab_id="w5:t2"
2026-09-22T20:34:04.486007Z  INFO herdr::logging: session saved event="persist.save" subsystem="persist" outcome="ok" path=/Users/nathanchoi/.config/herdr/session.json workspaces=6
2026-09-22T20:34:11.640390Z  INFO herdr::logging: tab focused event="tab.focus" subsystem="tab" outcome="ok" workspace_id="w5" tab_id="w5:t1"
2026-09-22T20:34:11.640448Z  INFO herdr::logging: tab focused event="tab.focus" subsystem="tab" outcome="ok" workspace_id="w5" tab_id="w5:t1"
2026-09-22T20:34:16.643560Z  INFO herdr::logging: session saved event="persist.save" subsystem="persist" outcome="ok" path=/Users/nathanchoi/.config/herdr/session.json workspaces=6
2026-09-22T20:34:16.814445Z  INFO herdr::logging: workspace focused event="workspace.focus" subsystem="workspace" outcome="ok" workspace_id="wA"
2026-09-22T20:34:16.814475Z  INFO herdr::logging: tab focused event="tab.focus" subsystem="tab" outcome="ok" workspace_id="wA" tab_id="wA:t1"
2026-09-22T20:34:16.814500Z  INFO herdr::logging: workspace focused event="workspace.focus" subsystem="workspace" outcome="ok" workspace_id="wA"
2026-09-22T20:34:16.814508Z  INFO herdr::logging: tab focused event="tab.focus" subsystem="tab" outcome="ok" workspace_id="wA" tab_id="wA:t1"
2026-09-22T20:34:21.821282Z  INFO herdr::logging: session saved event="persist.save" subsystem="persist" outcome="ok" path=/Users/nathanchoi/.config/herdr/session.json workspaces=6
2026-09-22T20:34:28.111642Z  INFO herdr::logging: tab focused event="tab.focus" subsystem="tab" outcome="ok" workspace_id="wA" tab_id="wA:t1"
2026-09-22T20:34:33.116685Z  INFO herdr::logging: session saved event="persist.save" subsystem="persist" outcome="ok" path=/Users/nathanchoi/.config/herdr/session.json workspaces=6
2026-09-22T20:35:56.189457Z  INFO herdr::logging: workspace focused event="workspace.focus" subsystem="workspace" outcome="ok" workspace_id="w5"
2026-09-22T20:35:56.190041Z  INFO herdr::logging: tab focused event="tab.focus" subsystem="tab" outcome="ok" workspace_id="w5" tab_id="w5:t1"
2026-09-22T20:35:56.190134Z  INFO herdr::logging: workspace focused event="workspace.focus" subsystem="workspace" outcome="ok" workspace_id="w5"
2026-09-22T20:35:56.190155Z  INFO herdr::logging: tab focused event="tab.focus" subsystem="tab" outcome="ok" workspace_id="w5" tab_id="w5:t1"
2026-09-22T20:36:01.218215Z  INFO herdr::logging: session saved event="persist.save" subsystem="persist" outcome="ok" path=/Users/nathanchoi/.config/herdr/session.json workspaces=6
2026-09-22T20:36:04.207159Z  INFO herdr::logging: tab focused event="tab.focus" subsystem="tab" outcome="ok" workspace_id="w5" tab_id="w5:t2"
2026-09-22T20:36:04.207984Z  INFO herdr::logging: tab focused event="tab.focus" subsystem="tab" outcome="ok" workspace_id="w5" tab_id="w5:t2"
2026-09-22T20:36:09.222753Z  INFO herdr::logging: session saved event="persist.save" subsystem="persist" outcome="ok" path=/Users/nathanchoi/.config/herdr/session.json workspaces=6
2026-09-22T20:36:12.112957Z  INFO herdr::logging: tab focused event="tab.focus" subsystem="tab" outcome="ok" workspace_id="w5" tab_id="w5:t1"
2026-09-22T20:36:12.113663Z  INFO herdr::logging: tab focused event="tab.focus" subsystem="tab" outcome="ok" workspace_id="w5" tab_id="w5:t1"
2026-09-22T20:36:13.697593Z  INFO herdr::logging: workspace focused event="workspace.focus" subsystem="workspace" outcome="ok" workspace_id="wA"
2026-09-22T20:36:13.697667Z  INFO herdr::logging: tab focused event="tab.focus" subsystem="tab" outcome="ok" workspace_id="wA" tab_id="wA:t1"
2026-09-22T20:36:13.697725Z  INFO herdr::logging: workspace focused event="workspace.focus" subsystem="workspace" outcome="ok" workspace_id="wA"
2026-09-22T20:36:13.697740Z  INFO herdr::logging: tab focused event="tab.focus" subsystem="tab" outcome="ok" workspace_id="wA" tab_id="wA:t1"
2026-09-22T20:36:14.737779Z  INFO herdr::logging: workspace focused event="workspace.focus" subsystem="workspace" outcome="ok" workspace_id="w5"
2026-09-22T20:36:14.737900Z  INFO herdr::logging: tab focused event="tab.focus" subsystem="tab" outcome="ok" workspace_id="w5" tab_id="w5:t1"
2026-09-22T20:36:14.737958Z  INFO herdr::logging: workspace focused event="workspace.focus" subsystem="workspace" outcome="ok" workspace_id="w5"
2026-09-22T20:36:14.737969Z  INFO herdr::logging: tab focused event="tab.focus" subsystem="tab" outcome="ok" workspace_id="w5" tab_id="w5:t1"
2026-09-22T20:36:16.292722Z  INFO herdr::logging: tab focused event="tab.focus" subsystem="tab" outcome="ok" workspace_id="w5" tab_id="w5:t1"
2026-09-22T20:36:21.300981Z  INFO herdr::logging: session saved event="persist.save" subsystem="persist" outcome="ok" path=/Users/nathanchoi/.config/herdr/session.json workspaces=6
2026-09-22T20:36:27.014392Z  INFO herdr::logging: workspace focused event="workspace.focus" subsystem="workspace" outcome="ok" workspace_id="wA"
2026-09-22T20:36:27.014613Z  INFO herdr::logging: tab focused event="tab.focus" subsystem="tab" outcome="ok" workspace_id="wA" tab_id="wA:t1"
2026-09-22T20:36:27.014713Z  INFO herdr::logging: workspace focused event="workspace.focus" subsystem="workspace" outcome="ok" workspace_id="wA"
2026-09-22T20:36:27.014734Z  INFO herdr::logging: tab focused event="tab.focus" subsystem="tab" outcome="ok" workspace_id="wA" tab_id="wA:t1"
2026-09-22T20:36:32.022382Z  INFO herdr::logging: session saved event="persist.save" subsystem="persist" outcome="ok" path=/Users/nathanchoi/.config/herdr/session.json workspaces=6
2026-09-22T20:36:32.417083Z  INFO herdr::logging: workspace focused event="workspace.focus" subsystem="workspace" outcome="ok" workspace_id="w5"
2026-09-22T20:36:32.417127Z  INFO herdr::logging: tab focused event="tab.focus" subsystem="tab" outcome="ok" workspace_id="w5" tab_id="w5:t1"
2026-09-22T20:36:32.417161Z  INFO herdr::logging: workspace focused event="workspace.focus" subsystem="workspace" outcome="ok" workspace_id="w5"
2026-09-22T20:36:32.417169Z  INFO herdr::logging: tab focused event="tab.focus" subsystem="tab" outcome="ok" workspace_id="w5" tab_id="w5:t1"
2026-09-22T20:36:37.425609Z  INFO herdr::logging: session saved event="persist.save" subsystem="persist" outcome="ok" path=/Users/nathanchoi/.config/herdr/session.json workspaces=6
2026-09-22T20:37:17.737216Z  INFO herdr::logging: tab focused event="tab.focus" subsystem="tab" outcome="ok" workspace_id="w5" tab_id="w5:t1"
2026-09-22T20:37:22.748928Z  INFO herdr::logging: session saved event="persist.save" subsystem="persist" outcome="ok" path=/Users/nathanchoi/.config/herdr/session.json workspaces=6
2026-09-22T20:37:23.874226Z  INFO herdr::logging: workspace focused event="workspace.focus" subsystem="workspace" outcome="ok" workspace_id="wA"
2026-09-22T20:37:23.874349Z  INFO herdr::logging: tab focused event="tab.focus" subsystem="tab" outcome="ok" workspace_id="wA" tab_id="wA:t1"
2026-09-22T20:37:23.874486Z  INFO herdr::logging: workspace focused event="workspace.focus" subsystem="workspace" outcome="ok" workspace_id="wA"
2026-09-22T20:37:23.874514Z  INFO herdr::logging: tab focused event="tab.focus" subsystem="tab" outcome="ok" workspace_id="wA" tab_id="wA:t1"
2026-09-22T20:37:25.004046Z  INFO herdr::logging: tab focused event="tab.focus" subsystem="tab" outcome="ok" workspace_id="wA" tab_id="wA:t1"
2026-09-22T20:37:26.801093Z  INFO herdr::logging: tab focused event="tab.focus" subsystem="tab" outcome="ok" workspace_id="wA" tab_id="wA:t1"
2026-09-22T20:37:31.810567Z  INFO herdr::logging: session saved event="persist.save" subsystem="persist" outcome="ok" path=/Users/nathanchoi/.config/herdr/session.json workspaces=6
2026-09-22T20:37:50.991487Z  INFO herdr::logging: tab focused event="tab.focus" subsystem="tab" outcome="ok" workspace_id="wA" tab_id="wA:t1"
2026-09-22T20:37:51.789910Z  INFO herdr::logging: tab focused event="tab.focus" subsystem="tab" outcome="ok" workspace_id="wA" tab_id="wA:t1"
2026-09-22T20:37:56.798880Z  INFO herdr::logging: session saved event="persist.save" subsystem="persist" outcome="ok" path=/Users/nathanchoi/.config/herdr/session.json workspaces=6
2026-09-22T20:38:37.530354Z  INFO herdr::logging: workspace focused event="workspace.focus" subsystem="workspace" outcome="ok" workspace_id="w5"
2026-09-22T20:38:37.530845Z  INFO herdr::logging: tab focused event="tab.focus" subsystem="tab" outcome="ok" workspace_id="w5" tab_id="w5:t1"
2026-09-22T20:38:37.531003Z  INFO herdr::logging: workspace focused event="workspace.focus" subsystem="workspace" outcome="ok" workspace_id="w5"
2026-09-22T20:38:37.531036Z  INFO herdr::logging: tab focused event="tab.focus" subsystem="tab" outcome="ok" workspace_id="w5" tab_id="w5:t1"
2026-09-22T20:38:38.670016Z  INFO herdr::logging: tab focused event="tab.focus" subsystem="tab" outcome="ok" workspace_id="w5" tab_id="w5:t1"
2026-09-22T20:38:43.681133Z  INFO herdr::logging: session saved event="persist.save" subsystem="persist" outcome="ok" path=/Users/nathanchoi/.config/herdr/session.json workspaces=6
2026-09-22T20:40:43.295393Z  INFO herdr::logging: api request received event="api.request.start" subsystem="api" outcome="started" request_id="cli:pane:focus" method="pane.focus_direction" changes_ui=true
2026-09-22T20:40:43.296187Z  INFO herdr::logging: api request completed event="api.request.complete" subsystem="api" outcome="ok" request_id="cli:pane:focus" method="pane.focus_direction"
2026-09-22T20:40:43.318439Z  INFO herdr::logging: api request received event="api.request.start" subsystem="api" outcome="started" request_id="cli:pane:focus" method="pane.focus_direction" changes_ui=true
2026-09-22T20:40:43.318556Z  INFO herdr::logging: api request completed event="api.request.complete" subsystem="api" outcome="ok" request_id="cli:pane:focus" method="pane.focus_direction"
2026-09-22T20:41:36.380038Z  INFO herdr::logging: workspace focused event="workspace.focus" subsystem="workspace" outcome="ok" workspace_id="wA"
2026-09-22T20:41:36.380257Z  INFO herdr::logging: tab focused event="tab.focus" subsystem="tab" outcome="ok" workspace_id="wA" tab_id="wA:t1"
2026-09-22T20:41:36.380436Z  INFO herdr::logging: workspace focused event="workspace.focus" subsystem="workspace" outcome="ok" workspace_id="wA"
2026-09-22T20:41:36.380506Z  INFO herdr::logging: tab focused event="tab.focus" subsystem="tab" outcome="ok" workspace_id="wA" tab_id="wA:t1"
2026-09-22T20:41:37.584823Z  INFO herdr::logging: tab focused event="tab.focus" subsystem="tab" outcome="ok" workspace_id="wA" tab_id="wA:t1"
2026-09-22T20:41:38.634339Z  INFO herdr::logging: tab focused event="tab.focus" subsystem="tab" outcome="ok" workspace_id="wA" tab_id="wA:t1"
2026-09-22T20:41:41.492612Z  INFO herdr::logging: tab focused event="tab.focus" subsystem="tab" outcome="ok" workspace_id="wA" tab_id="wA:t1"
2026-09-22T20:41:43.705867Z  INFO herdr::logging: api request received event="api.request.start" subsystem="api" outcome="started" request_id="cli:pane:focus" method="pane.focus_direction" changes_ui=true
2026-09-22T20:41:43.705978Z  INFO herdr::logging: tab focused event="tab.focus" subsystem="tab" outcome="ok" workspace_id="wA" tab_id="wA:t1"
2026-09-22T20:41:43.705990Z  INFO herdr::logging: tab focused event="tab.focus" subsystem="tab" outcome="ok" workspace_id="wA" tab_id="wA:t1"
2026-09-22T20:41:43.706053Z  INFO herdr::logging: api request completed event="api.request.complete" subsystem="api" outcome="ok" request_id="cli:pane:focus" method="pane.focus_direction"
2026-09-22T20:41:44.186044Z  INFO herdr::logging: api request received event="api.request.start" subsystem="api" outcome="started" request_id="cli:pane:focus" method="pane.focus_direction" changes_ui=true
2026-09-22T20:41:44.186955Z  INFO herdr::logging: tab focused event="tab.focus" subsystem="tab" outcome="ok" workspace_id="wA" tab_id="wA:t1"
2026-09-22T20:41:44.186975Z  INFO herdr::logging: tab focused event="tab.focus" subsystem="tab" outcome="ok" workspace_id="wA" tab_id="wA:t1"
2026-09-22T20:41:44.187033Z  INFO herdr::logging: api request completed event="api.request.complete" subsystem="api" outcome="ok" request_id="cli:pane:focus" method="pane.focus_direction"
2026-09-22T20:41:45.982138Z  INFO herdr::logging: api request received event="api.request.start" subsystem="api" outcome="started" request_id="cli:pane:focus" method="pane.focus_direction" changes_ui=true
2026-09-22T20:41:45.982317Z  INFO herdr::logging: api request completed event="api.request.complete" subsystem="api" outcome="ok" request_id="cli:pane:focus" method="pane.focus_direction"
2026-09-22T20:41:46.612411Z  INFO herdr::logging: api request received event="api.request.start" subsystem="api" outcome="started" request_id="cli:pane:focus" method="pane.focus_direction" changes_ui=true
2026-09-22T20:41:46.612508Z  INFO herdr::logging: tab focused event="tab.focus" subsystem="tab" outcome="ok" workspace_id="wA" tab_id="wA:t1"
2026-09-22T20:41:46.612524Z  INFO herdr::logging: tab focused event="tab.focus" subsystem="tab" outcome="ok" workspace_id="wA" tab_id="wA:t1"
2026-09-22T20:41:46.612571Z  INFO herdr::logging: api request completed event="api.request.complete" subsystem="api" outcome="ok" request_id="cli:pane:focus" method="pane.focus_direction"
2026-09-22T20:41:46.910953Z  INFO herdr::logging: api request received event="api.request.start" subsystem="api" outcome="started" request_id="cli:pane:focus" method="pane.focus_direction" changes_ui=true
2026-09-22T20:41:46.911052Z  INFO herdr::logging: tab focused event="tab.focus" subsystem="tab" outcome="ok" workspace_id="wA" tab_id="wA:t1"
2026-09-22T20:41:46.911066Z  INFO herdr::logging: tab focused event="tab.focus" subsystem="tab" outcome="ok" workspace_id="wA" tab_id="wA:t1"
2026-09-22T20:41:46.911120Z  INFO herdr::logging: api request completed event="api.request.complete" subsystem="api" outcome="ok" request_id="cli:pane:focus" method="pane.focus_direction"
2026-09-22T20:41:47.038645Z  INFO herdr::logging: api request received event="api.request.start" subsystem="api" outcome="started" request_id="cli:pane:focus" method="pane.focus_direction" changes_ui=true
2026-09-22T20:41:47.038757Z  INFO herdr::logging: api request completed event="api.request.complete" subsystem="api" outcome="ok" request_id="cli:pane:focus" method="pane.focus_direction"
2026-09-22T20:41:47.227141Z  INFO herdr::logging: api request received event="api.request.start" subsystem="api" outcome="started" request_id="cli:pane:focus" method="pane.focus_direction" changes_ui=true
2026-09-22T20:41:47.227307Z  INFO herdr::logging: api request completed event="api.request.complete" subsystem="api" outcome="ok" request_id="cli:pane:focus" method="pane.focus_direction"
2026-09-22T20:41:49.600609Z  INFO herdr::logging: api request received event="api.request.start" subsystem="api" outcome="started" request_id="cli:pane:focus" method="pane.focus_direction" changes_ui=true
2026-09-22T20:41:49.600693Z  INFO herdr::logging: tab focused event="tab.focus" subsystem="tab" outcome="ok" workspace_id="wA" tab_id="wA:t1"
2026-09-22T20:41:49.600702Z  INFO herdr::logging: tab focused event="tab.focus" subsystem="tab" outcome="ok" workspace_id="wA" tab_id="wA:t1"
2026-09-22T20:41:49.600757Z  INFO herdr::logging: api request completed event="api.request.complete" subsystem="api" outcome="ok" request_id="cli:pane:focus" method="pane.focus_direction"
2026-09-22T20:41:54.611585Z  INFO herdr::logging: session saved event="persist.save" subsystem="persist" outcome="ok" path=/Users/nathanchoi/.config/herdr/session.json workspaces=6
2026-09-22T20:41:57.724523Z  INFO herdr::logging: tab focused event="tab.focus" subsystem="tab" outcome="ok" workspace_id="wA" tab_id="wA:t1"
2026-09-22T20:42:02.730818Z  INFO herdr::logging: session saved event="persist.save" subsystem="persist" outcome="ok" path=/Users/nathanchoi/.config/herdr/session.json workspaces=6
2026-09-22T20:42:07.367656Z  INFO herdr::logging: tab focused event="tab.focus" subsystem="tab" outcome="ok" workspace_id="wA" tab_id="wA:t1"
2026-09-22T20:42:14.258794Z  INFO herdr::logging: session saved event="persist.save" subsystem="persist" outcome="ok" path=/Users/nathanchoi/.config/herdr/session.json workspaces=6
2026-09-22T20:42:14.384340Z  INFO herdr::logging: tab focused event="tab.focus" subsystem="tab" outcome="ok" workspace_id="wA" tab_id="wA:t1"
2026-09-22T20:42:19.393795Z  INFO herdr::logging: session saved event="persist.save" subsystem="persist" outcome="ok" path=/Users/nathanchoi/.config/herdr/session.json workspaces=6
2026-09-22T20:42:43.722453Z  INFO herdr::logging: workspace focused event="workspace.focus" subsystem="workspace" outcome="ok" workspace_id="w5"
2026-09-22T20:42:43.722617Z  INFO herdr::logging: tab focused event="tab.focus" subsystem="tab" outcome="ok" workspace_id="w5" tab_id="w5:t1"
2026-09-22T20:42:43.722653Z  INFO herdr::logging: workspace focused event="workspace.focus" subsystem="workspace" outcome="ok" workspace_id="w5"
2026-09-22T20:42:43.722659Z  INFO herdr::logging: tab focused event="tab.focus" subsystem="tab" outcome="ok" workspace_id="w5" tab_id="w5:t1"
2026-09-22T20:42:48.727764Z  INFO herdr::logging: session saved event="persist.save" subsystem="persist" outcome="ok" path=/Users/nathanchoi/.config/herdr/session.json workspaces=6
2026-09-22T20:43:37.935743Z  INFO herdr::logging: workspace focused event="workspace.focus" subsystem="workspace" outcome="ok" workspace_id="wA"
2026-09-22T20:43:37.936725Z  INFO herdr::logging: tab focused event="tab.focus" subsystem="tab" outcome="ok" workspace_id="wA" tab_id="wA:t1"
2026-09-22T20:43:37.936770Z  INFO herdr::logging: workspace focused event="workspace.focus" subsystem="workspace" outcome="ok" workspace_id="wA"
2026-09-22T20:43:37.936777Z  INFO herdr::logging: tab focused event="tab.focus" subsystem="tab" outcome="ok" workspace_id="wA" tab_id="wA:t1"
2026-09-22T20:43:38.975635Z  INFO herdr::logging: tab focused event="tab.focus" subsystem="tab" outcome="ok" workspace_id="wA" tab_id="wA:t1"
2026-09-22T20:43:43.980516Z  INFO herdr::logging: session saved event="persist.save" subsystem="persist" outcome="ok" path=/Users/nathanchoi/.config/herdr/session.json workspaces=6
2026-09-22T20:43:47.080652Z  INFO herdr::logging: api request received event="api.request.start" subsystem="api" outcome="started" request_id="cli:pane:focus" method="pane.focus_direction" changes_ui=true
2026-09-22T20:43:47.080736Z  INFO herdr::logging: tab focused event="tab.focus" subsystem="tab" outcome="ok" workspace_id="wA" tab_id="wA:t1"
2026-09-22T20:43:47.080745Z  INFO herdr::logging: tab focused event="tab.focus" subsystem="tab" outcome="ok" workspace_id="wA" tab_id="wA:t1"
2026-09-22T20:43:47.081575Z  INFO herdr::logging: api request completed event="api.request.complete" subsystem="api" outcome="ok" request_id="cli:pane:focus" method="pane.focus_direction"
2026-09-22T20:43:47.363509Z  INFO herdr::logging: api request received event="api.request.start" subsystem="api" outcome="started" request_id="cli:pane:focus" method="pane.focus_direction" changes_ui=true
2026-09-22T20:43:47.363602Z  INFO herdr::logging: tab focused event="tab.focus" subsystem="tab" outcome="ok" workspace_id="wA" tab_id="wA:t1"
2026-09-22T20:43:47.363612Z  INFO herdr::logging: tab focused event="tab.focus" subsystem="tab" outcome="ok" workspace_id="wA" tab_id="wA:t1"
2026-09-22T20:43:47.363688Z  INFO herdr::logging: api request completed event="api.request.complete" subsystem="api" outcome="ok" request_id="cli:pane:focus" method="pane.focus_direction"
2026-09-22T20:43:48.748694Z  INFO herdr::logging: api request received event="api.request.start" subsystem="api" outcome="started" request_id="cli:pane:focus" method="pane.focus_direction" changes_ui=true
2026-09-22T20:43:48.748794Z  INFO herdr::logging: tab focused event="tab.focus" subsystem="tab" outcome="ok" workspace_id="wA" tab_id="wA:t1"
2026-09-22T20:43:48.748815Z  INFO herdr::logging: tab focused event="tab.focus" subsystem="tab" outcome="ok" workspace_id="wA" tab_id="wA:t1"
2026-09-22T20:43:48.748881Z  INFO herdr::logging: api request completed event="api.request.complete" subsystem="api" outcome="ok" request_id="cli:pane:focus" method="pane.focus_direction"
2026-09-22T20:43:53.752258Z  INFO herdr::logging: session saved event="persist.save" subsystem="persist" outcome="ok" path=/Users/nathanchoi/.config/herdr/session.json workspaces=6
2026-09-22T20:44:25.378183Z  INFO herdr::logging: tab focused event="tab.focus" subsystem="tab" outcome="ok" workspace_id="wA" tab_id="wA:t1"
2026-09-22T20:44:30.399543Z  INFO herdr::logging: session saved event="persist.save" subsystem="persist" outcome="ok" path=/Users/nathanchoi/.config/herdr/session.json workspaces=6
2026-09-22T20:44:39.711843Z  INFO herdr::logging: workspace focused event="workspace.focus" subsystem="workspace" outcome="ok" workspace_id="w5"
2026-09-22T20:44:39.712559Z  INFO herdr::logging: tab focused event="tab.focus" subsystem="tab" outcome="ok" workspace_id="w5" tab_id="w5:t1"
2026-09-22T20:44:39.712666Z  INFO herdr::logging: workspace focused event="workspace.focus" subsystem="workspace" outcome="ok" workspace_id="w5"
2026-09-22T20:44:39.712686Z  INFO herdr::logging: tab focused event="tab.focus" subsystem="tab" outcome="ok" workspace_id="w5" tab_id="w5:t1"
2026-09-22T20:44:43.706847Z  INFO herdr::logging: tab focused event="tab.focus" subsystem="tab" outcome="ok" workspace_id="w5" tab_id="w5:t1"
2026-09-22T20:44:48.713285Z  INFO herdr::logging: session saved event="persist.save" subsystem="persist" outcome="ok" path=/Users/nathanchoi/.config/herdr/session.json workspaces=6
2026-09-22T20:45:05.709500Z  INFO herdr::logging: tab focused event="tab.focus" subsystem="tab" outcome="ok" workspace_id="w5" tab_id="w5:t1"
2026-09-22T20:45:10.755593Z  INFO herdr::logging: session saved event="persist.save" subsystem="persist" outcome="ok" path=/Users/nathanchoi/.config/herdr/session.json workspaces=6
2026-09-22T21:08:00.087307Z  INFO herdr::logging: tab focused event="tab.focus" subsystem="tab" outcome="ok" workspace_id="w5" tab_id="w5:t1"
2026-09-22T21:08:05.223066Z  INFO herdr::logging: session saved event="persist.save" subsystem="persist" outcome="ok" path=/Users/nathanchoi/.config/herdr/session.json workspaces=6
2026-09-22T21:13:39.819053Z  INFO herdr::logging: tab focused event="tab.focus" subsystem="tab" outcome="ok" workspace_id="w5" tab_id="w5:t1"
2026-09-22T21:13:44.842180Z  INFO herdr::logging: session saved event="persist.save" subsystem="persist" outcome="ok" path=/Users/nathanchoi/.config/herdr/session.json workspaces=6
2026-09-22T21:13:57.328301Z  INFO herdr::logging: tab focused event="tab.focus" subsystem="tab" outcome="ok" workspace_id="w5" tab_id="w5:t1"
2026-09-22T21:14:02.351890Z  INFO herdr::logging: session saved event="persist.save" subsystem="persist" outcome="ok" path=/Users/nathanchoi/.config/herdr/session.json workspaces=6
2026-09-22T21:14:50.978985Z  INFO herdr::logging: api request received event="api.request.start" subsystem="api" outcome="started" request_id="cli:pane:focus" method="pane.focus_direction" changes_ui=true
2026-09-22T21:14:50.979077Z  INFO herdr::logging: tab focused event="tab.focus" subsystem="tab" outcome="ok" workspace_id="w5" tab_id="w5:t1"
2026-09-22T21:14:50.979094Z  INFO herdr::logging: tab focused event="tab.focus" subsystem="tab" outcome="ok" workspace_id="w5" tab_id="w5:t1"
2026-09-22T21:14:50.979498Z  INFO herdr::logging: api request completed event="api.request.complete" subsystem="api" outcome="ok" request_id="cli:pane:focus" method="pane.focus_direction"
2026-09-22T21:14:55.986909Z  INFO herdr::logging: session saved event="persist.save" subsystem="persist" outcome="ok" path=/Users/nathanchoi/.config/herdr/session.json workspaces=6
2026-09-22T21:15:23.361412Z  INFO herdr::logging: tab focused event="tab.focus" subsystem="tab" outcome="ok" workspace_id="w5" tab_id="w5:t1"
2026-09-22T21:15:28.398861Z  INFO herdr::logging: session saved event="persist.save" subsystem="persist" outcome="ok" path=/Users/nathanchoi/.config/herdr/session.json workspaces=6
2026-09-22T21:15:31.906465Z  INFO herdr::logging: tab focused event="tab.focus" subsystem="tab" outcome="ok" workspace_id="w5" tab_id="w5:t2"
2026-09-22T21:15:31.907336Z  INFO herdr::logging: tab focused event="tab.focus" subsystem="tab" outcome="ok" workspace_id="w5" tab_id="w5:t2"
2026-09-22T21:15:36.920427Z  INFO herdr::logging: session saved event="persist.save" subsystem="persist" outcome="ok" path=/Users/nathanchoi/.config/herdr/session.json workspaces=6
2026-09-22T21:16:00.954707Z  INFO herdr::logging: tab focused event="tab.focus" subsystem="tab" outcome="ok" workspace_id="w5" tab_id="w5:t2"
2026-09-22T21:16:02.744919Z  INFO herdr::logging: tab focused event="tab.focus" subsystem="tab" outcome="ok" workspace_id="w5" tab_id="w5:t1"
2026-09-22T21:16:02.745676Z  INFO herdr::logging: tab focused event="tab.focus" subsystem="tab" outcome="ok" workspace_id="w5" tab_id="w5:t1"
2026-09-22T21:16:03.979706Z  INFO herdr::logging: tab focused event="tab.focus" subsystem="tab" outcome="ok" workspace_id="w5" tab_id="w5:t1"
2026-09-22T21:16:08.995309Z  INFO herdr::logging: session saved event="persist.save" subsystem="persist" outcome="ok" path=/Users/nathanchoi/.config/herdr/session.json workspaces=6
2026-09-22T21:16:13.377476Z  INFO herdr::logging: checking for updates event="update.check.start" subsystem="update" outcome="started"
2026-09-22T21:16:34.875403Z  INFO herdr::logging: tab focused event="tab.focus" subsystem="tab" outcome="ok" workspace_id="w5" tab_id="w5:t1"
2026-09-22T21:16:39.889345Z  INFO herdr::logging: session saved event="persist.save" subsystem="persist" outcome="ok" path=/Users/nathanchoi/.config/herdr/session.json workspaces=6
2026-09-22T21:16:49.914965Z  INFO herdr::logging: tab focused event="tab.focus" subsystem="tab" outcome="ok" workspace_id="w5" tab_id="w5:t2"
2026-09-22T21:16:49.915342Z  INFO herdr::logging: tab focused event="tab.focus" subsystem="tab" outcome="ok" workspace_id="w5" tab_id="w5:t2"
2026-09-22T21:16:51.547392Z  INFO herdr::logging: tab focused event="tab.focus" subsystem="tab" outcome="ok" workspace_id="w5" tab_id="w5:t2"
2026-09-22T21:16:54.979881Z  INFO herdr::logging: tab focused event="tab.focus" subsystem="tab" outcome="ok" workspace_id="w5" tab_id="w5:t1"
2026-09-22T21:16:54.980293Z  INFO herdr::logging: tab focused event="tab.focus" subsystem="tab" outcome="ok" workspace_id="w5" tab_id="w5:t1"
2026-09-22T21:16:57.477559Z  INFO herdr::logging: tab focused event="tab.focus" subsystem="tab" outcome="ok" workspace_id="w5" tab_id="w5:t1"
2026-09-22T21:16:59.840791Z  INFO herdr::logging: tab focused event="tab.focus" subsystem="tab" outcome="ok" workspace_id="w5" tab_id="w5:t1"
2026-09-22T21:17:04.851541Z  INFO herdr::logging: session saved event="persist.save" subsystem="persist" outcome="ok" path=/Users/nathanchoi/.config/herdr/session.json workspaces=6
2026-09-22T21:17:51.305674Z  INFO herdr::logging: tab focused event="tab.focus" subsystem="tab" outcome="ok" workspace_id="w5" tab_id="w5:t1"
2026-09-22T21:17:53.435443Z  INFO herdr::logging: tab focused event="tab.focus" subsystem="tab" outcome="ok" workspace_id="w5" tab_id="w5:t2"
2026-09-22T21:17:53.436241Z  INFO herdr::logging: tab focused event="tab.focus" subsystem="tab" outcome="ok" workspace_id="w5" tab_id="w5:t2"
2026-09-22T21:17:56.198225Z  INFO herdr::logging: tab focused event="tab.focus" subsystem="tab" outcome="ok" workspace_id="w5" tab_id="w5:t1"
2026-09-22T21:17:56.198556Z  INFO herdr::logging: tab focused event="tab.focus" subsystem="tab" outcome="ok" workspace_id="w5" tab_id="w5:t1"
2026-09-22T21:17:57.397749Z  INFO herdr::logging: tab focused event="tab.focus" subsystem="tab" outcome="ok" workspace_id="w5" tab_id="w5:t2"
2026-09-22T21:17:57.398460Z  INFO herdr::logging: tab focused event="tab.focus" subsystem="tab" outcome="ok" workspace_id="w5" tab_id="w5:t2"
2026-09-22T21:18:02.403055Z  INFO herdr::logging: session saved event="persist.save" subsystem="persist" outcome="ok" path=/Users/nathanchoi/.config/herdr/session.json workspaces=6
2026-09-22T21:18:06.703201Z  INFO herdr::logging: tab focused event="tab.focus" subsystem="tab" outcome="ok" workspace_id="w5" tab_id="w5:t1"
2026-09-22T21:18:06.703458Z  INFO herdr::logging: tab focused event="tab.focus" subsystem="tab" outcome="ok" workspace_id="w5" tab_id="w5:t1"
2026-09-22T21:18:08.008449Z  INFO herdr::logging: tab focused event="tab.focus" subsystem="tab" outcome="ok" workspace_id="w5" tab_id="w5:t1"
2026-09-22T21:18:13.012111Z  INFO herdr::logging: session saved event="persist.save" subsystem="persist" outcome="ok" path=/Users/nathanchoi/.config/herdr/session.json workspaces=6
2026-09-22T21:19:02.935220Z  INFO herdr::logging: tab focused event="tab.focus" subsystem="tab" outcome="ok" workspace_id="w5" tab_id="w5:t1"
2026-09-22T21:19:07.960278Z  INFO herdr::logging: session saved event="persist.save" subsystem="persist" outcome="ok" path=/Users/nathanchoi/.config/herdr/session.json workspaces=6
2026-09-22T21:20:14.049176Z  INFO herdr::logging: tab focused event="tab.focus" subsystem="tab" outcome="ok" workspace_id="w5" tab_id="w5:t2"
2026-09-22T21:20:14.050608Z  INFO herdr::logging: tab focused event="tab.focus" subsystem="tab" outcome="ok" workspace_id="w5" tab_id="w5:t2"
2026-09-22T21:20:19.099917Z  INFO herdr::logging: session saved event="persist.save" subsystem="persist" outcome="ok" path=/Users/nathanchoi/.config/herdr/session.json workspaces=6
2026-09-22T21:21:28.704508Z  INFO herdr::logging: tab focused event="tab.focus" subsystem="tab" outcome="ok" workspace_id="w5" tab_id="w5:t1"
2026-09-22T21:21:28.706050Z  INFO herdr::logging: tab focused event="tab.focus" subsystem="tab" outcome="ok" workspace_id="w5" tab_id="w5:t1"
2026-09-22T21:21:29.842012Z  INFO herdr::logging: api request received event="api.request.start" subsystem="api" outcome="started" request_id="cli:pane:focus" method="pane.focus_direction" changes_ui=true
2026-09-22T21:21:29.842120Z  INFO herdr::logging: tab focused event="tab.focus" subsystem="tab" outcome="ok" workspace_id="w5" tab_id="w5:t1"
2026-09-22T21:21:29.842131Z  INFO herdr::logging: tab focused event="tab.focus" subsystem="tab" outcome="ok" workspace_id="w5" tab_id="w5:t1"
2026-09-22T21:21:29.842493Z  INFO herdr::logging: api request completed event="api.request.complete" subsystem="api" outcome="ok" request_id="cli:pane:focus" method="pane.focus_direction"
2026-09-22T21:21:32.479658Z  INFO herdr::logging: tab focused event="tab.focus" subsystem="tab" outcome="ok" workspace_id="w5" tab_id="w5:t1"
2026-09-22T21:21:33.622225Z  INFO herdr::logging: tab focused event="tab.focus" subsystem="tab" outcome="ok" workspace_id="w5" tab_id="w5:t1"
2026-09-22T21:21:38.628166Z  INFO herdr::logging: session saved event="persist.save" subsystem="persist" outcome="ok" path=/Users/nathanchoi/.config/herdr/session.json workspaces=6
2026-09-22T21:23:42.006681Z  INFO herdr::logging: spawning pane terminal event="pane.spawn.start" subsystem="pane" outcome="started" pane_id=32 rows=55 cols=82 scrollback_limit_bytes=10000000
2026-09-22T21:23:42.027625Z  INFO herdr::logging: pane child spawned event="pane.spawned" subsystem="pane" outcome="ok" pane_id=32 pid=94846
2026-09-22T21:23:42.028476Z  INFO herdr::logging: tab focused event="tab.focus" subsystem="tab" outcome="ok" workspace_id="w5" tab_id="w5:t1"
2026-09-22T21:23:47.073945Z  INFO herdr::logging: session saved event="persist.save" subsystem="persist" outcome="ok" path=/Users/nathanchoi/.config/herdr/session.json workspaces=6
2026-09-22T21:25:03.715831Z  INFO herdr::logging: api request received event="api.request.start" subsystem="api" outcome="started" request_id="cli:pane:focus" method="pane.focus_direction" changes_ui=true
2026-09-22T21:25:03.715996Z  INFO herdr::logging: tab focused event="tab.focus" subsystem="tab" outcome="ok" workspace_id="w5" tab_id="w5:t1"
2026-09-22T21:25:03.716007Z  INFO herdr::logging: tab focused event="tab.focus" subsystem="tab" outcome="ok" workspace_id="w5" tab_id="w5:t1"
2026-09-22T21:25:03.716098Z  INFO herdr::logging: api request completed event="api.request.complete" subsystem="api" outcome="ok" request_id="cli:pane:focus" method="pane.focus_direction"
2026-09-22T21:25:08.722346Z  INFO herdr::logging: session saved event="persist.save" subsystem="persist" outcome="ok" path=/Users/nathanchoi/.config/herdr/session.json workspaces=6
2026-09-22T21:26:22.707178Z  INFO herdr::logging: api request received event="api.request.start" subsystem="api" outcome="started" request_id="cli:pane:focus" method="pane.focus_direction" changes_ui=true
2026-09-22T21:26:22.707273Z  INFO herdr::logging: tab focused event="tab.focus" subsystem="tab" outcome="ok" workspace_id="w5" tab_id="w5:t1"
2026-09-22T21:26:22.707287Z  INFO herdr::logging: tab focused event="tab.focus" subsystem="tab" outcome="ok" workspace_id="w5" tab_id="w5:t1"
2026-09-22T21:26:22.707334Z  INFO herdr::logging: api request completed event="api.request.complete" subsystem="api" outcome="ok" request_id="cli:pane:focus" method="pane.focus_direction"
2026-09-22T21:26:23.838292Z  INFO herdr::logging: pane child exited event="pane.exit" subsystem="pane" outcome="completed" pane_id=32 status="ExitStatus { code: 0, signal: None }"
2026-09-22T21:26:23.842547Z  INFO herdr::pane: pane session terminated pane=32 pid=94846 signal=Hangup
2026-09-22T21:26:28.847180Z  INFO herdr::logging: session saved event="persist.save" subsystem="persist" outcome="ok" path=/Users/nathanchoi/.config/herdr/session.json workspaces=6
2026-09-22T21:27:06.887166Z  INFO herdr::logging: api request received event="api.request.start" subsystem="api" outcome="started" request_id="cli:pane:focus" method="pane.focus_direction" changes_ui=true
2026-09-22T21:27:06.887265Z  INFO herdr::logging: tab focused event="tab.focus" subsystem="tab" outcome="ok" workspace_id="w5" tab_id="w5:t1"
2026-09-22T21:27:06.887277Z  INFO herdr::logging: tab focused event="tab.focus" subsystem="tab" outcome="ok" workspace_id="w5" tab_id="w5:t1"
2026-09-22T21:27:06.887353Z  INFO herdr::logging: api request completed event="api.request.complete" subsystem="api" outcome="ok" request_id="cli:pane:focus" method="pane.focus_direction"
2026-09-22T21:27:11.893648Z  INFO herdr::logging: session saved event="persist.save" subsystem="persist" outcome="ok" path=/Users/nathanchoi/.config/herdr/session.json workspaces=6
2026-09-22T21:28:27.301205Z  INFO herdr::logging: tab focused event="tab.focus" subsystem="tab" outcome="ok" workspace_id="w5" tab_id="w5:t1"
2026-09-22T21:28:28.184568Z  INFO herdr::logging: tab focused event="tab.focus" subsystem="tab" outcome="ok" workspace_id="w5" tab_id="w5:t1"
2026-09-22T21:28:33.192013Z  INFO herdr::logging: session saved event="persist.save" subsystem="persist" outcome="ok" path=/Users/nathanchoi/.config/herdr/session.json workspaces=6
2026-09-22T21:29:18.154204Z  INFO herdr::logging: tab focused event="tab.focus" subsystem="tab" outcome="ok" workspace_id="w5" tab_id="w5:t2"
2026-09-22T21:29:18.156761Z  INFO herdr::logging: tab focused event="tab.focus" subsystem="tab" outcome="ok" workspace_id="w5" tab_id="w5:t2"
2026-09-22T21:29:22.187114Z  INFO herdr::logging: tab focused event="tab.focus" subsystem="tab" outcome="ok" workspace_id="w5" tab_id="w5:t1"
2026-09-22T21:29:22.187247Z  INFO herdr::logging: tab focused event="tab.focus" subsystem="tab" outcome="ok" workspace_id="w5" tab_id="w5:t1"
2026-09-22T21:29:26.907796Z  INFO herdr::logging: tab focused event="tab.focus" subsystem="tab" outcome="ok" workspace_id="w5" tab_id="w5:t1"
2026-09-22T21:29:28.696465Z  INFO herdr::logging: tab focused event="tab.focus" subsystem="tab" outcome="ok" workspace_id="w5" tab_id="w5:t1"
2026-09-22T21:29:33.703840Z  INFO herdr::logging: session saved event="persist.save" subsystem="persist" outcome="ok" path=/Users/nathanchoi/.config/herdr/session.json workspaces=6
2026-09-22T21:30:02.987558Z  INFO herdr::logging: tab focused event="tab.focus" subsystem="tab" outcome="ok" workspace_id="w5" tab_id="w5:t2"
2026-09-22T21:30:02.987861Z  INFO herdr::logging: tab focused event="tab.focus" subsystem="tab" outcome="ok" workspace_id="w5" tab_id="w5:t2"
2026-09-22T21:30:04.570516Z  INFO herdr::logging: tab focused event="tab.focus" subsystem="tab" outcome="ok" workspace_id="w5" tab_id="w5:t1"
2026-09-22T21:30:04.570698Z  INFO herdr::logging: tab focused event="tab.focus" subsystem="tab" outcome="ok" workspace_id="w5" tab_id="w5:t1"
2026-09-22T21:30:09.579779Z  INFO herdr::logging: session saved event="persist.save" subsystem="persist" outcome="ok" path=/Users/nathanchoi/.config/herdr/session.json workspaces=6
2026-09-22T21:30:12.647618Z  INFO herdr::logging: tab focused event="tab.focus" subsystem="tab" outcome="ok" workspace_id="w5" tab_id="w5:t2"
2026-09-22T21:30:12.647744Z  INFO herdr::logging: tab focused event="tab.focus" subsystem="tab" outcome="ok" workspace_id="w5" tab_id="w5:t2"
2026-09-22T21:30:15.219094Z  INFO herdr::logging: tab focused event="tab.focus" subsystem="tab" outcome="ok" workspace_id="w5" tab_id="w5:t1"
2026-09-22T21:30:15.219320Z  INFO herdr::logging: tab focused event="tab.focus" subsystem="tab" outcome="ok" workspace_id="w5" tab_id="w5:t1"
2026-09-22T21:30:17.985728Z  INFO herdr::logging: tab focused event="tab.focus" subsystem="tab" outcome="ok" workspace_id="w5" tab_id="w5:t2"
2026-09-22T21:30:17.986110Z  INFO herdr::logging: tab focused event="tab.focus" subsystem="tab" outcome="ok" workspace_id="w5" tab_id="w5:t2"
2026-09-22T21:30:22.992753Z  INFO herdr::logging: session saved event="persist.save" subsystem="persist" outcome="ok" path=/Users/nathanchoi/.config/herdr/session.json workspaces=6
2026-09-22T21:33:04.385484Z  INFO herdr::logging: tab focused event="tab.focus" subsystem="tab" outcome="ok" workspace_id="w5" tab_id="w5:t2"
2026-09-22T21:33:09.426552Z  INFO herdr::logging: session saved event="persist.save" subsystem="persist" outcome="ok" path=/Users/nathanchoi/.config/herdr/session.json workspaces=6
2026-09-22T21:34:18.679683Z  INFO herdr::logging: tab focused event="tab.focus" subsystem="tab" outcome="ok" workspace_id="w5" tab_id="w5:t2"
2026-09-22T21:34:23.707140Z  INFO herdr::logging: session saved event="persist.save" subsystem="persist" outcome="ok" path=/Users/nathanchoi/.config/herdr/session.json workspaces=6
2026-09-22T21:37:31.440044Z  INFO herdr::logging: workspace focused event="workspace.focus" subsystem="workspace" outcome="ok" workspace_id="w5"
2026-09-22T21:37:31.441714Z  INFO herdr::logging: tab focused event="tab.focus" subsystem="tab" outcome="ok" workspace_id="w5" tab_id="w5:t2"
2026-09-22T21:37:32.121613Z  INFO herdr::logging: tab focused event="tab.focus" subsystem="tab" outcome="ok" workspace_id="w5" tab_id="w5:t1"
2026-09-22T21:37:32.124225Z  INFO herdr::logging: tab focused event="tab.focus" subsystem="tab" outcome="ok" workspace_id="w5" tab_id="w5:t1"
2026-09-22T21:37:35.341709Z  INFO herdr::logging: tab focused event="tab.focus" subsystem="tab" outcome="ok" workspace_id="w5" tab_id="w5:t1"
2026-09-22T21:37:40.350013Z  INFO herdr::logging: session saved event="persist.save" subsystem="persist" outcome="ok" path=/Users/nathanchoi/.config/herdr/session.json workspaces=6
2026-09-22T21:37:46.120188Z  INFO herdr::logging: tab focused event="tab.focus" subsystem="tab" outcome="ok" workspace_id="w5" tab_id="w5:t1"
2026-09-22T21:37:51.124519Z  INFO herdr::logging: session saved event="persist.save" subsystem="persist" outcome="ok" path=/Users/nathanchoi/.config/herdr/session.json workspaces=6
2026-09-22T21:43:24.924962Z  INFO herdr::logging: tab focused event="tab.focus" subsystem="tab" outcome="ok" workspace_id="w5" tab_id="w5:t1"
2026-09-22T21:43:29.939933Z  INFO herdr::logging: session saved event="persist.save" subsystem="persist" outcome="ok" path=/Users/nathanchoi/.config/herdr/session.json workspaces=6
2026-09-22T21:53:13.409969Z  INFO herdr::logging: tab focused event="tab.focus" subsystem="tab" outcome="ok" workspace_id="w5" tab_id="w5:t1"
2026-09-22T21:53:18.483019Z  INFO herdr::logging: session saved event="persist.save" subsystem="persist" outcome="ok" path=/Users/nathanchoi/.config/herdr/session.json workspaces=6
2026-09-22T21:53:18.809920Z  INFO herdr::logging: tab focused event="tab.focus" subsystem="tab" outcome="ok" workspace_id="w5" tab_id="w5:t1"
2026-09-22T21:53:23.858289Z  INFO herdr::logging: session saved event="persist.save" subsystem="persist" outcome="ok" path=/Users/nathanchoi/.config/herdr/session.json workspaces=6
2026-09-22T21:53:57.690748Z  INFO herdr::logging: tab focused event="tab.focus" subsystem="tab" outcome="ok" workspace_id="w5" tab_id="w5:t1"
2026-09-22T21:54:03.035188Z  INFO herdr::logging: session saved event="persist.save" subsystem="persist" outcome="ok" path=/Users/nathanchoi/.config/herdr/session.json workspaces=6
2026-09-22T21:54:09.958441Z  INFO herdr::logging: tab focused event="tab.focus" subsystem="tab" outcome="ok" workspace_id="w5" tab_id="w5:t1"
2026-09-22T21:54:14.968993Z  INFO herdr::logging: session saved event="persist.save" subsystem="persist" outcome="ok" path=/Users/nathanchoi/.config/herdr/session.json workspaces=6
2026-09-22T21:56:53.419735Z  INFO herdr::logging: checking for updates event="update.check.start" subsystem="update" outcome="started"
2026-09-22T22:04:02.266442Z  INFO herdr::logging: tab focused event="tab.focus" subsystem="tab" outcome="ok" workspace_id="w5" tab_id="w5:t1"
2026-09-22T22:04:07.350647Z  INFO herdr::logging: session saved event="persist.save" subsystem="persist" outcome="ok" path=/Users/nathanchoi/.config/herdr/session.json workspaces=6
2026-09-22T22:04:13.226668Z  INFO herdr::logging: tab focused event="tab.focus" subsystem="tab" outcome="ok" workspace_id="w5" tab_id="w5:t1"
2026-09-22T22:04:16.265833Z  INFO herdr::logging: tab focused event="tab.focus" subsystem="tab" outcome="ok" workspace_id="w5" tab_id="w5:t1"
2026-09-22T22:04:21.276201Z  INFO herdr::logging: session saved event="persist.save" subsystem="persist" outcome="ok" path=/Users/nathanchoi/.config/herdr/session.json workspaces=6
2026-09-22T22:05:52.966567Z  INFO herdr::logging: tab focused event="tab.focus" subsystem="tab" outcome="ok" workspace_id="w5" tab_id="w5:t1"
2026-09-22T22:05:57.979428Z  INFO herdr::logging: session saved event="persist.save" subsystem="persist" outcome="ok" path=/Users/nathanchoi/.config/herdr/session.json workspaces=6
2026-09-22T22:07:48.463267Z  INFO herdr::logging: tab focused event="tab.focus" subsystem="tab" outcome="ok" workspace_id="w5" tab_id="w5:t1"
2026-09-22T22:07:53.490394Z  INFO herdr::logging: session saved event="persist.save" subsystem="persist" outcome="ok" path=/Users/nathanchoi/.config/herdr/session.json workspaces=6
2026-09-22T22:13:32.750777Z  INFO herdr::logging: session saved event="persist.save" subsystem="persist" outcome="ok" path=/Users/nathanchoi/.config/herdr/session.json workspaces=6
2026-09-22T22:24:12.433694Z  INFO herdr::logging: tab focused event="tab.focus" subsystem="tab" outcome="ok" workspace_id="w5" tab_id="w5:t1"
2026-09-22T22:24:17.459593Z  INFO herdr::logging: session saved event="persist.save" subsystem="persist" outcome="ok" path=/Users/nathanchoi/.config/herdr/session.json workspaces=6
2026-09-22T22:26:43.073715Z  INFO herdr::logging: tab focused event="tab.focus" subsystem="tab" outcome="ok" workspace_id="w5" tab_id="w5:t1"
2026-09-22T22:26:48.104733Z  INFO herdr::logging: session saved event="persist.save" subsystem="persist" outcome="ok" path=/Users/nathanchoi/.config/herdr/session.json workspaces=6
2026-09-22T22:26:53.419687Z  INFO herdr::logging: checking for updates event="update.check.start" subsystem="update" outcome="started"
2026-09-22T22:34:26.303515Z  INFO herdr::logging: workspace focused event="workspace.focus" subsystem="workspace" outcome="ok" workspace_id="wA"
2026-09-22T22:34:26.304610Z  INFO herdr::logging: tab focused event="tab.focus" subsystem="tab" outcome="ok" workspace_id="wA" tab_id="wA:t1"
2026-09-22T22:34:26.304778Z  INFO herdr::logging: workspace focused event="workspace.focus" subsystem="workspace" outcome="ok" workspace_id="wA"
2026-09-22T22:34:26.304813Z  INFO herdr::logging: tab focused event="tab.focus" subsystem="tab" outcome="ok" workspace_id="wA" tab_id="wA:t1"
2026-09-22T22:34:27.108366Z  INFO herdr::logging: tab focused event="tab.focus" subsystem="tab" outcome="ok" workspace_id="wA" tab_id="wA:t1"
2026-09-22T22:34:32.134475Z  INFO herdr::logging: session saved event="persist.save" subsystem="persist" outcome="ok" path=/Users/nathanchoi/.config/herdr/session.json workspaces=6
2026-09-22T22:35:37.838750Z  INFO herdr::logging: workspace focused event="workspace.focus" subsystem="workspace" outcome="ok" workspace_id="w5"
2026-09-22T22:35:37.840307Z  INFO herdr::logging: tab focused event="tab.focus" subsystem="tab" outcome="ok" workspace_id="w5" tab_id="w5:t1"
2026-09-22T22:35:37.840902Z  INFO herdr::logging: workspace focused event="workspace.focus" subsystem="workspace" outcome="ok" workspace_id="w5"
2026-09-22T22:35:37.840932Z  INFO herdr::logging: tab focused event="tab.focus" subsystem="tab" outcome="ok" workspace_id="w5" tab_id="w5:t1"
2026-09-22T22:35:42.880075Z  INFO herdr::logging: session saved event="persist.save" subsystem="persist" outcome="ok" path=/Users/nathanchoi/.config/herdr/session.json workspaces=6
2026-09-22T22:38:41.004374Z  INFO herdr::logging: api request received event="api.request.start" subsystem="api" outcome="started" request_id="cli:pane:focus" method="pane.focus_direction" changes_ui=true
2026-09-22T22:38:41.005130Z  INFO herdr::logging: api request completed event="api.request.complete" subsystem="api" outcome="ok" request_id="cli:pane:focus" method="pane.focus_direction"
2026-09-22T22:38:41.026270Z  INFO herdr::logging: api request received event="api.request.start" subsystem="api" outcome="started" request_id="cli:pane:focus" method="pane.focus_direction" changes_ui=true
2026-09-22T22:38:41.026456Z  INFO herdr::logging: api request completed event="api.request.complete" subsystem="api" outcome="ok" request_id="cli:pane:focus" method="pane.focus_direction"
2026-09-22T22:41:05.471001Z  INFO herdr::logging: tab focused event="tab.focus" subsystem="tab" outcome="ok" workspace_id="w5" tab_id="w5:t1"
2026-09-22T22:41:10.484299Z  INFO herdr::logging: session saved event="persist.save" subsystem="persist" outcome="ok" path=/Users/nathanchoi/.config/herdr/session.json workspaces=6
2026-09-22T22:41:27.770431Z  INFO herdr::logging: tab focused event="tab.focus" subsystem="tab" outcome="ok" workspace_id="w5" tab_id="w5:t1"
2026-09-22T22:41:29.679460Z  INFO herdr::logging: tab focused event="tab.focus" subsystem="tab" outcome="ok" workspace_id="w5" tab_id="w5:t1"
2026-09-22T22:41:34.688390Z  INFO herdr::logging: session saved event="persist.save" subsystem="persist" outcome="ok" path=/Users/nathanchoi/.config/herdr/session.json workspaces=6
2026-09-22T22:42:13.183778Z  INFO herdr::logging: tab focused event="tab.focus" subsystem="tab" outcome="ok" workspace_id="w5" tab_id="w5:t1"
2026-09-22T22:42:15.899276Z  INFO herdr::logging: tab focused event="tab.focus" subsystem="tab" outcome="ok" workspace_id="w5" tab_id="w5:t1"
2026-09-22T22:42:17.367744Z  INFO herdr::logging: spawning pane terminal event="pane.spawn.start" subsystem="pane" outcome="started" pane_id=33 rows=55 cols=94 scrollback_limit_bytes=10000000
2026-09-22T22:42:17.428453Z  INFO herdr::logging: pane child spawned event="pane.spawned" subsystem="pane" outcome="ok" pane_id=33 pid=99327
2026-09-22T22:42:17.428830Z  INFO herdr::logging: tab focused event="tab.focus" subsystem="tab" outcome="ok" workspace_id="w5" tab_id="w5:t1"
2026-09-22T22:42:22.567936Z  INFO herdr::logging: session saved event="persist.save" subsystem="persist" outcome="ok" path=/Users/nathanchoi/.config/herdr/session.json workspaces=6
2026-09-22T22:43:01.031948Z  INFO herdr::logging: tab focused event="tab.focus" subsystem="tab" outcome="ok" workspace_id="w5" tab_id="w5:t1"
2026-09-22T22:43:06.044217Z  INFO herdr::logging: session saved event="persist.save" subsystem="persist" outcome="ok" path=/Users/nathanchoi/.config/herdr/session.json workspaces=6
2026-09-22T22:43:59.046469Z  INFO herdr::logging: tab focused event="tab.focus" subsystem="tab" outcome="ok" workspace_id="w5" tab_id="w5:t2"
2026-09-22T22:43:59.049939Z  INFO herdr::logging: tab focused event="tab.focus" subsystem="tab" outcome="ok" workspace_id="w5" tab_id="w5:t2"
2026-09-22T22:44:00.068325Z  INFO herdr::logging: tab focused event="tab.focus" subsystem="tab" outcome="ok" workspace_id="w5" tab_id="w5:t1"
2026-09-22T22:44:00.068457Z  INFO herdr::logging: tab focused event="tab.focus" subsystem="tab" outcome="ok" workspace_id="w5" tab_id="w5:t1"
2026-09-22T22:44:05.096391Z  INFO herdr::logging: session saved event="persist.save" subsystem="persist" outcome="ok" path=/Users/nathanchoi/.config/herdr/session.json workspaces=6
2026-09-22T22:53:36.048515Z  INFO herdr::logging: api request received event="api.request.start" subsystem="api" outcome="started" request_id="cli:pane:focus" method="pane.focus_direction" changes_ui=true
2026-09-22T22:53:36.048819Z  INFO herdr::logging: api request completed event="api.request.complete" subsystem="api" outcome="ok" request_id="cli:pane:focus" method="pane.focus_direction"
2026-09-22T22:56:53.424218Z  INFO herdr::logging: checking for updates event="update.check.start" subsystem="update" outcome="started"
2026-09-22T22:59:27.254145Z  INFO herdr::logging: tab focused event="tab.focus" subsystem="tab" outcome="ok" workspace_id="w5" tab_id="w5:t1"
2026-09-22T22:59:34.127425Z  INFO herdr::logging: session saved event="persist.save" subsystem="persist" outcome="ok" path=/Users/nathanchoi/.config/herdr/session.json workspaces=6
2026-09-22T23:00:01.224154Z  INFO herdr::logging: tab focused event="tab.focus" subsystem="tab" outcome="ok" workspace_id="w5" tab_id="w5:t1"
2026-09-22T23:00:06.235418Z  INFO herdr::logging: session saved event="persist.save" subsystem="persist" outcome="ok" path=/Users/nathanchoi/.config/herdr/session.json workspaces=6
2026-09-22T23:02:20.757331Z  INFO herdr::logging: tab focused event="tab.focus" subsystem="tab" outcome="ok" workspace_id="w5" tab_id="w5:t1"
2026-09-22T23:02:25.784703Z  INFO herdr::logging: session saved event="persist.save" subsystem="persist" outcome="ok" path=/Users/nathanchoi/.config/herdr/session.json workspaces=6
2026-09-22T23:02:54.859563Z  INFO herdr::logging: session saved event="persist.save" subsystem="persist" outcome="ok" path=/Users/nathanchoi/.config/herdr/session.json workspaces=6
2026-09-22T23:04:05.090829Z  INFO herdr::logging: workspace focused event="workspace.focus" subsystem="workspace" outcome="ok" workspace_id="w5"
2026-09-22T23:04:05.091572Z  INFO herdr::logging: tab focused event="tab.focus" subsystem="tab" outcome="ok" workspace_id="w5" tab_id="w5:t1"
2026-09-22T23:04:08.121404Z  INFO herdr::logging: tab focused event="tab.focus" subsystem="tab" outcome="ok" workspace_id="w5" tab_id="w5:t1"
2026-09-22T23:04:13.145224Z  INFO herdr::logging: session saved event="persist.save" subsystem="persist" outcome="ok" path=/Users/nathanchoi/.config/herdr/session.json workspaces=6
2026-09-22T23:06:36.096773Z  INFO herdr::logging: tab focused event="tab.focus" subsystem="tab" outcome="ok" workspace_id="w5" tab_id="w5:t1"
2026-09-22T23:06:41.132306Z  INFO herdr::logging: session saved event="persist.save" subsystem="persist" outcome="ok" path=/Users/nathanchoi/.config/herdr/session.json workspaces=6
2026-09-22T23:07:01.103426Z  INFO herdr::logging: tab focused event="tab.focus" subsystem="tab" outcome="ok" workspace_id="w5" tab_id="w5:t1"
2026-09-22T23:07:06.110371Z  INFO herdr::logging: session saved event="persist.save" subsystem="persist" outcome="ok" path=/Users/nathanchoi/.config/herdr/session.json workspaces=6
2026-09-22T23:09:57.249077Z  INFO herdr::logging: api request received event="api.request.start" subsystem="api" outcome="started" request_id="cli:pane:focus" method="pane.focus_direction" changes_ui=true
2026-09-22T23:09:57.249784Z  INFO herdr::logging: api request completed event="api.request.complete" subsystem="api" outcome="ok" request_id="cli:pane:focus" method="pane.focus_direction"
2026-09-22T23:23:42.784280Z  INFO herdr::logging: api request received event="api.request.start" subsystem="api" outcome="started" request_id="cli:pane:focus" method="pane.focus_direction" changes_ui=true
2026-09-22T23:23:42.784616Z  INFO herdr::logging: api request completed event="api.request.complete" subsystem="api" outcome="ok" request_id="cli:pane:focus" method="pane.focus_direction"
2026-09-22T23:26:53.437843Z  INFO herdr::logging: checking for updates event="update.check.start" subsystem="update" outcome="started"
2026-09-22T23:27:13.867828Z  INFO herdr::logging: session saved event="persist.save" subsystem="persist" outcome="ok" path=/Users/nathanchoi/.config/herdr/session.json workspaces=6
2026-09-22T23:33:30.510291Z  INFO herdr::logging: tab focused event="tab.focus" subsystem="tab" outcome="ok" workspace_id="w5" tab_id="w5:t2"
2026-09-22T23:33:30.510975Z  INFO herdr::logging: tab focused event="tab.focus" subsystem="tab" outcome="ok" workspace_id="w5" tab_id="w5:t2"
2026-09-22T23:33:35.519334Z  INFO herdr::logging: session saved event="persist.save" subsystem="persist" outcome="ok" path=/Users/nathanchoi/.config/herdr/session.json workspaces=6
2026-09-22T23:33:36.350845Z  INFO herdr::logging: tab focused event="tab.focus" subsystem="tab" outcome="ok" workspace_id="w5" tab_id="w5:t1"
2026-09-22T23:33:36.350907Z  INFO herdr::logging: tab focused event="tab.focus" subsystem="tab" outcome="ok" workspace_id="w5" tab_id="w5:t1"
2026-09-22T23:33:41.356861Z  INFO herdr::logging: session saved event="persist.save" subsystem="persist" outcome="ok" path=/Users/nathanchoi/.config/herdr/session.json workspaces=6
2026-09-22T23:50:15.369455Z  INFO herdr::logging: api request received event="api.request.start" subsystem="api" outcome="started" request_id="cli:pane:focus" method="pane.focus_direction" changes_ui=true
2026-09-22T23:50:15.370503Z  INFO herdr::logging: api request completed event="api.request.complete" subsystem="api" outcome="ok" request_id="cli:pane:focus" method="pane.focus_direction"
2026-09-22T23:50:15.507308Z  INFO herdr::logging: api request received event="api.request.start" subsystem="api" outcome="started" request_id="cli:pane:focus" method="pane.focus_direction" changes_ui=true
2026-09-22T23:50:15.507585Z  INFO herdr::logging: api request completed event="api.request.complete" subsystem="api" outcome="ok" request_id="cli:pane:focus" method="pane.focus_direction"
2026-09-22T23:56:19.226434Z  INFO herdr::logging: tab focused event="tab.focus" subsystem="tab" outcome="ok" workspace_id="w5" tab_id="w5:t2"
2026-09-22T23:56:19.227820Z  INFO herdr::logging: tab focused event="tab.focus" subsystem="tab" outcome="ok" workspace_id="w5" tab_id="w5:t2"
2026-09-22T23:56:20.215467Z  INFO herdr::logging: tab focused event="tab.focus" subsystem="tab" outcome="ok" workspace_id="w5" tab_id="w5:t1"
2026-09-22T23:56:20.215614Z  INFO herdr::logging: tab focused event="tab.focus" subsystem="tab" outcome="ok" workspace_id="w5" tab_id="w5:t1"
2026-09-22T23:56:25.229353Z  INFO herdr::logging: session saved event="persist.save" subsystem="persist" outcome="ok" path=/Users/nathanchoi/.config/herdr/session.json workspaces=6
2026-09-22T23:56:53.467685Z  INFO herdr::logging: checking for updates event="update.check.start" subsystem="update" outcome="started"
2026-09-23T00:00:38.811720Z  INFO herdr::server::headless: client detached client_id=10
2026-09-23T16:06:26.277152Z  INFO herdr::server::headless: client connected client_id=12 cols=163 rows=55 cell_width_px=7 cell_height_px=15 surface_active=true render_encoding=SemanticFrame
2026-09-23T16:21:09.337022Z  INFO herdr::logging: spawning pane terminal event="pane.spawn.start" subsystem="pane" outcome="started" pane_id=34 rows=55 cols=163 scrollback_limit_bytes=10000000
2026-09-23T16:21:09.401399Z  INFO herdr::logging: pane child spawned event="pane.spawned" subsystem="pane" outcome="ok" pane_id=34 pid=8236
2026-09-23T16:21:09.444864Z  INFO herdr::logging: workspace created event="workspace.create" subsystem="workspace" outcome="ok" workspace_id="wC" pane_id=34
2026-09-23T16:21:09.445030Z  INFO herdr::logging: workspace focused event="workspace.focus" subsystem="workspace" outcome="ok" workspace_id="wC"
2026-09-23T16:21:09.445053Z  INFO herdr::logging: tab focused event="tab.focus" subsystem="tab" outcome="ok" workspace_id="wC" tab_id="wC:t1"
2026-09-23T16:21:14.500014Z  INFO herdr::logging: session saved event="persist.save" subsystem="persist" outcome="ok" path=/Users/nathanchoi/.config/herdr/session.json workspaces=7
2026-09-23T16:25:05.585397Z  INFO herdr::logging: workspace focused event="workspace.focus" subsystem="workspace" outcome="ok" workspace_id="wA"
2026-09-23T16:25:05.596003Z  INFO herdr::logging: tab focused event="tab.focus" subsystem="tab" outcome="ok" workspace_id="wA" tab_id="wA:t1"
2026-09-23T16:25:05.596441Z  INFO herdr::logging: workspace focused event="workspace.focus" subsystem="workspace" outcome="ok" workspace_id="wA"
2026-09-23T16:25:05.596463Z  INFO herdr::logging: tab focused event="tab.focus" subsystem="tab" outcome="ok" workspace_id="wA" tab_id="wA:t1"
2026-09-23T16:25:05.945344Z  INFO herdr::logging: workspace focused event="workspace.focus" subsystem="workspace" outcome="ok" workspace_id="wA"
2026-09-23T16:25:05.945362Z  INFO herdr::logging: tab focused event="tab.focus" subsystem="tab" outcome="ok" workspace_id="wA" tab_id="wA:t1"
2026-09-23T16:25:06.507223Z  INFO herdr::logging: tab focused event="tab.focus" subsystem="tab" outcome="ok" workspace_id="wA" tab_id="wA:t1"
2026-09-23T16:25:11.530410Z  INFO herdr::logging: session saved event="persist.save" subsystem="persist" outcome="ok" path=/Users/nathanchoi/.config/herdr/session.json workspaces=7
2026-09-23T16:25:21.041216Z  INFO herdr::logging: workspace focused event="workspace.focus" subsystem="workspace" outcome="ok" workspace_id="wC"
2026-09-23T16:25:21.041550Z  INFO herdr::logging: tab focused event="tab.focus" subsystem="tab" outcome="ok" workspace_id="wC" tab_id="wC:t1"
2026-09-23T16:25:21.041614Z  INFO herdr::logging: workspace focused event="workspace.focus" subsystem="workspace" outcome="ok" workspace_id="wC"
2026-09-23T16:25:21.041623Z  INFO herdr::logging: tab focused event="tab.focus" subsystem="tab" outcome="ok" workspace_id="wC" tab_id="wC:t1"
2026-09-23T16:25:22.784911Z  INFO herdr::logging: workspace focused event="workspace.focus" subsystem="workspace" outcome="ok" workspace_id="wA"
2026-09-23T16:25:22.784931Z  INFO herdr::logging: tab focused event="tab.focus" subsystem="tab" outcome="ok" workspace_id="wA" tab_id="wA:t1"
2026-09-23T16:25:22.785011Z  INFO herdr::logging: workspace focused event="workspace.focus" subsystem="workspace" outcome="ok" workspace_id="wA"
2026-09-23T16:25:22.785017Z  INFO herdr::logging: tab focused event="tab.focus" subsystem="tab" outcome="ok" workspace_id="wA" tab_id="wA:t1"
2026-09-23T16:25:25.216764Z  INFO herdr::logging: workspace focused event="workspace.focus" subsystem="workspace" outcome="ok" workspace_id="wC"
2026-09-23T16:25:25.217035Z  INFO herdr::logging: tab focused event="tab.focus" subsystem="tab" outcome="ok" workspace_id="wC" tab_id="wC:t1"
2026-09-23T16:25:25.217070Z  INFO herdr::logging: workspace focused event="workspace.focus" subsystem="workspace" outcome="ok" workspace_id="wC"
2026-09-23T16:25:25.217077Z  INFO herdr::logging: tab focused event="tab.focus" subsystem="tab" outcome="ok" workspace_id="wC" tab_id="wC:t1"
2026-09-23T16:25:30.233164Z  INFO herdr::logging: session saved event="persist.save" subsystem="persist" outcome="ok" path=/Users/nathanchoi/.config/herdr/session.json workspaces=7
2026-09-23T16:25:35.589618Z  INFO herdr::logging: workspace focused event="workspace.focus" subsystem="workspace" outcome="ok" workspace_id="wA"
2026-09-23T16:25:35.590589Z  INFO herdr::logging: tab focused event="tab.focus" subsystem="tab" outcome="ok" workspace_id="wA" tab_id="wA:t1"
2026-09-23T16:25:35.590630Z  INFO herdr::logging: workspace focused event="workspace.focus" subsystem="workspace" outcome="ok" workspace_id="wA"
2026-09-23T16:25:35.590637Z  INFO herdr::logging: tab focused event="tab.focus" subsystem="tab" outcome="ok" workspace_id="wA" tab_id="wA:t1"
2026-09-23T16:25:37.548292Z  INFO herdr::logging: workspace focused event="workspace.focus" subsystem="workspace" outcome="ok" workspace_id="wC"
2026-09-23T16:25:37.548315Z  INFO herdr::logging: tab focused event="tab.focus" subsystem="tab" outcome="ok" workspace_id="wC" tab_id="wC:t1"
2026-09-23T16:25:37.548338Z  INFO herdr::logging: workspace focused event="workspace.focus" subsystem="workspace" outcome="ok" workspace_id="wC"
2026-09-23T16:25:37.548344Z  INFO herdr::logging: tab focused event="tab.focus" subsystem="tab" outcome="ok" workspace_id="wC" tab_id="wC:t1"
2026-09-23T16:25:42.565743Z  INFO herdr::logging: session saved event="persist.save" subsystem="persist" outcome="ok" path=/Users/nathanchoi/.config/herdr/session.json workspaces=7
2026-09-23T16:25:47.246932Z  INFO herdr::logging: workspace focused event="workspace.focus" subsystem="workspace" outcome="ok" workspace_id="wA"
2026-09-23T16:25:47.247009Z  INFO herdr::logging: tab focused event="tab.focus" subsystem="tab" outcome="ok" workspace_id="wA" tab_id="wA:t1"
2026-09-23T16:25:47.247070Z  INFO herdr::logging: workspace focused event="workspace.focus" subsystem="workspace" outcome="ok" workspace_id="wA"
2026-09-23T16:25:47.247085Z  INFO herdr::logging: tab focused event="tab.focus" subsystem="tab" outcome="ok" workspace_id="wA" tab_id="wA:t1"
2026-09-23T16:25:52.255463Z  INFO herdr::logging: session saved event="persist.save" subsystem="persist" outcome="ok" path=/Users/nathanchoi/.config/herdr/session.json workspaces=7
2026-09-23T16:26:16.416110Z  INFO herdr::logging: tab focused event="tab.focus" subsystem="tab" outcome="ok" workspace_id="wA" tab_id="wA:t1"
2026-09-23T16:26:21.422772Z  INFO herdr::logging: session saved event="persist.save" subsystem="persist" outcome="ok" path=/Users/nathanchoi/.config/herdr/session.json workspaces=7
2026-09-23T16:26:22.118771Z  INFO herdr::logging: tab focused event="tab.focus" subsystem="tab" outcome="ok" workspace_id="wA" tab_id="wA:t1"
2026-09-23T16:26:22.824053Z  INFO herdr::logging: tab focused event="tab.focus" subsystem="tab" outcome="ok" workspace_id="wA" tab_id="wA:t1"
2026-09-23T16:26:23.606728Z  INFO herdr::logging: tab focused event="tab.focus" subsystem="tab" outcome="ok" workspace_id="wA" tab_id="wA:t1"
2026-09-23T16:26:25.165522Z  INFO herdr::logging: workspace focused event="workspace.focus" subsystem="workspace" outcome="ok" workspace_id="w5"
2026-09-23T16:26:25.165604Z  INFO herdr::logging: tab focused event="tab.focus" subsystem="tab" outcome="ok" workspace_id="w5" tab_id="w5:t1"
2026-09-23T16:26:29.290400Z  INFO herdr::logging: workspace focused event="workspace.focus" subsystem="workspace" outcome="ok" workspace_id="w8"
2026-09-23T16:26:29.290573Z  INFO herdr::logging: tab focused event="tab.focus" subsystem="tab" outcome="ok" workspace_id="w8" tab_id="w8:t1"
2026-09-23T16:26:30.507662Z  INFO herdr::logging: workspace focused event="workspace.focus" subsystem="workspace" outcome="ok" workspace_id="w5"
2026-09-23T16:26:30.507740Z  INFO herdr::logging: tab focused event="tab.focus" subsystem="tab" outcome="ok" workspace_id="w5" tab_id="w5:t1"
2026-09-23T16:26:31.420140Z  INFO herdr::logging: workspace focused event="workspace.focus" subsystem="workspace" outcome="ok" workspace_id="w8"
2026-09-23T16:26:31.420233Z  INFO herdr::logging: tab focused event="tab.focus" subsystem="tab" outcome="ok" workspace_id="w8" tab_id="w8:t1"
2026-09-23T16:26:31.420293Z  INFO herdr::logging: workspace focused event="workspace.focus" subsystem="workspace" outcome="ok" workspace_id="w8"
2026-09-23T16:26:31.420309Z  INFO herdr::logging: tab focused event="tab.focus" subsystem="tab" outcome="ok" workspace_id="w8" tab_id="w8:t1"
2026-09-23T16:26:31.853642Z  INFO herdr::logging: workspace focused event="workspace.focus" subsystem="workspace" outcome="ok" workspace_id="w7"
2026-09-23T16:26:31.853726Z  INFO herdr::logging: tab focused event="tab.focus" subsystem="tab" outcome="ok" workspace_id="w7" tab_id="w7:t3"
2026-09-23T16:26:31.853785Z  INFO herdr::logging: workspace focused event="workspace.focus" subsystem="workspace" outcome="ok" workspace_id="w7"
2026-09-23T16:26:31.853806Z  INFO herdr::logging: tab focused event="tab.focus" subsystem="tab" outcome="ok" workspace_id="w7" tab_id="w7:t3"
2026-09-23T16:26:33.389158Z  INFO herdr::logging: tab focused event="tab.focus" subsystem="tab" outcome="ok" workspace_id="w7" tab_id="w7:t1"
2026-09-23T16:26:33.389498Z  INFO herdr::logging: tab focused event="tab.focus" subsystem="tab" outcome="ok" workspace_id="w7" tab_id="w7:t1"
2026-09-23T16:26:34.845576Z  INFO herdr::logging: tab focused event="tab.focus" subsystem="tab" outcome="ok" workspace_id="w7" tab_id="w7:t3"
2026-09-23T16:26:34.846200Z  INFO herdr::logging: tab focused event="tab.focus" subsystem="tab" outcome="ok" workspace_id="w7" tab_id="w7:t3"
2026-09-23T16:26:35.206094Z  INFO herdr::logging: tab focused event="tab.focus" subsystem="tab" outcome="ok" workspace_id="w7" tab_id="w7:t2"
2026-09-23T16:26:35.206200Z  INFO herdr::logging: tab focused event="tab.focus" subsystem="tab" outcome="ok" workspace_id="w7" tab_id="w7:t2"
2026-09-23T16:26:37.505774Z  INFO herdr::logging: tab focused event="tab.focus" subsystem="tab" outcome="ok" workspace_id="w7" tab_id="w7:t1"
2026-09-23T16:26:37.505912Z  INFO herdr::logging: tab focused event="tab.focus" subsystem="tab" outcome="ok" workspace_id="w7" tab_id="w7:t1"
2026-09-23T16:26:38.971585Z  INFO herdr::logging: tab focused event="tab.focus" subsystem="tab" outcome="ok" workspace_id="w7" tab_id="w7:t2"
2026-09-23T16:26:38.971703Z  INFO herdr::logging: tab focused event="tab.focus" subsystem="tab" outcome="ok" workspace_id="w7" tab_id="w7:t2"
2026-09-23T16:26:43.993808Z  INFO herdr::logging: session saved event="persist.save" subsystem="persist" outcome="ok" path=/Users/nathanchoi/.config/herdr/session.json workspaces=7
2026-09-23T16:27:28.177447Z  INFO herdr::logging: tab focused event="tab.focus" subsystem="tab" outcome="ok" workspace_id="w7" tab_id="w7:t1"
2026-09-23T16:27:28.178017Z  INFO herdr::logging: tab focused event="tab.focus" subsystem="tab" outcome="ok" workspace_id="w7" tab_id="w7:t1"
2026-09-23T16:27:28.898101Z  INFO herdr::logging: tab focused event="tab.focus" subsystem="tab" outcome="ok" workspace_id="w7" tab_id="w7:t3"
2026-09-23T16:27:28.898197Z  INFO herdr::logging: tab focused event="tab.focus" subsystem="tab" outcome="ok" workspace_id="w7" tab_id="w7:t3"
2026-09-23T16:27:29.417227Z  INFO herdr::logging: tab focused event="tab.focus" subsystem="tab" outcome="ok" workspace_id="w7" tab_id="w7:t2"
2026-09-23T16:27:29.417351Z  INFO herdr::logging: tab focused event="tab.focus" subsystem="tab" outcome="ok" workspace_id="w7" tab_id="w7:t2"
2026-09-23T16:27:30.096620Z  INFO herdr::logging: workspace focused event="workspace.focus" subsystem="workspace" outcome="ok" workspace_id="wC"
2026-09-23T16:27:30.096696Z  INFO herdr::logging: tab focused event="tab.focus" subsystem="tab" outcome="ok" workspace_id="wC" tab_id="wC:t1"
2026-09-23T16:27:30.096752Z  INFO herdr::logging: workspace focused event="workspace.focus" subsystem="workspace" outcome="ok" workspace_id="wC"
2026-09-23T16:27:30.096767Z  INFO herdr::logging: tab focused event="tab.focus" subsystem="tab" outcome="ok" workspace_id="wC" tab_id="wC:t1"
2026-09-23T16:27:35.101016Z  INFO herdr::logging: session saved event="persist.save" subsystem="persist" outcome="ok" path=/Users/nathanchoi/.config/herdr/session.json workspaces=7
2026-09-23T16:28:18.248711Z  INFO herdr::pane: agent changed pane=34 previous_agent=None agent=Some(Codex) process=codex pgid=Some(11426)
2026-09-23T16:28:27.030122Z  INFO herdr::pane: agent changed pane=34 previous_agent=Some(Codex) agent=None pgid=Some(8236)
2026-09-23T16:29:47.412514Z  INFO herdr::pane: agent changed pane=34 previous_agent=None agent=Some(Codex) process=codex pgid=Some(12759)
2026-09-23T16:30:06.901385Z  INFO herdr::logging: checking for updates event="update.check.start" subsystem="update" outcome="started"
2026-09-23T16:30:52.726896Z  INFO herdr::logging: session saved event="persist.save" subsystem="persist" outcome="ok" path=/Users/nathanchoi/.config/herdr/session.json workspaces=7
2026-09-23T16:31:45.705410Z  INFO herdr::logging: spawning pane terminal event="pane.spawn.start" subsystem="pane" outcome="started" pane_id=35 rows=61 cols=210 scrollback_limit_bytes=10000000
2026-09-23T16:31:45.729691Z  INFO herdr::logging: pane child spawned event="pane.spawned" subsystem="pane" outcome="ok" pane_id=35 pid=13418
2026-09-23T16:31:45.730414Z  INFO herdr::logging: tab focused event="tab.focus" subsystem="tab" outcome="ok" workspace_id="wC" tab_id="wC:t1"
2026-09-23T16:31:50.281052Z  INFO herdr::logging: pane child exited event="pane.exit" subsystem="pane" outcome="completed" pane_id=35 status="ExitStatus { code: 0, signal: None }"
2026-09-23T16:31:50.281764Z  INFO herdr::pane: pane session terminated pane=35 pid=13418 signal=Hangup
2026-09-23T16:31:53.542981Z  INFO herdr::logging: workspace focused event="workspace.focus" subsystem="workspace" outcome="ok" workspace_id="w6"
2026-09-23T16:31:53.543188Z  INFO herdr::logging: tab focused event="tab.focus" subsystem="tab" outcome="ok" workspace_id="w6" tab_id="w6:t1"
2026-09-23T16:31:53.543244Z  INFO herdr::logging: workspace focused event="workspace.focus" subsystem="workspace" outcome="ok" workspace_id="w6"
2026-09-23T16:31:53.543251Z  INFO herdr::logging: tab focused event="tab.focus" subsystem="tab" outcome="ok" workspace_id="w6" tab_id="w6:t1"
2026-09-23T16:31:55.300993Z  INFO herdr::logging: api request received event="api.request.start" subsystem="api" outcome="started" request_id="cli:pane:focus" method="pane.focus_direction" changes_ui=true
2026-09-23T16:31:55.301102Z  INFO herdr::logging: tab focused event="tab.focus" subsystem="tab" outcome="ok" workspace_id="w6" tab_id="w6:t1"
2026-09-23T16:31:55.301115Z  INFO herdr::logging: tab focused event="tab.focus" subsystem="tab" outcome="ok" workspace_id="w6" tab_id="w6:t1"
2026-09-23T16:31:55.301363Z  INFO herdr::logging: api request completed event="api.request.complete" subsystem="api" outcome="ok" request_id="cli:pane:focus" method="pane.focus_direction"
2026-09-23T16:32:00.319496Z  INFO herdr::logging: session saved event="persist.save" subsystem="persist" outcome="ok" path=/Users/nathanchoi/.config/herdr/session.json workspaces=7
2026-09-23T16:33:01.513467Z  INFO herdr::logging: api request received event="api.request.start" subsystem="api" outcome="started" request_id="cli:pane:focus" method="pane.focus_direction" changes_ui=true
2026-09-23T16:33:01.513966Z  INFO herdr::logging: tab focused event="tab.focus" subsystem="tab" outcome="ok" workspace_id="w6" tab_id="w6:t1"
2026-09-23T16:33:01.513978Z  INFO herdr::logging: tab focused event="tab.focus" subsystem="tab" outcome="ok" workspace_id="w6" tab_id="w6:t1"
2026-09-23T16:33:01.514430Z  INFO herdr::logging: api request completed event="api.request.complete" subsystem="api" outcome="ok" request_id="cli:pane:focus" method="pane.focus_direction"
2026-09-23T16:33:01.801041Z  INFO herdr::logging: api request received event="api.request.start" subsystem="api" outcome="started" request_id="cli:pane:focus" method="pane.focus_direction" changes_ui=true
2026-09-23T16:33:01.801124Z  INFO herdr::logging: tab focused event="tab.focus" subsystem="tab" outcome="ok" workspace_id="w6" tab_id="w6:t1"
2026-09-23T16:33:01.801153Z  INFO herdr::logging: tab focused event="tab.focus" subsystem="tab" outcome="ok" workspace_id="w6" tab_id="w6:t1"
2026-09-23T16:33:01.801199Z  INFO herdr::logging: api request completed event="api.request.complete" subsystem="api" outcome="ok" request_id="cli:pane:focus" method="pane.focus_direction"
2026-09-23T16:33:01.930461Z  INFO herdr::logging: api request received event="api.request.start" subsystem="api" outcome="started" request_id="cli:pane:focus" method="pane.focus_direction" changes_ui=true
2026-09-23T16:33:01.930534Z  INFO herdr::logging: tab focused event="tab.focus" subsystem="tab" outcome="ok" workspace_id="w6" tab_id="w6:t1"
2026-09-23T16:33:01.930543Z  INFO herdr::logging: tab focused event="tab.focus" subsystem="tab" outcome="ok" workspace_id="w6" tab_id="w6:t1"
2026-09-23T16:33:01.930582Z  INFO herdr::logging: api request completed event="api.request.complete" subsystem="api" outcome="ok" request_id="cli:pane:focus" method="pane.focus_direction"
2026-09-23T16:33:02.015454Z  INFO herdr::logging: api request received event="api.request.start" subsystem="api" outcome="started" request_id="cli:pane:focus" method="pane.focus_direction" changes_ui=true
2026-09-23T16:33:02.015532Z  INFO herdr::logging: tab focused event="tab.focus" subsystem="tab" outcome="ok" workspace_id="w6" tab_id="w6:t1"
2026-09-23T16:33:02.015559Z  INFO herdr::logging: tab focused event="tab.focus" subsystem="tab" outcome="ok" workspace_id="w6" tab_id="w6:t1"
2026-09-23T16:33:02.015621Z  INFO herdr::logging: api request completed event="api.request.complete" subsystem="api" outcome="ok" request_id="cli:pane:focus" method="pane.focus_direction"
2026-09-23T16:33:02.115206Z  INFO herdr::logging: api request received event="api.request.start" subsystem="api" outcome="started" request_id="cli:pane:focus" method="pane.focus_direction" changes_ui=true
2026-09-23T16:33:02.115277Z  INFO herdr::logging: tab focused event="tab.focus" subsystem="tab" outcome="ok" workspace_id="w6" tab_id="w6:t1"
2026-09-23T16:33:02.115292Z  INFO herdr::logging: tab focused event="tab.focus" subsystem="tab" outcome="ok" workspace_id="w6" tab_id="w6:t1"
2026-09-23T16:33:02.115348Z  INFO herdr::logging: api request completed event="api.request.complete" subsystem="api" outcome="ok" request_id="cli:pane:focus" method="pane.focus_direction"
2026-09-23T16:33:02.196918Z  INFO herdr::logging: api request received event="api.request.start" subsystem="api" outcome="started" request_id="cli:pane:focus" method="pane.focus_direction" changes_ui=true
2026-09-23T16:33:02.196995Z  INFO herdr::logging: tab focused event="tab.focus" subsystem="tab" outcome="ok" workspace_id="w6" tab_id="w6:t1"
2026-09-23T16:33:02.197008Z  INFO herdr::logging: tab focused event="tab.focus" subsystem="tab" outcome="ok" workspace_id="w6" tab_id="w6:t1"
2026-09-23T16:33:02.197041Z  INFO herdr::logging: api request completed event="api.request.complete" subsystem="api" outcome="ok" request_id="cli:pane:focus" method="pane.focus_direction"
2026-09-23T16:33:02.261427Z  INFO herdr::logging: api request received event="api.request.start" subsystem="api" outcome="started" request_id="cli:pane:focus" method="pane.focus_direction" changes_ui=true
2026-09-23T16:33:02.261499Z  INFO herdr::logging: tab focused event="tab.focus" subsystem="tab" outcome="ok" workspace_id="w6" tab_id="w6:t1"
2026-09-23T16:33:02.261508Z  INFO herdr::logging: tab focused event="tab.focus" subsystem="tab" outcome="ok" workspace_id="w6" tab_id="w6:t1"
2026-09-23T16:33:02.261559Z  INFO herdr::logging: api request completed event="api.request.complete" subsystem="api" outcome="ok" request_id="cli:pane:focus" method="pane.focus_direction"
2026-09-23T16:33:02.381886Z  INFO herdr::logging: api request received event="api.request.start" subsystem="api" outcome="started" request_id="cli:pane:focus" method="pane.focus_direction" changes_ui=true
2026-09-23T16:33:02.381946Z  INFO herdr::logging: api request received event="api.request.start" subsystem="api" outcome="started" request_id="cli:pane:focus" method="pane.focus_direction" changes_ui=true
2026-09-23T16:33:02.381968Z  INFO herdr::logging: tab focused event="tab.focus" subsystem="tab" outcome="ok" workspace_id="w6" tab_id="w6:t1"
2026-09-23T16:33:02.381991Z  INFO herdr::logging: tab focused event="tab.focus" subsystem="tab" outcome="ok" workspace_id="w6" tab_id="w6:t1"
2026-09-23T16:33:02.382065Z  INFO herdr::logging: api request completed event="api.request.complete" subsystem="api" outcome="ok" request_id="cli:pane:focus" method="pane.focus_direction"
2026-09-23T16:33:02.382069Z  INFO herdr::logging: api request completed event="api.request.complete" subsystem="api" outcome="ok" request_id="cli:pane:focus" method="pane.focus_direction"
2026-09-23T16:33:02.747311Z  INFO herdr::logging: api request received event="api.request.start" subsystem="api" outcome="started" request_id="cli:pane:focus" method="pane.focus_direction" changes_ui=true
2026-09-23T16:33:02.747443Z  INFO herdr::logging: api request completed event="api.request.complete" subsystem="api" outcome="ok" request_id="cli:pane:focus" method="pane.focus_direction"
2026-09-23T16:33:07.395785Z  INFO herdr::logging: session saved event="persist.save" subsystem="persist" outcome="ok" path=/Users/nathanchoi/.config/herdr/session.json workspaces=7
2026-09-23T16:33:58.002646Z  INFO herdr::logging: spawning pane terminal event="pane.spawn.start" subsystem="pane" outcome="started" pane_id=36 rows=61 cols=105 scrollback_limit_bytes=10000000
2026-09-23T16:33:58.027108Z  INFO herdr::logging: pane child spawned event="pane.spawned" subsystem="pane" outcome="ok" pane_id=36 pid=14292
2026-09-23T16:33:58.027869Z  INFO herdr::logging: tab focused event="tab.focus" subsystem="tab" outcome="ok" workspace_id="w6" tab_id="w6:t1"
2026-09-23T16:33:59.103015Z  INFO herdr::logging: pane child exited event="pane.exit" subsystem="pane" outcome="completed" pane_id=36 status="ExitStatus { code: 0, signal: None }"
2026-09-23T16:33:59.103665Z  INFO herdr::pane: pane session terminated pane=36 pid=14292 signal=Hangup
2026-09-23T16:33:59.821492Z  INFO herdr::logging: api request received event="api.request.start" subsystem="api" outcome="started" request_id="cli:pane:focus" method="pane.focus_direction" changes_ui=true
2026-09-23T16:33:59.821567Z  INFO herdr::logging: tab focused event="tab.focus" subsystem="tab" outcome="ok" workspace_id="w6" tab_id="w6:t1"
2026-09-23T16:33:59.821576Z  INFO herdr::logging: tab focused event="tab.focus" subsystem="tab" outcome="ok" workspace_id="w6" tab_id="w6:t1"
2026-09-23T16:33:59.823872Z  INFO herdr::logging: api request completed event="api.request.complete" subsystem="api" outcome="ok" request_id="cli:pane:focus" method="pane.focus_direction"
2026-09-23T16:34:00.491678Z  INFO herdr::logging: spawning pane terminal event="pane.spawn.start" subsystem="pane" outcome="started" pane_id=37 rows=61 cols=105 scrollback_limit_bytes=10000000
2026-09-23T16:34:00.501678Z  INFO herdr::logging: pane child spawned event="pane.spawned" subsystem="pane" outcome="ok" pane_id=37 pid=14329
2026-09-23T16:34:00.502090Z  INFO herdr::logging: tab focused event="tab.focus" subsystem="tab" outcome="ok" workspace_id="w6" tab_id="w6:t1"
2026-09-23T16:34:01.229579Z  INFO herdr::logging: spawning pane terminal event="pane.spawn.start" subsystem="pane" outcome="started" pane_id=38 rows=61 cols=105 scrollback_limit_bytes=10000000
2026-09-23T16:34:01.234020Z  INFO herdr::logging: pane child spawned event="pane.spawned" subsystem="pane" outcome="ok" pane_id=38 pid=14350
2026-09-23T16:34:01.234207Z  INFO herdr::logging: tab focused event="tab.focus" subsystem="tab" outcome="ok" workspace_id="w6" tab_id="w6:t1"
2026-09-23T16:34:02.083727Z  INFO herdr::logging: pane child exited event="pane.exit" subsystem="pane" outcome="completed" pane_id=38 status="ExitStatus { code: 0, signal: None }"
2026-09-23T16:34:02.084020Z  INFO herdr::pane: pane session terminated pane=38 pid=14350 signal=Hangup
2026-09-23T16:34:02.753505Z  INFO herdr::logging: pane child exited event="pane.exit" subsystem="pane" outcome="completed" pane_id=37 status="ExitStatus { code: 0, signal: None }"
2026-09-23T16:34:02.754034Z  INFO herdr::pane: pane session terminated pane=37 pid=14329 signal=Hangup
2026-09-23T16:34:03.428956Z  INFO herdr::logging: pane child exited event="pane.exit" subsystem="pane" outcome="completed" pane_id=11 status="ExitStatus { code: 0, signal: None }"
2026-09-23T16:34:03.429343Z  INFO herdr::pane: pane session terminated pane=11 pid=47044 signal=Hangup
2026-09-23T16:34:08.434003Z  INFO herdr::logging: session saved event="persist.save" subsystem="persist" outcome="ok" path=/Users/nathanchoi/.config/herdr/session.json workspaces=7
2026-09-23T16:35:31.607044Z  INFO herdr::logging: spawning pane terminal event="pane.spawn.start" subsystem="pane" outcome="started" pane_id=39 rows=61 cols=210 scrollback_limit_bytes=10000000
2026-09-23T16:35:31.613787Z  INFO herdr::logging: pane child spawned event="pane.spawned" subsystem="pane" outcome="ok" pane_id=39 pid=14770
2026-09-23T16:35:31.614005Z  INFO herdr::logging: tab focused event="tab.focus" subsystem="tab" outcome="ok" workspace_id="w6" tab_id="w6:t1"
2026-09-23T16:35:32.835299Z  INFO herdr::logging: pane child exited event="pane.exit" subsystem="pane" outcome="completed" pane_id=39 status="ExitStatus { code: 0, signal: None }"
2026-09-23T16:35:32.835900Z  INFO herdr::pane: pane session terminated pane=39 pid=14770 signal=Hangup
2026-09-23T16:35:37.846386Z  INFO herdr::logging: session saved event="persist.save" subsystem="persist" outcome="ok" path=/Users/nathanchoi/.config/herdr/session.json workspaces=7
2026-09-23T16:36:30.848362Z  INFO herdr::logging: spawning pane terminal event="pane.spawn.start" subsystem="pane" outcome="started" pane_id=40 rows=61 cols=210 scrollback_limit_bytes=10000000
2026-09-23T16:36:30.862759Z  INFO herdr::logging: pane child spawned event="pane.spawned" subsystem="pane" outcome="ok" pane_id=40 pid=15037
2026-09-23T16:36:30.863692Z  INFO herdr::logging: tab focused event="tab.focus" subsystem="tab" outcome="ok" workspace_id="w6" tab_id="w6:t1"
2026-09-23T16:36:31.809631Z  INFO herdr::logging: api request received event="api.request.start" subsystem="api" outcome="started" request_id="cli:pane:focus" method="pane.focus_direction" changes_ui=true
2026-09-23T16:36:31.809726Z  INFO herdr::logging: tab focused event="tab.focus" subsystem="tab" outcome="ok" workspace_id="w6" tab_id="w6:t1"
2026-09-23T16:36:31.809768Z  INFO herdr::logging: tab focused event="tab.focus" subsystem="tab" outcome="ok" workspace_id="w6" tab_id="w6:t1"
2026-09-23T16:36:31.809879Z  INFO herdr::logging: api request completed event="api.request.complete" subsystem="api" outcome="ok" request_id="cli:pane:focus" method="pane.focus_direction"
2026-09-23T16:36:31.890102Z  INFO herdr::logging: api request received event="api.request.start" subsystem="api" outcome="started" request_id="cli:pane:focus" method="pane.focus_direction" changes_ui=true
2026-09-23T16:36:31.890176Z  INFO herdr::logging: tab focused event="tab.focus" subsystem="tab" outcome="ok" workspace_id="w6" tab_id="w6:t1"
2026-09-23T16:36:31.890186Z  INFO herdr::logging: tab focused event="tab.focus" subsystem="tab" outcome="ok" workspace_id="w6" tab_id="w6:t1"
2026-09-23T16:36:31.890244Z  INFO herdr::logging: api request completed event="api.request.complete" subsystem="api" outcome="ok" request_id="cli:pane:focus" method="pane.focus_direction"
2026-09-23T16:36:31.974181Z  INFO herdr::logging: api request received event="api.request.start" subsystem="api" outcome="started" request_id="cli:pane:focus" method="pane.focus_direction" changes_ui=true
2026-09-23T16:36:31.974274Z  INFO herdr::logging: tab focused event="tab.focus" subsystem="tab" outcome="ok" workspace_id="w6" tab_id="w6:t1"
2026-09-23T16:36:31.974304Z  INFO herdr::logging: tab focused event="tab.focus" subsystem="tab" outcome="ok" workspace_id="w6" tab_id="w6:t1"
2026-09-23T16:36:31.974368Z  INFO herdr::logging: api request completed event="api.request.complete" subsystem="api" outcome="ok" request_id="cli:pane:focus" method="pane.focus_direction"
2026-09-23T16:36:32.052300Z  INFO herdr::logging: api request received event="api.request.start" subsystem="api" outcome="started" request_id="cli:pane:focus" method="pane.focus_direction" changes_ui=true
2026-09-23T16:36:32.052393Z  INFO herdr::logging: tab focused event="tab.focus" subsystem="tab" outcome="ok" workspace_id="w6" tab_id="w6:t1"
2026-09-23T16:36:32.052410Z  INFO herdr::logging: tab focused event="tab.focus" subsystem="tab" outcome="ok" workspace_id="w6" tab_id="w6:t1"
2026-09-23T16:36:32.052475Z  INFO herdr::logging: api request completed event="api.request.complete" subsystem="api" outcome="ok" request_id="cli:pane:focus" method="pane.focus_direction"
2026-09-23T16:36:32.165873Z  INFO herdr::logging: api request received event="api.request.start" subsystem="api" outcome="started" request_id="cli:pane:focus" method="pane.focus_direction" changes_ui=true
2026-09-23T16:36:32.165953Z  INFO herdr::logging: tab focused event="tab.focus" subsystem="tab" outcome="ok" workspace_id="w6" tab_id="w6:t1"
2026-09-23T16:36:32.165963Z  INFO herdr::logging: tab focused event="tab.focus" subsystem="tab" outcome="ok" workspace_id="w6" tab_id="w6:t1"
2026-09-23T16:36:32.166028Z  INFO herdr::logging: api request completed event="api.request.complete" subsystem="api" outcome="ok" request_id="cli:pane:focus" method="pane.focus_direction"
2026-09-23T16:36:32.233598Z  INFO herdr::logging: api request received event="api.request.start" subsystem="api" outcome="started" request_id="cli:pane:focus" method="pane.focus_direction" changes_ui=true
2026-09-23T16:36:32.233674Z  INFO herdr::logging: tab focused event="tab.focus" subsystem="tab" outcome="ok" workspace_id="w6" tab_id="w6:t1"
2026-09-23T16:36:32.233685Z  INFO herdr::logging: tab focused event="tab.focus" subsystem="tab" outcome="ok" workspace_id="w6" tab_id="w6:t1"
2026-09-23T16:36:32.233736Z  INFO herdr::logging: api request completed event="api.request.complete" subsystem="api" outcome="ok" request_id="cli:pane:focus" method="pane.focus_direction"
2026-09-23T16:36:32.331580Z  INFO herdr::logging: api request received event="api.request.start" subsystem="api" outcome="started" request_id="cli:pane:focus" method="pane.focus_direction" changes_ui=true
2026-09-23T16:36:32.331674Z  INFO herdr::logging: tab focused event="tab.focus" subsystem="tab" outcome="ok" workspace_id="w6" tab_id="w6:t1"
2026-09-23T16:36:32.331683Z  INFO herdr::logging: tab focused event="tab.focus" subsystem="tab" outcome="ok" workspace_id="w6" tab_id="w6:t1"
2026-09-23T16:36:32.331729Z  INFO herdr::logging: api request completed event="api.request.complete" subsystem="api" outcome="ok" request_id="cli:pane:focus" method="pane.focus_direction"
2026-09-23T16:36:32.458264Z  INFO herdr::logging: api request received event="api.request.start" subsystem="api" outcome="started" request_id="cli:pane:focus" method="pane.focus_direction" changes_ui=true
2026-09-23T16:36:32.458335Z  INFO herdr::logging: tab focused event="tab.focus" subsystem="tab" outcome="ok" workspace_id="w6" tab_id="w6:t1"
2026-09-23T16:36:32.458343Z  INFO herdr::logging: tab focused event="tab.focus" subsystem="tab" outcome="ok" workspace_id="w6" tab_id="w6:t1"
2026-09-23T16:36:32.458402Z  INFO herdr::logging: api request completed event="api.request.complete" subsystem="api" outcome="ok" request_id="cli:pane:focus" method="pane.focus_direction"
2026-09-23T16:36:32.525199Z  INFO herdr::logging: api request received event="api.request.start" subsystem="api" outcome="started" request_id="cli:pane:focus" method="pane.focus_direction" changes_ui=true
2026-09-23T16:36:32.525284Z  INFO herdr::logging: tab focused event="tab.focus" subsystem="tab" outcome="ok" workspace_id="w6" tab_id="w6:t1"
2026-09-23T16:36:32.525298Z  INFO herdr::logging: tab focused event="tab.focus" subsystem="tab" outcome="ok" workspace_id="w6" tab_id="w6:t1"
2026-09-23T16:36:32.525341Z  INFO herdr::logging: api request completed event="api.request.complete" subsystem="api" outcome="ok" request_id="cli:pane:focus" method="pane.focus_direction"
2026-09-23T16:36:32.623107Z  INFO herdr::logging: api request received event="api.request.start" subsystem="api" outcome="started" request_id="cli:pane:focus" method="pane.focus_direction" changes_ui=true
2026-09-23T16:36:32.623177Z  INFO herdr::logging: tab focused event="tab.focus" subsystem="tab" outcome="ok" workspace_id="w6" tab_id="w6:t1"
2026-09-23T16:36:32.623194Z  INFO herdr::logging: tab focused event="tab.focus" subsystem="tab" outcome="ok" workspace_id="w6" tab_id="w6:t1"
2026-09-23T16:36:32.623268Z  INFO herdr::logging: api request completed event="api.request.complete" subsystem="api" outcome="ok" request_id="cli:pane:focus" method="pane.focus_direction"
2026-09-23T16:36:32.706903Z  INFO herdr::logging: api request received event="api.request.start" subsystem="api" outcome="started" request_id="cli:pane:focus" method="pane.focus_direction" changes_ui=true
2026-09-23T16:36:32.707000Z  INFO herdr::logging: tab focused event="tab.focus" subsystem="tab" outcome="ok" workspace_id="w6" tab_id="w6:t1"
2026-09-23T16:36:32.707021Z  INFO herdr::logging: tab focused event="tab.focus" subsystem="tab" outcome="ok" workspace_id="w6" tab_id="w6:t1"
2026-09-23T16:36:32.707064Z  INFO herdr::logging: api request completed event="api.request.complete" subsystem="api" outcome="ok" request_id="cli:pane:focus" method="pane.focus_direction"
2026-09-23T16:36:32.799952Z  INFO herdr::logging: api request received event="api.request.start" subsystem="api" outcome="started" request_id="cli:pane:focus" method="pane.focus_direction" changes_ui=true
2026-09-23T16:36:32.800024Z  INFO herdr::logging: tab focused event="tab.focus" subsystem="tab" outcome="ok" workspace_id="w6" tab_id="w6:t1"
2026-09-23T16:36:32.800035Z  INFO herdr::logging: tab focused event="tab.focus" subsystem="tab" outcome="ok" workspace_id="w6" tab_id="w6:t1"
2026-09-23T16:36:32.800088Z  INFO herdr::logging: api request completed event="api.request.complete" subsystem="api" outcome="ok" request_id="cli:pane:focus" method="pane.focus_direction"
2026-09-23T16:36:32.884902Z  INFO herdr::logging: api request received event="api.request.start" subsystem="api" outcome="started" request_id="cli:pane:focus" method="pane.focus_direction" changes_ui=true
2026-09-23T16:36:32.884987Z  INFO herdr::logging: tab focused event="tab.focus" subsystem="tab" outcome="ok" workspace_id="w6" tab_id="w6:t1"
2026-09-23T16:36:32.884996Z  INFO herdr::logging: tab focused event="tab.focus" subsystem="tab" outcome="ok" workspace_id="w6" tab_id="w6:t1"
2026-09-23T16:36:32.885052Z  INFO herdr::logging: api request completed event="api.request.complete" subsystem="api" outcome="ok" request_id="cli:pane:focus" method="pane.focus_direction"
2026-09-23T16:36:32.999208Z  INFO herdr::logging: api request received event="api.request.start" subsystem="api" outcome="started" request_id="cli:pane:focus" method="pane.focus_direction" changes_ui=true
2026-09-23T16:36:32.999324Z  INFO herdr::logging: tab focused event="tab.focus" subsystem="tab" outcome="ok" workspace_id="w6" tab_id="w6:t1"
2026-09-23T16:36:32.999343Z  INFO herdr::logging: tab focused event="tab.focus" subsystem="tab" outcome="ok" workspace_id="w6" tab_id="w6:t1"
2026-09-23T16:36:32.999402Z  INFO herdr::logging: api request completed event="api.request.complete" subsystem="api" outcome="ok" request_id="cli:pane:focus" method="pane.focus_direction"
2026-09-23T16:36:33.082464Z  INFO herdr::logging: api request received event="api.request.start" subsystem="api" outcome="started" request_id="cli:pane:focus" method="pane.focus_direction" changes_ui=true
2026-09-23T16:36:33.082555Z  INFO herdr::logging: tab focused event="tab.focus" subsystem="tab" outcome="ok" workspace_id="w6" tab_id="w6:t1"
2026-09-23T16:36:33.082567Z  INFO herdr::logging: tab focused event="tab.focus" subsystem="tab" outcome="ok" workspace_id="w6" tab_id="w6:t1"
2026-09-23T16:36:33.082649Z  INFO herdr::logging: api request completed event="api.request.complete" subsystem="api" outcome="ok" request_id="cli:pane:focus" method="pane.focus_direction"
2026-09-23T16:36:33.085185Z  INFO herdr::logging: api request received event="api.request.start" subsystem="api" outcome="started" request_id="cli:pane:focus" method="pane.focus_direction" changes_ui=true
2026-09-23T16:36:33.085271Z  INFO herdr::logging: api request completed event="api.request.complete" subsystem="api" outcome="ok" request_id="cli:pane:focus" method="pane.focus_direction"
2026-09-23T16:36:33.242993Z  INFO herdr::logging: api request received event="api.request.start" subsystem="api" outcome="started" request_id="cli:pane:focus" method="pane.focus_direction" changes_ui=true
2026-09-23T16:36:33.243111Z  INFO herdr::logging: api request completed event="api.request.complete" subsystem="api" outcome="ok" request_id="cli:pane:focus" method="pane.focus_direction"
2026-09-23T16:36:33.293954Z  INFO herdr::logging: api request received event="api.request.start" subsystem="api" outcome="started" request_id="cli:pane:focus" method="pane.focus_direction" changes_ui=true
2026-09-23T16:36:33.294030Z  INFO herdr::logging: tab focused event="tab.focus" subsystem="tab" outcome="ok" workspace_id="w6" tab_id="w6:t1"
2026-09-23T16:36:33.294039Z  INFO herdr::logging: tab focused event="tab.focus" subsystem="tab" outcome="ok" workspace_id="w6" tab_id="w6:t1"
2026-09-23T16:36:33.294094Z  INFO herdr::logging: api request completed event="api.request.complete" subsystem="api" outcome="ok" request_id="cli:pane:focus" method="pane.focus_direction"
2026-09-23T16:36:33.410769Z  INFO herdr::logging: api request received event="api.request.start" subsystem="api" outcome="started" request_id="cli:pane:focus" method="pane.focus_direction" changes_ui=true
2026-09-23T16:36:33.410861Z  INFO herdr::logging: tab focused event="tab.focus" subsystem="tab" outcome="ok" workspace_id="w6" tab_id="w6:t1"
2026-09-23T16:36:33.410870Z  INFO herdr::logging: tab focused event="tab.focus" subsystem="tab" outcome="ok" workspace_id="w6" tab_id="w6:t1"
2026-09-23T16:36:33.410927Z  INFO herdr::logging: api request completed event="api.request.complete" subsystem="api" outcome="ok" request_id="cli:pane:focus" method="pane.focus_direction"
2026-09-23T16:36:33.489947Z  INFO herdr::logging: api request received event="api.request.start" subsystem="api" outcome="started" request_id="cli:pane:focus" method="pane.focus_direction" changes_ui=true
2026-09-23T16:36:33.490031Z  INFO herdr::logging: tab focused event="tab.focus" subsystem="tab" outcome="ok" workspace_id="w6" tab_id="w6:t1"
2026-09-23T16:36:33.490043Z  INFO herdr::logging: tab focused event="tab.focus" subsystem="tab" outcome="ok" workspace_id="w6" tab_id="w6:t1"
2026-09-23T16:36:33.490095Z  INFO herdr::logging: api request completed event="api.request.complete" subsystem="api" outcome="ok" request_id="cli:pane:focus" method="pane.focus_direction"
2026-09-23T16:36:33.924984Z  INFO herdr::logging: api request received event="api.request.start" subsystem="api" outcome="started" request_id="cli:pane:focus" method="pane.focus_direction" changes_ui=true
2026-09-23T16:36:33.925072Z  INFO herdr::logging: tab focused event="tab.focus" subsystem="tab" outcome="ok" workspace_id="w6" tab_id="w6:t1"
2026-09-23T16:36:33.925080Z  INFO herdr::logging: tab focused event="tab.focus" subsystem="tab" outcome="ok" workspace_id="w6" tab_id="w6:t1"
2026-09-23T16:36:33.925135Z  INFO herdr::logging: api request completed event="api.request.complete" subsystem="api" outcome="ok" request_id="cli:pane:focus" method="pane.focus_direction"
2026-09-23T16:36:38.929248Z  INFO herdr::logging: session saved event="persist.save" subsystem="persist" outcome="ok" path=/Users/nathanchoi/.config/herdr/session.json workspaces=7
2026-09-23T16:36:39.335927Z  INFO herdr::logging: api request received event="api.request.start" subsystem="api" outcome="started" request_id="cli:pane:focus" method="pane.focus_direction" changes_ui=true
2026-09-23T16:36:39.336005Z  INFO herdr::logging: tab focused event="tab.focus" subsystem="tab" outcome="ok" workspace_id="w6" tab_id="w6:t1"
2026-09-23T16:36:39.336014Z  INFO herdr::logging: tab focused event="tab.focus" subsystem="tab" outcome="ok" workspace_id="w6" tab_id="w6:t1"
2026-09-23T16:36:39.336076Z  INFO herdr::logging: api request completed event="api.request.complete" subsystem="api" outcome="ok" request_id="cli:pane:focus" method="pane.focus_direction"
2026-09-23T16:36:39.544776Z  INFO herdr::logging: api request received event="api.request.start" subsystem="api" outcome="started" request_id="cli:pane:focus" method="pane.focus_direction" changes_ui=true
2026-09-23T16:36:39.544863Z  INFO herdr::logging: tab focused event="tab.focus" subsystem="tab" outcome="ok" workspace_id="w6" tab_id="w6:t1"
2026-09-23T16:36:39.544875Z  INFO herdr::logging: tab focused event="tab.focus" subsystem="tab" outcome="ok" workspace_id="w6" tab_id="w6:t1"
2026-09-23T16:36:39.544932Z  INFO herdr::logging: api request completed event="api.request.complete" subsystem="api" outcome="ok" request_id="cli:pane:focus" method="pane.focus_direction"
2026-09-23T16:36:39.717913Z  INFO herdr::logging: api request received event="api.request.start" subsystem="api" outcome="started" request_id="cli:pane:focus" method="pane.focus_direction" changes_ui=true
2026-09-23T16:36:39.718001Z  INFO herdr::logging: tab focused event="tab.focus" subsystem="tab" outcome="ok" workspace_id="w6" tab_id="w6:t1"
2026-09-23T16:36:39.718015Z  INFO herdr::logging: tab focused event="tab.focus" subsystem="tab" outcome="ok" workspace_id="w6" tab_id="w6:t1"
2026-09-23T16:36:39.718044Z  INFO herdr::logging: api request completed event="api.request.complete" subsystem="api" outcome="ok" request_id="cli:pane:focus" method="pane.focus_direction"
2026-09-23T16:36:40.104168Z  INFO herdr::logging: api request received event="api.request.start" subsystem="api" outcome="started" request_id="cli:pane:focus" method="pane.focus_direction" changes_ui=true
2026-09-23T16:36:40.104254Z  INFO herdr::logging: tab focused event="tab.focus" subsystem="tab" outcome="ok" workspace_id="w6" tab_id="w6:t1"
2026-09-23T16:36:40.104281Z  INFO herdr::logging: tab focused event="tab.focus" subsystem="tab" outcome="ok" workspace_id="w6" tab_id="w6:t1"
2026-09-23T16:36:40.104326Z  INFO herdr::logging: api request completed event="api.request.complete" subsystem="api" outcome="ok" request_id="cli:pane:focus" method="pane.focus_direction"
2026-09-23T16:36:45.112121Z  INFO herdr::logging: session saved event="persist.save" subsystem="persist" outcome="ok" path=/Users/nathanchoi/.config/herdr/session.json workspaces=7
2026-09-23T16:39:05.556169Z  INFO herdr::logging: tab focused event="tab.focus" subsystem="tab" outcome="ok" workspace_id="w6" tab_id="w6:t1"
2026-09-23T16:39:05.796769Z  INFO herdr::logging: tab focused event="tab.focus" subsystem="tab" outcome="ok" workspace_id="w6" tab_id="w6:t1"
2026-09-23T16:39:10.807724Z  INFO herdr::logging: session saved event="persist.save" subsystem="persist" outcome="ok" path=/Users/nathanchoi/.config/herdr/session.json workspaces=7
2026-09-23T16:40:10.351466Z  INFO herdr::logging: tab focused event="tab.focus" subsystem="tab" outcome="ok" workspace_id="w6" tab_id="w6:t1"
2026-09-23T16:40:10.890465Z  INFO herdr::logging: tab focused event="tab.focus" subsystem="tab" outcome="ok" workspace_id="w6" tab_id="w6:t1"
2026-09-23T16:40:11.387558Z  INFO herdr::logging: tab focused event="tab.focus" subsystem="tab" outcome="ok" workspace_id="w6" tab_id="w6:t1"
2026-09-23T16:40:11.781034Z  INFO herdr::logging: tab focused event="tab.focus" subsystem="tab" outcome="ok" workspace_id="w6" tab_id="w6:t1"
2026-09-23T16:40:16.789772Z  INFO herdr::logging: session saved event="persist.save" subsystem="persist" outcome="ok" path=/Users/nathanchoi/.config/herdr/session.json workspaces=7
2026-09-23T16:45:28.486362Z  INFO herdr::logging: workspace focused event="workspace.focus" subsystem="workspace" outcome="ok" workspace_id="w8"
2026-09-23T16:45:28.488034Z  INFO herdr::logging: tab focused event="tab.focus" subsystem="tab" outcome="ok" workspace_id="w8" tab_id="w8:t1"
2026-09-23T16:45:28.488557Z  INFO herdr::logging: workspace focused event="workspace.focus" subsystem="workspace" outcome="ok" workspace_id="w8"
2026-09-23T16:45:28.488582Z  INFO herdr::logging: tab focused event="tab.focus" subsystem="tab" outcome="ok" workspace_id="w8" tab_id="w8:t1"
2026-09-23T16:45:28.903805Z  INFO herdr::logging: workspace focused event="workspace.focus" subsystem="workspace" outcome="ok" workspace_id="w5"
2026-09-23T16:45:28.903879Z  INFO herdr::logging: tab focused event="tab.focus" subsystem="tab" outcome="ok" workspace_id="w5" tab_id="w5:t1"
2026-09-23T16:45:28.903939Z  INFO herdr::logging: workspace focused event="workspace.focus" subsystem="workspace" outcome="ok" workspace_id="w5"
2026-09-23T16:45:28.903954Z  INFO herdr::logging: tab focused event="tab.focus" subsystem="tab" outcome="ok" workspace_id="w5" tab_id="w5:t1"
2026-09-23T16:45:29.683590Z  INFO herdr::logging: workspace focused event="workspace.focus" subsystem="workspace" outcome="ok" workspace_id="wC"
2026-09-23T16:45:29.683679Z  INFO herdr::logging: tab focused event="tab.focus" subsystem="tab" outcome="ok" workspace_id="wC" tab_id="wC:t1"
2026-09-23T16:45:29.683794Z  INFO herdr::logging: workspace focused event="workspace.focus" subsystem="workspace" outcome="ok" workspace_id="wC"
2026-09-23T16:45:29.683811Z  INFO herdr::logging: tab focused event="tab.focus" subsystem="tab" outcome="ok" workspace_id="wC" tab_id="wC:t1"
2026-09-23T16:45:34.690883Z  INFO herdr::logging: session saved event="persist.save" subsystem="persist" outcome="ok" path=/Users/nathanchoi/.config/herdr/session.json workspaces=7
2026-09-23T16:49:11.140999Z  INFO herdr::logging: workspace focused event="workspace.focus" subsystem="workspace" outcome="ok" workspace_id="wA"
2026-09-23T16:49:11.141445Z  INFO herdr::logging: tab focused event="tab.focus" subsystem="tab" outcome="ok" workspace_id="wA" tab_id="wA:t1"
2026-09-23T16:49:11.141535Z  INFO herdr::logging: workspace focused event="workspace.focus" subsystem="workspace" outcome="ok" workspace_id="wA"
2026-09-23T16:49:11.141551Z  INFO herdr::logging: tab focused event="tab.focus" subsystem="tab" outcome="ok" workspace_id="wA" tab_id="wA:t1"
2026-09-23T16:49:13.840728Z  INFO herdr::logging: tab focused event="tab.focus" subsystem="tab" outcome="ok" workspace_id="wA" tab_id="wA:t1"
2026-09-23T16:49:17.666514Z  INFO herdr::logging: workspace focused event="workspace.focus" subsystem="workspace" outcome="ok" workspace_id="wC"
2026-09-23T16:49:17.666738Z  INFO herdr::logging: tab focused event="tab.focus" subsystem="tab" outcome="ok" workspace_id="wC" tab_id="wC:t1"
2026-09-23T16:49:17.666775Z  INFO herdr::logging: workspace focused event="workspace.focus" subsystem="workspace" outcome="ok" workspace_id="wC"
2026-09-23T16:49:17.666780Z  INFO herdr::logging: tab focused event="tab.focus" subsystem="tab" outcome="ok" workspace_id="wC" tab_id="wC:t1"
2026-09-23T16:49:22.681336Z  INFO herdr::logging: session saved event="persist.save" subsystem="persist" outcome="ok" path=/Users/nathanchoi/.config/herdr/session.json workspaces=7
2026-09-23T16:50:29.447401Z  INFO herdr::logging: workspace focused event="workspace.focus" subsystem="workspace" outcome="ok" workspace_id="w6"
2026-09-23T16:50:29.449247Z  INFO herdr::logging: tab focused event="tab.focus" subsystem="tab" outcome="ok" workspace_id="w6" tab_id="w6:t1"
2026-09-23T16:50:29.449746Z  INFO herdr::logging: workspace focused event="workspace.focus" subsystem="workspace" outcome="ok" workspace_id="w6"
2026-09-23T16:50:29.449770Z  INFO herdr::logging: tab focused event="tab.focus" subsystem="tab" outcome="ok" workspace_id="w6" tab_id="w6:t1"
2026-09-23T16:50:30.256584Z  INFO herdr::logging: workspace focused event="workspace.focus" subsystem="workspace" outcome="ok" workspace_id="w7"
2026-09-23T16:50:30.256617Z  INFO herdr::logging: tab focused event="tab.focus" subsystem="tab" outcome="ok" workspace_id="w7" tab_id="w7:t2"
2026-09-23T16:50:30.256638Z  INFO herdr::logging: workspace focused event="workspace.focus" subsystem="workspace" outcome="ok" workspace_id="w7"
2026-09-23T16:50:30.256645Z  INFO herdr::logging: tab focused event="tab.focus" subsystem="tab" outcome="ok" workspace_id="w7" tab_id="w7:t2"
2026-09-23T16:50:30.607178Z  INFO herdr::logging: workspace focused event="workspace.focus" subsystem="workspace" outcome="ok" workspace_id="wA"
2026-09-23T16:50:30.607222Z  INFO herdr::logging: tab focused event="tab.focus" subsystem="tab" outcome="ok" workspace_id="wA" tab_id="wA:t1"
2026-09-23T16:50:30.607254Z  INFO herdr::logging: workspace focused event="workspace.focus" subsystem="workspace" outcome="ok" workspace_id="wA"
2026-09-23T16:50:30.607261Z  INFO herdr::logging: tab focused event="tab.focus" subsystem="tab" outcome="ok" workspace_id="wA" tab_id="wA:t1"
2026-09-23T16:50:31.313489Z  INFO herdr::logging: workspace focused event="workspace.focus" subsystem="workspace" outcome="ok" workspace_id="w6"
2026-09-23T16:50:31.313730Z  INFO herdr::logging: tab focused event="tab.focus" subsystem="tab" outcome="ok" workspace_id="w6" tab_id="w6:t1"
2026-09-23T16:50:31.313847Z  INFO herdr::logging: workspace focused event="workspace.focus" subsystem="workspace" outcome="ok" workspace_id="w6"
2026-09-23T16:50:31.313868Z  INFO herdr::logging: tab focused event="tab.focus" subsystem="tab" outcome="ok" workspace_id="w6" tab_id="w6:t1"
2026-09-23T16:50:33.151504Z  INFO herdr::logging: spawning pane terminal event="pane.spawn.start" subsystem="pane" outcome="started" pane_id=41 rows=61 cols=105 scrollback_limit_bytes=10000000
2026-09-23T16:50:33.185850Z  INFO herdr::logging: pane child spawned event="pane.spawned" subsystem="pane" outcome="ok" pane_id=41 pid=18309
2026-09-23T16:50:33.192226Z  INFO herdr::logging: workspace created event="workspace.create" subsystem="workspace" outcome="ok" workspace_id="wD" pane_id=41
2026-09-23T16:50:33.192397Z  INFO herdr::logging: workspace focused event="workspace.focus" subsystem="workspace" outcome="ok" workspace_id="wD"
2026-09-23T16:50:33.192421Z  INFO herdr::logging: tab focused event="tab.focus" subsystem="tab" outcome="ok" workspace_id="wD" tab_id="wD:t1"
2026-09-23T16:50:38.288292Z  INFO herdr::logging: session saved event="persist.save" subsystem="persist" outcome="ok" path=/Users/nathanchoi/.config/herdr/session.json workspaces=8
2026-10-02T04:39:20.118030Z  INFO herdr::server::headless::bootstrap: server using persistent user service context
2026-10-02T04:39:20.119086Z  INFO herdr::platform::macos: raised server file descriptor soft limit previous=256 target=8192
2026-10-02T04:39:20.119753Z  INFO herdr::api::server: api server listening path=/Users/b0kch01/.config/herdr/herdr.sock
2026-10-02T04:39:20.120686Z  INFO herdr::logging: spawning pane terminal event="pane.spawn.start" subsystem="pane" outcome="started" pane_id=1 rows=24 cols=80 scrollback_limit_bytes=10000000
2026-10-02T04:39:20.124203Z  INFO herdr::logging: pane child spawned event="pane.spawned" subsystem="pane" outcome="ok" pane_id=1 pid=66042
2026-10-02T04:39:20.124462Z  INFO herdr::logging: spawning pane terminal event="pane.spawn.start" subsystem="pane" outcome="started" pane_id=2 rows=24 cols=80 scrollback_limit_bytes=10000000
2026-10-02T04:39:20.127451Z  INFO herdr::logging: pane child spawned event="pane.spawned" subsystem="pane" outcome="ok" pane_id=2 pid=66043
2026-10-02T04:39:20.127656Z  INFO herdr::logging: spawning pane terminal event="pane.spawn.start" subsystem="pane" outcome="started" pane_id=3 rows=24 cols=80 scrollback_limit_bytes=10000000
2026-10-02T04:39:20.130684Z  INFO herdr::logging: pane child spawned event="pane.spawned" subsystem="pane" outcome="ok" pane_id=3 pid=66044
2026-10-02T04:39:20.130945Z  INFO herdr::logging: spawning pane terminal event="pane.spawn.start" subsystem="pane" outcome="started" pane_id=4 rows=24 cols=80 scrollback_limit_bytes=10000000
2026-10-02T04:39:20.133927Z  INFO herdr::logging: pane child spawned event="pane.spawned" subsystem="pane" outcome="ok" pane_id=4 pid=66046
2026-10-02T04:39:20.134172Z  INFO herdr::logging: session restore evaluated event="persist.restore" subsystem="persist" outcome="ok" workspaces=1
2026-10-02T04:39:20.134196Z  INFO herdr::app: using pane scrollback configuration pane_scrollback_limit_bytes=10000000
2026-10-02T04:39:20.170954Z  INFO herdr::logging: checking for updates event="update.check.start" subsystem="update" outcome="started"
2026-10-02T04:39:20.171525Z  INFO herdr::server::headless::bootstrap: restored session already has workspaces; ignoring startup cwd cwd=/Users/b0kch01
2026-10-02T04:39:20.171655Z  INFO herdr::server::headless: client protocol socket listening path=/Users/b0kch01/.config/herdr/herdr-client.sock
2026-10-02T04:39:20.171683Z  INFO herdr::server::headless::bootstrap: herdr server started api_socket=/Users/b0kch01/.config/herdr/herdr.sock client_socket=/Users/b0kch01/.config/herdr/herdr-client.sock
2026-10-02T04:39:20.171866Z  INFO herdr::logging: herdr starting event="app.startup" subsystem="server" outcome="started" pid=66041
2026-10-02T04:39:20.272380Z  INFO herdr::server::headless: client connected client_id=2 cols=130 rows=41 cell_width_px=14 cell_height_px=30 surface_active=true render_encoding=SemanticFrame
2026-10-02T04:39:20.303275Z  INFO herdr::logging: api request received event="api.request.start" subsystem="api" outcome="started" request_id="cli:workspace:rename" method="workspace.rename" changes_ui=true
2026-10-02T04:39:20.303361Z  INFO herdr::logging: workspace renamed event="workspace.rename" subsystem="workspace" outcome="ok" workspace_id="wM"
2026-10-02T04:39:20.304102Z  INFO herdr::logging: api request completed event="api.request.complete" subsystem="api" outcome="ok" request_id="cli:workspace:rename" method="workspace.rename"
2026-10-02T04:39:20.437391Z  INFO herdr::logging: api request received event="api.request.start" subsystem="api" outcome="started" request_id="cli:tab:rename" method="tab.rename" changes_ui=true
2026-10-02T04:39:20.437502Z  INFO herdr::logging: tab renamed event="tab.rename" subsystem="tab" outcome="ok" workspace_id="wM" tab_id="wM:t1"
2026-10-02T04:39:20.437910Z  INFO herdr::logging: api request completed event="api.request.complete" subsystem="api" outcome="ok" request_id="cli:tab:rename" method="tab.rename"
2026-10-02T04:39:20.516422Z  INFO herdr::logging: api request received event="api.request.start" subsystem="api" outcome="started" request_id="cli:tab:rename" method="tab.rename" changes_ui=true
2026-10-02T04:39:20.516515Z  INFO herdr::logging: tab renamed event="tab.rename" subsystem="tab" outcome="ok" workspace_id="wM" tab_id="wM:t4"
2026-10-02T04:39:20.516942Z  INFO herdr::logging: api request completed event="api.request.complete" subsystem="api" outcome="ok" request_id="cli:tab:rename" method="tab.rename"
2026-10-02T04:39:20.590460Z  INFO herdr::logging: api request received event="api.request.start" subsystem="api" outcome="started" request_id="cli:tab:rename" method="tab.rename" changes_ui=true
2026-10-02T04:39:20.590531Z  INFO herdr::logging: tab renamed event="tab.rename" subsystem="tab" outcome="ok" workspace_id="wM" tab_id="wM:t7"
2026-10-02T04:39:20.590932Z  INFO herdr::logging: api request completed event="api.request.complete" subsystem="api" outcome="ok" request_id="cli:tab:rename" method="tab.rename"
2026-10-02T04:39:20.659060Z  INFO herdr::logging: api request received event="api.request.start" subsystem="api" outcome="started" request_id="cli:tab:rename" method="tab.rename" changes_ui=true
2026-10-02T04:39:20.659129Z  INFO herdr::logging: tab renamed event="tab.rename" subsystem="tab" outcome="ok" workspace_id="wM" tab_id="wM:tA"
2026-10-02T04:39:20.659532Z  INFO herdr::logging: api request completed event="api.request.complete" subsystem="api" outcome="ok" request_id="cli:tab:rename" method="tab.rename"
2026-10-02T04:39:22.307494Z  INFO herdr::logging: tab focused event="tab.focus" subsystem="tab" outcome="ok" workspace_id="wM" tab_id="wM:t4"
2026-10-02T04:39:22.307579Z  INFO herdr::logging: tab focused event="tab.focus" subsystem="tab" outcome="ok" workspace_id="wM" tab_id="wM:t4"
2026-10-02T04:39:22.556461Z  INFO herdr::logging: tab focused event="tab.focus" subsystem="tab" outcome="ok" workspace_id="wM" tab_id="wM:t7"
2026-10-02T04:39:22.556504Z  INFO herdr::logging: tab focused event="tab.focus" subsystem="tab" outcome="ok" workspace_id="wM" tab_id="wM:t7"
2026-10-02T04:39:24.350641Z  INFO herdr::logging: pane child exited event="pane.exit" subsystem="pane" outcome="completed" pane_id=3 status="ExitStatus { code: 0, signal: None }"
2026-10-02T04:39:24.351769Z  INFO herdr::pane: pane session terminated pane=3 pid=66044 signal=Hangup
2026-10-02T04:39:24.601458Z  INFO herdr::logging: api request received event="api.request.start" subsystem="api" outcome="started" request_id="cli:tab:rename" method="tab.rename" changes_ui=true
2026-10-02T04:39:24.601544Z  INFO herdr::logging: tab renamed event="tab.rename" subsystem="tab" outcome="ok" workspace_id="wM" tab_id="wM:tA"
2026-10-02T04:39:24.601967Z  INFO herdr::logging: api request completed event="api.request.complete" subsystem="api" outcome="ok" request_id="cli:tab:rename" method="tab.rename"
2026-10-02T04:39:25.201032Z  INFO herdr::logging: spawning pane terminal event="pane.spawn.start" subsystem="pane" outcome="started" pane_id=5 rows=41 cols=130 scrollback_limit_bytes=10000000
2026-10-02T04:39:25.209616Z  INFO herdr::logging: pane child spawned event="pane.spawned" subsystem="pane" outcome="ok" pane_id=5 pid=67592
2026-10-02T04:39:25.209983Z  INFO herdr::logging: tab focused event="tab.focus" subsystem="tab" outcome="ok" workspace_id="wM" tab_id="wM:tB"
2026-10-02T04:39:25.497908Z  INFO herdr::logging: api request received event="api.request.start" subsystem="api" outcome="started" request_id="cli:tab:rename" method="tab.rename" changes_ui=true
2026-10-02T04:39:25.497982Z  INFO herdr::logging: tab renamed event="tab.rename" subsystem="tab" outcome="ok" workspace_id="wM" tab_id="wM:tB"
2026-10-02T04:39:25.498384Z  INFO herdr::logging: api request completed event="api.request.complete" subsystem="api" outcome="ok" request_id="cli:tab:rename" method="tab.rename"
2026-10-02T04:39:26.552572Z  INFO herdr::logging: pane child exited event="pane.exit" subsystem="pane" outcome="completed" pane_id=5 status="ExitStatus { code: 0, signal: None }"
2026-10-02T04:39:26.553277Z  INFO herdr::pane: pane session terminated pane=5 pid=67592 signal=Hangup
2026-10-02T04:39:27.258111Z  INFO herdr::logging: tab focused event="tab.focus" subsystem="tab" outcome="ok" workspace_id="wM" tab_id="wM:t4"
2026-10-02T04:39:27.258294Z  INFO herdr::logging: tab focused event="tab.focus" subsystem="tab" outcome="ok" workspace_id="wM" tab_id="wM:t4"
2026-10-02T04:39:27.993160Z  INFO herdr::logging: tab focused event="tab.focus" subsystem="tab" outcome="ok" workspace_id="wM" tab_id="wM:t1"
2026-10-02T04:39:27.993289Z  INFO herdr::logging: tab focused event="tab.focus" subsystem="tab" outcome="ok" workspace_id="wM" tab_id="wM:t1"
2026-10-02T04:39:32.999383Z  INFO herdr::logging: session saved event="persist.save" subsystem="persist" outcome="ok" path=/Users/b0kch01/.config/herdr/session.json workspaces=1
2026-10-02T04:39:37.918023Z  INFO herdr::logging: api request received event="api.request.start" subsystem="api" outcome="started" request_id="cli:workspace:rename" method="workspace.rename" changes_ui=true
2026-10-02T04:39:37.918131Z  INFO herdr::logging: workspace renamed event="workspace.rename" subsystem="workspace" outcome="ok" workspace_id="wM"
2026-10-02T04:39:37.918608Z  INFO herdr::logging: api request completed event="api.request.complete" subsystem="api" outcome="ok" request_id="cli:workspace:rename" method="workspace.rename"
2026-10-02T04:39:38.210507Z  INFO herdr::logging: api request received event="api.request.start" subsystem="api" outcome="started" request_id="cli:tab:rename" method="tab.rename" changes_ui=true
2026-10-02T04:39:38.210598Z  INFO herdr::logging: tab renamed event="tab.rename" subsystem="tab" outcome="ok" workspace_id="wM" tab_id="wM:t4"
2026-10-02T04:39:38.211052Z  INFO herdr::logging: api request completed event="api.request.complete" subsystem="api" outcome="ok" request_id="cli:tab:rename" method="tab.rename"
2026-10-02T04:39:38.286423Z  INFO herdr::logging: api request received event="api.request.start" subsystem="api" outcome="started" request_id="cli:tab:rename" method="tab.rename" changes_ui=true
2026-10-02T04:39:38.286502Z  INFO herdr::logging: tab renamed event="tab.rename" subsystem="tab" outcome="ok" workspace_id="wM" tab_id="wM:tA"
2026-10-02T04:39:38.286905Z  INFO herdr::logging: api request completed event="api.request.complete" subsystem="api" outcome="ok" request_id="cli:tab:rename" method="tab.rename"
2026-10-02T04:39:42.840819Z  INFO herdr::logging: api request received event="api.request.start" subsystem="api" outcome="started" request_id="cli:tab:rename" method="tab.rename" changes_ui=true
2026-10-02T04:39:42.840902Z  INFO herdr::logging: tab renamed event="tab.rename" subsystem="tab" outcome="ok" workspace_id="wM" tab_id="wM:t1"
2026-10-02T04:39:42.841338Z  INFO herdr::logging: api request completed event="api.request.complete" subsystem="api" outcome="ok" request_id="cli:tab:rename" method="tab.rename"
2026-10-02T04:39:47.849444Z  INFO herdr::logging: session saved event="persist.save" subsystem="persist" outcome="ok" path=/Users/b0kch01/.config/herdr/session.json workspaces=1
